title,year,cast,genres,extract,url,release_date,critic_score,audience_score,cast_size,cast_group
thegrudge,2020,"Andrea Riseborough, Demián Bichir, John Cho, Betty Gilpin, Lin Shaye, Jacki Weaver","['Horror', 'Supernatural']","The Grudge is a 2020 American psychological supernatural horror film written and directed by Nicolas Pesce. Originally announced as a reboot of the 2004 American remake and the original 2002 Japanese horror film Ju-On: The Grudge, the film ended up taking place before and during the events of the 2004 film and its two direct sequels, and is the fourth installment in the American The Grudge film series. The film stars Andrea Riseborough, Demián Bichir, John Cho, Betty Gilpin, Lin Shaye, and Jacki Weaver, and follows a police officer who investigates several murders that are seemingly connected to a single house.",https://www.rottentomatoes.com/m/the_grudge,"Released Oct 22, 2004",41.0,46.0,6,Medium
thegrudge,2020,"Andrea Riseborough, Demián Bichir, John Cho, Betty Gilpin, Lin Shaye, Jacki Weaver","['Horror', 'Supernatural']","The Grudge is a 2020 American psychological supernatural horror film written and directed by Nicolas Pesce. Originally announced as a reboot of the 2004 American remake and the original 2002 Japanese horror film Ju-On: The Grudge, the film ended up taking place before and during the events of the 2004 film and its two direct sequels, and is the fourth installment in the American The Grudge film series. The film stars Andrea Riseborough, Demián Bichir, John Cho, Betty Gilpin, Lin Shaye, and Jacki Weaver, and follows a police officer who investigates several murders that are seemingly connected to a single house.",https://www.rottentomatoes.com/m/grudge,"Released Oct 22, 2004",41.0,46.0,6,Medium
thegrudge,2020,"Andrea Riseborough, Demián Bichir, John Cho, Betty Gilpin, Lin Shaye, Jacki Weaver","['Horror', 'Supernatural']","The Grudge is a 2020 American psychological supernatural horror film written and directed by Nicolas Pesce. Originally announced as a reboot of the 2004 American remake and the original 2002 Japanese horror film Ju-On: The Grudge, the film ended up taking place before and during the events of the 2004 film and its two direct sequels, and is the fourth installment in the American The Grudge film series. The film stars Andrea Riseborough, Demián Bichir, John Cho, Betty Gilpin, Lin Shaye, and Jacki Weaver, and follows a police officer who investigates several murders that are seemingly connected to a single house.",https://www.rottentomatoes.com/m/the_grudge,"Released Oct 22, 2004",41.0,46.0,6,Medium
thegrudge,2020,"Andrea Riseborough, Demián Bichir, John Cho, Betty Gilpin, Lin Shaye, Jacki Weaver","['Horror', 'Supernatural']","The Grudge is a 2020 American psychological supernatural horror film written and directed by Nicolas Pesce. Originally announced as a reboot of the 2004 American remake and the original 2002 Japanese horror film Ju-On: The Grudge, the film ended up taking place before and during the events of the 2004 film and its two direct sequels, and is the fourth installment in the American The Grudge film series. The film stars Andrea Riseborough, Demián Bichir, John Cho, Betty Gilpin, Lin Shaye, and Jacki Weaver, and follows a police officer who investigates several murders that are seemingly connected to a single house.",https://www.rottentomatoes.com/m/grudge,"Released Oct 22, 2004",41.0,46.0,6,Medium
underwater,2020,"Kristen Stewart, Vincent Cassel, Jessica Henwick, John Gallagher Jr., Mamoudou Athie, T.J. Miller","['Action', 'Horror', 'Science Fiction']","Underwater is a 2020 American science fiction action horror film directed by William Eubank. The film stars Kristen Stewart, Vincent Cassel, Jessica Henwick, John Gallagher Jr., Mamoudou Athie, and T.J. Miller.",https://www.rottentomatoes.com/m/underwater,1955,,14.0,6,Medium
likeaboss,2020,"Tiffany Haddish, Rose Byrne, Salma Hayek, Jennifer Coolidge, Billy Porter",['Comedy'],"Like a Boss is a 2020 American comedy film directed by Miguel Arteta, written by Sam Pitman and Adam Cole-Kelly, and starring Tiffany Haddish, Rose Byrne, and Salma Hayek. The plot follows two friends who attempt to take back control of their cosmetics company from an industry titan.",https://www.rottentomatoes.com/m/like_a_boss,"Released Jan 10, 2020",22.0,65.0,5,Medium
threechrists,2020,"Richard Gere, Peter Dinklage, Walton Goggins, Bradley Whitford",['Drama'],"Three Christs, also known as State of Mind, is a 2017 American drama film directed, co-produced, and co-written by Jon Avnet and based on Milton Rokeach's nonfiction book The Three Christs of Ypsilanti. It screened in the Gala Presentations section at the 2017 Toronto International Film Festival. The film is also known as: Three Christs of Ypsilanti, The Three Christs of Ypsilanti, Three Christs of Santa Monica, and The Three Christs of Santa Monica.",https://www.rottentomatoes.com/m/three_christs,"Released Jan 10, 2020",43.0,67.0,4,Medium
inherittheviper,2020,"Josh Hartnett, Margarita Levieva, Chandler Riggs, Bruce Dern, Owen Teague","['Crime', 'Drama']","Inherit the Viper is a 2019 American crime drama film directed by Anthony Jerjen, in his feature directorial debut, from a screenplay by Andrew Crabtree. It stars Josh Hartnett, Margarita Levieva, Chandler Riggs, Bruce Dern, Valorie Curry, Owen Teague, and Dash Mihok.",https://www.rottentomatoes.com/m/inherit_the_viper,"Released Jan 10, 2020",45.0,41.0,5,Medium
thesonata,2020,"Freya Tingley, Simon Abkarian, Rutger Hauer, James Faulkner","['Mystery', 'Thriller']","The Sonata is a 2018 mystery thriller film, directed by Andrew Desmond, from a screenplay by Desmond and Arthur Morin. It stars Freya Tingley, Simon Abkarian, James Faulkner, Rutger Hauer, Matt Barber and James Kermack. It was released in the United States on January 10, 2020, by Screen Media Films. It grossed $146,595 at the box office and received mixed reviews from critics.",https://www.rottentomatoes.com/m/the_sonata,2018,48.0,65.0,4,Medium
themurderofnicolebrownsimpson,2020,"Mena Suvari, Nick Stahl, Taryn Manning","['Crime', 'Horror']","The Murder of Nicole Brown Simpson is a 2019 American crime horror film directed by Daniel Farrands. The film is loosely based on the murder of Nicole Brown Simpson, presenting a version of events in which Brown Simpson is murdered by serial killer Glen Edward Rogers, and not by O. J. Simpson, her ex-husband and the primary suspect in the case. Though Mena Suvari's performance as Nicole Brown was praised, the film was panned by critics.",https://www.rottentomatoes.com/m/the_murder_of_nicole_brown_simpson,"Released Jan 10, 2020",0.0,5.0,3,Small
badboysforlife,2020,"Will Smith, Martin Lawrence, Vanessa Hudgens, Alexander Ludwig, Charles Melton, Paola Núñez, Kate del Castillo, Nicky Jam, Joe Pantoliano","['Action', 'Comedy']","Bad Boys for Life is a 2020 American buddy cop action comedy film directed by Adil & Bilall. It is the sequel to Bad Boys II (2003) and the third installment in the Bad Boys franchise. Will Smith, Martin Lawrence, Joe Pantoliano and Theresa Randle reprise their roles in the film and are joined by Paola Núñez, Vanessa Hudgens, Jacob Scipio, Alexander Ludwig, Charles Melton, Kate del Castillo and Nicky Jam. The film was produced by Smith, Jerry Bruckheimer, and Doug Belgrad, with a screenplay written by Chris Bremner, Peter Craig and Joe Carnahan. In Bad Boys for Life, Miami detectives Mike Lowrey and Marcus Burnett investigate a string of murders tied to Lowrey's troubled past.",https://www.rottentomatoes.com/m/bad_boys_for_life,"Released Jan 17, 2020",75.0,96.0,9,Medium
badboysforlife,2020,"Will Smith, Martin Lawrence, Vanessa Hudgens, Alexander Ludwig, Charles Melton, Paola Núñez, Kate del Castillo, Nicky Jam, Joe Pantoliano","['Action', 'Comedy']","Bad Boys for Life is a 2020 American buddy cop action comedy film directed by Adil & Bilall. It is the sequel to Bad Boys II (2003) and the third installment in the Bad Boys franchise. Will Smith, Martin Lawrence, Joe Pantoliano and Theresa Randle reprise their roles in the film and are joined by Paola Núñez, Vanessa Hudgens, Jacob Scipio, Alexander Ludwig, Charles Melton, Kate del Castillo and Nicky Jam. The film was produced by Smith, Jerry Bruckheimer, and Doug Belgrad, with a screenplay written by Chris Bremner, Peter Craig and Joe Carnahan. In Bad Boys for Life, Miami detectives Mike Lowrey and Marcus Burnett investigate a string of murders tied to Lowrey's troubled past.",https://www.rottentomatoes.com/m/bad_boys_for_life,"Released Jan 17, 2020",75.0,96.0,9,Medium
dolittle,2020,"Robert Downey Jr., Antonio Banderas, Michael Sheen, Emma Thompson, Rami Malek, John Cena, Kumail Nanjiani, Octavia Spencer, Tom Holland, Craig Robinson, Ralph Fiennes, Selena Gomez, Marion Cotillard","['Adventure', 'Fantasy']","Dolittle is a 2020 American fantasy adventure film directed by Stephen Gaghan from a screenplay by Gaghan, Dan Gregor, and Doug Mand, based on a story by Thomas Shepherd. Dolittle is based on the title character created by Hugh Lofting and is primarily inspired by the author's second Doctor Dolittle book, The Voyages of Doctor Dolittle (1922). Robert Downey Jr. stars as the title character, alongside Antonio Banderas and Michael Sheen in live-action roles, with Emma Thompson, Rami Malek, John Cena, Kumail Nanjiani, Octavia Spencer, Tom Holland, Craig Robinson, Ralph Fiennes, Selena Gomez, and Marion Cotillard voicing an array of creatures.",https://www.rottentomatoes.com/m/dolittle,"Released Jan 17, 2020",15.0,76.0,13,Medium
dolittle,2020,"Robert Downey Jr., Antonio Banderas, Michael Sheen, Emma Thompson, Rami Malek, John Cena, Kumail Nanjiani, Octavia Spencer, Tom Holland, Craig Robinson, Ralph Fiennes, Selena Gomez, Marion Cotillard","['Adventure', 'Fantasy']","Dolittle is a 2020 American fantasy adventure film directed by Stephen Gaghan from a screenplay by Gaghan, Dan Gregor, and Doug Mand, based on a story by Thomas Shepherd. Dolittle is based on the title character created by Hugh Lofting and is primarily inspired by the author's second Doctor Dolittle book, The Voyages of Doctor Dolittle (1922). Robert Downey Jr. stars as the title character, alongside Antonio Banderas and Michael Sheen in live-action roles, with Emma Thompson, Rami Malek, John Cena, Kumail Nanjiani, Octavia Spencer, Tom Holland, Craig Robinson, Ralph Fiennes, Selena Gomez, and Marion Cotillard voicing an array of creatures.",https://www.rottentomatoes.com/m/dolittle,"Released Jan 17, 2020",15.0,76.0,13,Medium
afallfromgrace,2020,"Crystal R. Fox, Phylicia Rashad, Bresha Webb, Mehcad Brooks, Cicely Tyson, Tyler Perry",['Thriller'],"A Fall from Grace is a 2020 American thriller film produced, written, and directed by Tyler Perry and his first to be released by Netflix. The film follows a woman who finds a dangerous new love and the novice attorney who defends her in a sensational court case. This was the final film of actor Cicely Tyson before her death in January 2021.",https://www.rottentomatoes.com/m/a_fall_from_grace,2019,20.0,,6,Medium
thegentlemen,2020,"Matthew McConaughey, Charlie Hunnam, Henry Golding, Michelle Dockery, Jeremy Strong, Eddie Marsan, Colin Farrell, Hugh Grant","['Action', 'Comedy']","The Gentlemen is a 2019 action comedy film written, directed and produced by Guy Ritchie, who developed the story along with Ivan Atkinson and Marn Davies. The film stars Matthew McConaughey, Charlie Hunnam, Henry Golding, Michelle Dockery, Jeremy Strong, Eddie Marsan, Colin Farrell, and Hugh Grant. It follows an American cannabis wholesaler in England who is looking to sell his business, setting off a chain of blackmail and schemes to undermine him.",https://www.rottentomatoes.com/m/the_gentlemen,"Released Jan 24, 2020",75.0,84.0,8,Medium
theturning,2020,"Mackenzie Davis, Finn Wolfhard, Brooklynn Prince, Joely Richardson","['Horror', 'Supernatural']","The Turning is a 2020 American gothic supernatural horror film directed by Floria Sigismondi and written by Carey W. Hayes and Chad Hayes. It is a modern adaptation of the 1898 ghost story The Turn of the Screw by Henry James. It stars Mackenzie Davis, Finn Wolfhard, Brooklynn Prince, and Joely Richardson, and follows a young governess in 1994 who is hired to watch over two children after their parents are killed.",https://www.rottentomatoes.com/m/the_turning,2013,86.0,54.0,4,Medium
theturning,2020,"Mackenzie Davis, Finn Wolfhard, Brooklynn Prince, Joely Richardson","['Horror', 'Supernatural']","The Turning is a 2020 American gothic supernatural horror film directed by Floria Sigismondi and written by Carey W. Hayes and Chad Hayes. It is a modern adaptation of the 1898 ghost story The Turn of the Screw by Henry James. It stars Mackenzie Davis, Finn Wolfhard, Brooklynn Prince, and Joely Richardson, and follows a young governess in 1994 who is hired to watch over two children after their parents are killed.",https://www.rottentomatoes.com/m/turning,1992,,0.0,4,Medium
thelastfullmeasure,2020,"Sebastian Stan, Christopher Plummer, William Hurt, Ed Harris, Samuel L. Jackson, Peter Fonda, LisaGay Hamilton, Jeremy Irvine, Diane Ladd, Amy Madigan, John Savage, Bradley Whitford","['Drama', 'War']","The Last Full Measure is a 2019 American war drama film written and directed by Todd Robinson. It follows the efforts of fictional Pentagon staffer Scott Huffman and many veterans to see the Medal of Honor awarded to William H. Pitsenbarger, a United States Air Force Pararescueman who flew in helicopter rescue missions during the Vietnam War to aid downed soldiers and pilots. Based on true events, the film stars Sebastian Stan, Christopher Plummer, William Hurt, Ed Harris, Samuel L. Jackson, Jeremy Irvine, and Peter Fonda. It was the final film appearance of Fonda, who died before the film’s release; and Plummer's final on screen appearance before his death in 2021, though it had filmed prior to Knives Out which was released before it.",https://www.rottentomatoes.com/m/the_last_full_measure,"Released Jan 24, 2020",61.0,96.0,12,Medium
therhythmsection,2020,"Blake Lively, Jude Law, Sterling K. Brown","['Action', 'Thriller']","The Rhythm Section is a 2020 action thriller film directed by Reed Morano and with a screenplay by Mark Burnell based on his novel of the same name. Starring Blake Lively, Jude Law and Sterling K. Brown, and follows a grieving woman who seeks revenge after discovering that the plane crash that killed her family was a terrorist attack.",https://www.rottentomatoes.com/m/the_rhythm_section,"Released Jan 31, 2020",29.0,44.0,3,Small
therhythmsection,2020,"Blake Lively, Jude Law, Sterling K. Brown","['Action', 'Thriller']","The Rhythm Section is a 2020 action thriller film directed by Reed Morano and with a screenplay by Mark Burnell based on his novel of the same name. Starring Blake Lively, Jude Law and Sterling K. Brown, and follows a grieving woman who seeks revenge after discovering that the plane crash that killed her family was a terrorist attack.",https://www.rottentomatoes.com/m/rhythm_section,"Released Jan 31, 2020",29.0,44.0,3,Small
gretelhansel,2020,"Sophia Lillis, Sammy Leakey, Charles Babalola, Jessica De Gouw, Alice Krige","['Fantasy', 'Horror']","Gretel & Hansel is a 2020 dark fantasy horror film based on the German folklore tale ""Hansel and Gretel"" by the Brothers Grimm. The film is directed by Oz Perkins, and produced by Fred Berger, Brian Kavanaugh-Jones, and Dan Kagan, with a screenplay by Rob Hayes. Sophia Lillis and Sam Leakey portray the titular characters, alongside Alice Krige and Jessica De Gouw. The story follows Gretel and Hansel as they enter the dark woods in order to find work and food, and then stumble upon the home of a witch.",https://www.rottentomatoes.com/m/gretel_and_hansel,"Released Jan 31, 2020",62.0,23.0,5,Medium
theassistant,2020,"Julia Garner, Matthew Macfadyen",['Drama'],"The Assistant is a 2019 American drama film written, directed, produced, and edited by Kitty Green. The film stars Julia Garner as a junior assistant at a film production company. Matthew Macfadyen, Makenzie Leigh, Kristine Froseth, Jon Orsini, and Noah Robbins also star.",https://www.rottentomatoes.com/m/the_assistant,1997,,,2,Small
theassistant,2020,"Julia Garner, Matthew Macfadyen",['Drama'],"The Assistant is a 2019 American drama film written, directed, produced, and edited by Kitty Green. The film stars Julia Garner as a junior assistant at a film production company. Matthew Macfadyen, Makenzie Leigh, Kristine Froseth, Jon Orsini, and Noah Robbins also star.",https://www.rottentomatoes.com/m/assistant,1997,,,2,Small
birdsofprey,2020,"Margot Robbie, Mary Elizabeth Winstead, Jurnee Smollett-Bell, Rosie Perez, Chris Messina, Ella Jay Basco, Ali Wong, Ewan McGregor",['Superhero'],"Birds of Prey (and the Fantabulous Emancipation of One Harley Quinn), also known as Harley Quinn: Birds of Prey or simply Birds of Prey, is a 2020 American superhero film directed by Cathy Yan and written by Christina Hodson, based on the DC Comics team, the Birds of Prey. Produced by Warner Bros., DC Films, LuckyChap Entertainment, Clubhouse Pictures, and Kroll & Co. Entertainment, it is the eighth installment in the DC Extended Universe (DCEU), and serves as a spin-off and sequel to Suicide Squad (2016). It stars Margot Robbie as Harley Quinn alongside Mary Elizabeth Winstead, Jurnee Smollett-Bell, Rosie Perez, Chris Messina, Ella Jay Basco, Ali Wong, and Ewan McGregor. The film follows Harley Quinn, who, after breaking up with the Joker, is threatened by Gotham City crime lord Roman Sionis, and joins forces with Helena Bertinelli, Dinah Lance and Renee Montoya (who go on to form the Birds of Prey) to save Cassandra Cain.",https://www.rottentomatoes.com/m/birds_of_prey,1985,,,8,Medium
birdsofprey,2020,"Margot Robbie, Mary Elizabeth Winstead, Jurnee Smollett-Bell, Rosie Perez, Chris Messina, Ella Jay Basco, Ali Wong, Ewan McGregor",['Superhero'],"Birds of Prey (and the Fantabulous Emancipation of One Harley Quinn), also known as Harley Quinn: Birds of Prey or simply Birds of Prey, is a 2020 American superhero film directed by Cathy Yan and written by Christina Hodson, based on the DC Comics team, the Birds of Prey. Produced by Warner Bros., DC Films, LuckyChap Entertainment, Clubhouse Pictures, and Kroll & Co. Entertainment, it is the eighth installment in the DC Extended Universe (DCEU), and serves as a spin-off and sequel to Suicide Squad (2016). It stars Margot Robbie as Harley Quinn alongside Mary Elizabeth Winstead, Jurnee Smollett-Bell, Rosie Perez, Chris Messina, Ella Jay Basco, Ali Wong, and Ewan McGregor. The film follows Harley Quinn, who, after breaking up with the Joker, is threatened by Gotham City crime lord Roman Sionis, and joins forces with Helena Bertinelli, Dinah Lance and Renee Montoya (who go on to form the Birds of Prey) to save Cassandra Cain.",https://www.rottentomatoes.com/m/birds_of_prey,1985,,,8,Medium
thelodge,2020,"Riley Keough, Jaeden Martell, Lia McHugh, Richard Armitage, Alicia Silverstone",['Horror'],"The Lodge is a 2019 psychological horror film directed by Veronika Franz and Severin Fiala, written by Franz, Fiala, and Sergio Casci, and starring Riley Keough, Jaeden Martell, Lia McHugh, Alicia Silverstone, and Richard Armitage. Its plot follows a soon-to-be stepmother who, alone with her fiancé's two children, becomes stranded at their rural lodge during Christmas. There, she and the children experience a number of unexplained events that seem to be connected to her past.",https://www.rottentomatoes.com/m/the_lodge,"Released Feb 7, 2020",75.0,51.0,5,Medium
thelodge,2020,"Riley Keough, Jaeden Martell, Lia McHugh, Richard Armitage, Alicia Silverstone",['Horror'],"The Lodge is a 2019 psychological horror film directed by Veronika Franz and Severin Fiala, written by Franz, Fiala, and Sergio Casci, and starring Riley Keough, Jaeden Martell, Lia McHugh, Alicia Silverstone, and Richard Armitage. Its plot follows a soon-to-be stepmother who, alone with her fiancé's two children, becomes stranded at their rural lodge during Christmas. There, she and the children experience a number of unexplained events that seem to be connected to her past.",https://www.rottentomatoes.com/m/lodge,2008,,13.0,5,Medium
timmyfailuremistakesweremade,2020,"Winslow Fegley, Ophelia Lovibond, Craig Robinson, Wallace Shawn","['Adventure', 'Comedy', 'Drama', 'Family', 'Fantasy']","Timmy Failure: Mistakes Were Made is a 2020 American adventure fantasy comedy-drama family film based on the book series of the same name by Stephan Pastis that debuted on Disney+ on February 7, 2020. The film is directed by Tom McCarthy, produced by Alexander Dostal, McCarthy and Jim Whitaker from a screenplay written by McCarthy and Pastis and stars Winslow Fegley, Ophelia Lovibond, Craig Robinson and Wallace Shawn.",https://www.rottentomatoes.com/m/timmy_failure_mistakes_were_made,2020,85.0,60.0,4,Medium
horsegirl,2020,"Alison Brie, Debby Ryan, John Paul Reynolds, Molly Shannon, John Ortiz, Paul Reiser",['Drama'],"Horse Girl is a 2020 American psychological drama film directed and produced by Jeff Baena, from a screenplay written by Baena and Alison Brie. It stars Brie, Debby Ryan, John Reynolds, Molly Shannon, John Ortiz, and Paul Reiser.",https://www.rottentomatoes.com/m/horse_girl,2020,71.0,48.0,6,Medium
toalltheboyspsistillloveyou,2020,"Lana Condor, Noah Centineo, Jordan Fisher, Anna Cathcart, John Corbett","['Comedy', 'Teen', 'Romance']","To All the Boys: P.S. I Still Love You is a 2020 American teen romantic comedy film directed by Michael Fimognari and written by Sofia Alvarez and J. Mills Goodloe. The film stars Lana Condor, Noah Centineo, Janel Parrish, Anna Cathcart, Trezzo Mahoro, Madeleine Arthur, Emilija Baranac, Kelcey Mawema, Jordan Fisher, Ross Butler, Julie Tao, Sarayu Blue, John Corbett, and Holland Taylor. The film is based on Jenny Han's 2015 novel P.S. I Still Love You.",https://www.rottentomatoes.com/m/to_all_the_boys_ps_i_still_love_you,2020,77.0,41.0,5,Medium
sonicthehedgehog,2020,"James Marsden, Ben Schwartz, Tika Sumpter, Natasha Rothwell, Adam Pally, Neal McDonough, Jim Carrey","['Action', 'Adventure', 'Comedy']","Sonic the Hedgehog is a 2020 action-adventure comedy film based on the video game series published by Sega. Directed by Jeff Fowler and written by Pat Casey and Josh Miller, it stars Ben Schwartz as the voice of Sonic the Hedgehog, alongside Jim Carrey and James Marsden, with supporting roles by Tika Sumpter, Natasha Rothwell, Adam Pally, Lee Majdoub and Neal McDonough. The film follows Sonic, a blue anthropomorphic hedgehog who can run at supersonic speeds. He teams up with a town sheriff, Tom Wachowski (Marsden), to stop the mad scientist Dr. Robotnik (Carrey).",https://www.rottentomatoes.com/m/sonic_the_hedgehog,2020,,90.0,7,Medium
sonicthehedgehog,2020,"James Marsden, Ben Schwartz, Tika Sumpter, Natasha Rothwell, Adam Pally, Neal McDonough, Jim Carrey","['Action', 'Adventure', 'Comedy']","Sonic the Hedgehog is a 2020 action-adventure comedy film based on the video game series published by Sega. Directed by Jeff Fowler and written by Pat Casey and Josh Miller, it stars Ben Schwartz as the voice of Sonic the Hedgehog, alongside Jim Carrey and James Marsden, with supporting roles by Tika Sumpter, Natasha Rothwell, Adam Pally, Lee Majdoub and Neal McDonough. The film follows Sonic, a blue anthropomorphic hedgehog who can run at supersonic speeds. He teams up with a town sheriff, Tom Wachowski (Marsden), to stop the mad scientist Dr. Robotnik (Carrey).",https://www.rottentomatoes.com/m/sonic_the_hedgehog,2020,,90.0,7,Medium
fantasyisland,2020,"Michael Peña, Maggie Q, Lucy Hale, Austin Stowell, Portia Doubleday, Jimmy O. Yang, Ryan Hansen, Michael Rooker","['Horror', 'Supernatural']","Fantasy Island, also known as Blumhouse's Fantasy Island, is a 2020 American supernatural horror film directed and co-written by Jeff Wadlow. Serving both as a horror reimagining and a prequel to ABC's 1977 television series of the same name, it stars Michael Peña, Maggie Q, Lucy Hale, Austin Stowell, Jimmy O. Yang, Ryan Hansen, Portia Doubleday, and Michael Rooker and follows a group of people who, while visiting the eponymous island, discover that their dream-like fantasies brought to life begin to turn into horrific living nightmares and they must try to survive.",https://www.rottentomatoes.com/m/fantasy_island,1977,,82.0,8,Medium
thephotograph,2020,"Issa Rae, Lakeith Stanfield, Chelsea Peretti, Lil Rel Howery, Courtney B. Vance","['Drama', 'Romance']","The Photograph is a 2020 American romantic drama film written and directed by Stella Meghie. It follows the estranged daughter of a famous photographer who falls in love with the journalist who is investigating her late mother's life. Chelsea Peretti, Lil Rel Howery and Courtney B. Vance also star.",https://www.rottentomatoes.com/m/the_photograph,2007,,60.0,5,Medium
downhill,2020,"Julia Louis-Dreyfus, Will Ferrell, Miranda Otto, Zoë Chao, Zach Woods","['Comedy', 'Drama']","Downhill is a 2020 American black comedy-drama film directed by Nat Faxon and Jim Rash, who also co-wrote the script with Jesse Armstrong. The film is a remake of Force Majeure (2014) by Swedish director Ruben Östlund. It stars Julia Louis-Dreyfus and Will Ferrell as a married couple going through a rough patch after a near-death encounter during a family ski outing.",https://www.rottentomatoes.com/m/downhill,2014,89.0,62.0,5,Medium
spyintervention,2020,"Drew Van Acker, Poppy Delevingne, Natasha Bassett, Max Silvestri, Brittany Furlan, Blake Anderson","['Action', 'Comedy', 'Spy']","Spy Intervention is a 2020 American action comedy spy film directed by Drew Mylrea and written by Mark Famiglietti and Lane Garrison. The film stars Drew Van Acker, Poppy Delevingne and Blake Anderson.",https://www.rottentomatoes.com/m/spy_intervention,"Released Feb 14, 2020",33.0,48.0,6,Medium
thecallofthewild,2020,"Harrison Ford, Omar Sy, Cara Gee, Dan Stevens, Karen Gillan, Bradley Whitford",['Adventure'],"The Call of the Wild is a 2020 American adventure film based on Jack London's 1903 novel of the same name. Directed by Chris Sanders, in his live-action directorial debut, and his first film without a co-director, the film was written by Michael Green, and stars Harrison Ford, Omar Sy, Cara Gee, Dan Stevens, Karen Gillan, and Bradley Whitford. Set during the 1890s Klondike Gold Rush, the film follows a dog named Buck as he is stolen from his home in California and sent to the Yukon, where he befriends an old outdoorsman and begins a life-altering adventure.",https://www.rottentomatoes.com/m/the_call_of_the_wild,1908,,,6,Medium
thecallofthewild,2020,"Harrison Ford, Omar Sy, Cara Gee, Dan Stevens, Karen Gillan, Bradley Whitford",['Adventure'],"The Call of the Wild is a 2020 American adventure film based on Jack London's 1903 novel of the same name. Directed by Chris Sanders, in his live-action directorial debut, and his first film without a co-director, the film was written by Michael Green, and stars Harrison Ford, Omar Sy, Cara Gee, Dan Stevens, Karen Gillan, and Bradley Whitford. Set during the 1890s Klondike Gold Rush, the film follows a dog named Buck as he is stolen from his home in California and sent to the Yukon, where he befriends an old outdoorsman and begins a life-altering adventure.",https://www.rottentomatoes.com/m/the_call_of_the_wild,1908,,,6,Medium
thelastthinghewanted,2020,"Anne Hathaway, Ben Affleck, Rosie Perez, Edi Gathegi, Mel Rodriguez, Toby Jones, Willem Dafoe","['Political', 'Thriller']","The Last Thing He Wanted is a 2020 political thriller film directed by Dee Rees, based on the 1996 novel of the same name by Joan Didion, from a screenplay by Rees and Marco Villalobos. The film stars Anne Hathaway, Ben Affleck, Rosie Perez, Edi Gathegi, Mel Rodriguez, Toby Jones, and Willem Dafoe.",https://www.rottentomatoes.com/m/the_last_thing_he_wanted,"Released Feb 21, 2020",5.0,14.0,7,Medium
brahmstheboyii,2020,"Katie Holmes, Owain Yeoman, Christopher Convery, Ralph Ineson","['Horror', 'Supernatural']","Brahms: The Boy II is a 2020 American supernatural horror film starring Katie Holmes, Ralph Ineson, Christopher Convery and Owain Yeoman. A sequel to the 2016 film The Boy, it is directed by William Brent Bell and written by Stacey Menear, the respective director and writer of the original film.",https://www.rottentomatoes.com/m/brahms_the_boy_ii,"Released Feb 21, 2020",11.0,44.0,4,Medium
thenightclerk,2020,"Tye Sheridan, Ana de Armas, Helen Hunt, John Leguizamo","['Crime', 'Drama']","The Night Clerk is a 2020 American crime drama film, written and directed by Michael Cristofer. It stars Tye Sheridan, Ana de Armas, John Leguizamo and Helen Hunt, and follows a hotel night clerk who becomes the center of a murder investigation. The film was released on February 21, 2020, by Saban Films. On June 6, 2020, Netflix released the film on its platform. The film has received negative reviews from critics who criticized it for its lackluster story, deriative, and undeveloped characters; however, Sheridan's performance did receive praise.",https://www.rottentomatoes.com/m/the_night_clerk,2010,,49.0,4,Medium
impracticaljokersthemovie,2020,"Brian Quinn, Joe Gatto, Sal Vulcano, James Murray, Paula Abdul",['Comedy'],"Impractical Jokers: The Movie is a 2020 American reality comedy film directed by Chris Henchy, based on the truTV television series Impractical Jokers. The film stars Brian Quinn, James Murray, Sal Vulcano, and Joe Gatto, also known as The Tenderloins. It was theatrically released on February 21, 2020. The film received generally mixed reviews and was a box office success, grossing $10 million against a budget of $3 million.",https://www.rottentomatoes.com/m/impractical_jokers_the_movie,"Released Feb 28, 2020",35.0,76.0,5,Medium
theinvisibleman,2020,"Elisabeth Moss, Aldis Hodge, Storm Reid, Harriet Dyer, Michael Dorman, Oliver Jackson-Cohen","['Horror', 'Science Fiction']","The Invisible Man is a 2020 science fiction horror film written and directed by Leigh Whannell. Inspired by H. G. Wells' novel of the same name, it stars Elisabeth Moss as a woman who believes she is being stalked and gaslit by her seemingly deceased ex-boyfriend after he acquires the ability to become invisible. Aldis Hodge, Storm Reid, Harriet Dyer, and Michael Dorman appear in supporting roles.",https://www.rottentomatoes.com/m/the_invisible_man,1975,,,6,Medium
theinvisibleman,2020,"Elisabeth Moss, Aldis Hodge, Storm Reid, Harriet Dyer, Michael Dorman, Oliver Jackson-Cohen","['Horror', 'Science Fiction']","The Invisible Man is a 2020 science fiction horror film written and directed by Leigh Whannell. Inspired by H. G. Wells' novel of the same name, it stars Elisabeth Moss as a woman who believes she is being stalked and gaslit by her seemingly deceased ex-boyfriend after he acquires the ability to become invisible. Aldis Hodge, Storm Reid, Harriet Dyer, and Michael Dorman appear in supporting roles.",https://www.rottentomatoes.com/m/the_invisible_man,1975,,,6,Medium
allthebrightplaces,2020,"Elle Fanning, Justice Smith, Alexandra Shipp, Keegan-Michael Key, Luke Wilson","['Drama', 'Teen', 'Romance']","All the Bright Places is a 2020 American teen romantic drama film, directed by Brett Haley, from a screenplay by Jennifer Niven and Liz Hannah, adapted from the novel of the same name by Niven. It stars Elle Fanning, Justice Smith, Alexandra Shipp, Kelli O'Hara, Lamar Johnson, Virginia Gardner, Felix Mallard, Sofia Hasmik, Keegan-Michael Key, and Luke Wilson.",https://www.rottentomatoes.com/m/all_the_bright_places,2020,65.0,61.0,5,Medium
wendy,2020,"Tommie Lynn Milazzo, Shay Walker","['Drama', 'Fantasy']","Wendy is a 2020 American fantasy drama film directed by Benh Zeitlin, from a screenplay by Zeitlin and Eliza Zeitlin. The film stars Devin France, Yashua Mack, Gage Naquin, Gavin Naquin, Ahmad Cage, Krzysztof Meyn, and Romyri Ross. It is intended to be a re-imagining of J. M. Barrie's Peter Pan.",https://www.rottentomatoes.com/m/wendy,"Released Feb 28, 2020",42.0,75.0,2,Small
gunsakimbo,2020,"Daniel Radcliffe, Samara Weaving, Natasha Liu Bordizzo","['Action', 'Comedy']","Guns Akimbo is a 2019 action comedy film written and directed by Jason Lei Howden. It stars Daniel Radcliffe, Samara Weaving, Ned Dennehy, Natasha Liu Bordizzo, Grant Bowler, Edwin Wright, Rhys Darby, Milo Cawthorne, Richard Knowles, and Mark Rowley.",https://www.rottentomatoes.com/m/guns_akimbo,"Released Feb 28, 2020",52.0,40.0,3,Small
onward,2020,"Tom Holland, Chris Pratt, Julia Louis-Dreyfus, Octavia Spencer","['Adventure', 'Animated', 'Fantasy']","Onward is a 2020 American computer-animated urban fantasy adventure film produced by Pixar Animation Studios and distributed by Walt Disney Studios Motion Pictures. The film was directed by Dan Scanlon, produced by Kori Rae, and written by Scanlon, Jason Headley, and Keith Bunin. The film stars the voices of Tom Holland, Chris Pratt, Julia Louis-Dreyfus, and Octavia Spencer. Set in a suburban fantasy world for the modern day, the film follows two elf brothers named Ian and Barley Lightfoot who set out on a quest to find an artifact that will temporarily bring back their deceased father named Wilden (Bornheimer) for twenty-four hours before the time is up. Along the way, their journey is filled with cryptic maps, impossible obstacles and unimaginable discoveries.",https://www.rottentomatoes.com/m/onward,"Released Mar 6, 2020",88.0,95.0,4,Medium
onward,2020,"Tom Holland, Chris Pratt, Julia Louis-Dreyfus, Octavia Spencer","['Adventure', 'Animated', 'Fantasy']","Onward is a 2020 American computer-animated urban fantasy adventure film produced by Pixar Animation Studios and distributed by Walt Disney Studios Motion Pictures. The film was directed by Dan Scanlon, produced by Kori Rae, and written by Scanlon, Jason Headley, and Keith Bunin. The film stars the voices of Tom Holland, Chris Pratt, Julia Louis-Dreyfus, and Octavia Spencer. Set in a suburban fantasy world for the modern day, the film follows two elf brothers named Ian and Barley Lightfoot who set out on a quest to find an artifact that will temporarily bring back their deceased father named Wilden (Bornheimer) for twenty-four hours before the time is up. Along the way, their journey is filled with cryptic maps, impossible obstacles and unimaginable discoveries.",https://www.rottentomatoes.com/m/onward,"Released Mar 6, 2020",88.0,95.0,4,Medium
thewayback,2020,"Ben Affleck, Al Madrigal, Michaela Watkins, Janina Gavankar, Glynn Turman","['Drama', 'Sports']","The Way Back is a 2020 American sports drama film directed by Gavin O'Connor and written by Brad Ingelsby. It stars Ben Affleck, Al Madrigal, Michaela Watkins, and Janina Gavankar, and follows an alcoholic construction worker who is recruited to become head coach of the basketball team at the high school where he was a star.",https://www.rottentomatoes.com/m/the_way_back,"Released Jan 21, 2011",74.0,72.0,5,Medium
spenserconfidential,2020,"Mark Wahlberg, Winston Duke, Alan Arkin, Iliza Shlesinger, Bokeem Woodbine, Marc Maron, Austin Post","['Action', 'Comedy']","Spenser Confidential is a 2020 American action comedy film directed by Peter Berg and with a screenplay written by Sean O'Keefe and Brian Helgeland. The film stars Mark Wahlberg, Winston Duke, Alan Arkin, Iliza Shlesinger, Bokeem Woodbine, Donald Cerrone, Marc Maron, and Post Malone and marks the fifth collaboration between Wahlberg and Berg after Lone Survivor, Deepwater Horizon, Patriots Day, and Mile 22.",https://www.rottentomatoes.com/m/spenser_confidential,2020,36.0,51.0,7,Medium
thebanker,2020,"Anthony Mackie, Nicholas Hoult, Nia Long, Samuel L. Jackson","['Drama', 'Historical']","The Banker is a 2020 American period drama film directed, co-written and produced by George Nolfi. The film stars Anthony Mackie, Nicholas Hoult, Nia Long, Jessie T. Usher and Samuel L. Jackson. The story follows Joe Morris (Jackson) and Bernard Garrett (Mackie), two of the first African-American bankers in the United States.",https://www.rottentomatoes.com/m/banker,1989,,36.0,4,Medium
theburntorangeheresy,2020,"Claes Bang, Elizabeth Debicki, Mick Jagger, Donald Sutherland","['Crime', 'Thriller']","The Burnt Orange Heresy is a 2019 crime thriller film directed by Giuseppe Capotondi and with a screenplay by Scott Smith. The film is based on the book of the same name by Charles Willeford and stars Claes Bang, Elizabeth Debicki, Mick Jagger, and Donald Sutherland.",https://www.rottentomatoes.com/m/the_burnt_orange_heresy,"Released Mar 6, 2020",66.0,81.0,4,Medium
swallow,2020,"Haley Bennett, Austin Stowell, Elizabeth Marvel, David Rasche, Denis O'Hare",['Thriller'],"Swallow is a 2019 psychological thriller film written and directed by Carlo Mirabella-Davis and starring Haley Bennett, Austin Stowell, Elizabeth Marvel, David Rasche, and Denis O'Hare. Its plot follows a young woman who, emotionally stifled in her marriage and domestic life, develops an impulse to consume inedible objects.",https://www.rottentomatoes.com/m/swallow,"Released Mar 6, 2020",88.0,71.0,5,Medium
firstcow,2020,"John Magaro, Orion Hall, René Auberjonois",['Drama'],"First Cow is a 2019 American drama film directed by Kelly Reichardt, from a screenplay by Reichardt and Jonathan Raymond based on Raymond's 2004 novel The Half-Life. It stars John Magaro, Orion Lee, Toby Jones, Ewen Bremner, Scott Shepherd, Gary Farmer, Stephen Malkmus, Alia Shawkat, and Lily Gladstone. It also features René Auberjonois in one of his final film roles.",https://www.rottentomatoes.com/m/first_cow,"Released Mar 6, 2020",96.0,65.0,3,Small
bloodshot,2020,"Vin Diesel, Eiza González, Sam Heughan, Toby Kebbell, Lamorne Morris, Guy Pearce",['Superhero'],"Bloodshot is a 2020 American superhero film based on the Valiant Comics character of the same name. It is intended to be the first installment in a series of films set within a Valiant Comics shared cinematic universe. Directed by David S. F. Wilson from a screenplay by Jeff Wadlow and Eric Heisserer and a story by Wadlow, the film stars Vin Diesel in the main role, Eiza González, Sam Heughan, Toby Kebbell, and Guy Pearce. It follows a soldier who was killed in action, only to be brought back to life with superpowers by an organization that wants to use him as a weapon.",https://www.rottentomatoes.com/m/bloodshot,2013,,,6,Medium
thehunt,2020,"Betty Gilpin, Ike Barinholtz, Amy Madigan, Emma Roberts, Ethan Suplee, Hilary Swank","['Horror', 'Thriller']","The Hunt is a 2020 American horror thriller film directed by Craig Zobel and written by Nick Cuse and Damon Lindelof. The film stars Betty Gilpin, Hilary Swank, Ike Barinholtz, and Emma Roberts. Jason Blum was a producer under his Blumhouse Productions banner, along with Lindelof. Zobel and Lindelof have said that the film is intended as a satire on the profound political divide between the American left and right. It is about a group of elites who kidnap working class people to hunt them.",https://www.rottentomatoes.com/m/the_hunt,1953,,,6,Medium
thehunt,2020,"Betty Gilpin, Ike Barinholtz, Amy Madigan, Emma Roberts, Ethan Suplee, Hilary Swank","['Horror', 'Thriller']","The Hunt is a 2020 American horror thriller film directed by Craig Zobel and written by Nick Cuse and Damon Lindelof. The film stars Betty Gilpin, Hilary Swank, Ike Barinholtz, and Emma Roberts. Jason Blum was a producer under his Blumhouse Productions banner, along with Lindelof. Zobel and Lindelof have said that the film is intended as a satire on the profound political divide between the American left and right. It is about a group of elites who kidnap working class people to hunt them.",https://www.rottentomatoes.com/m/hunt,2006,,19.0,6,Medium
istillbelieve,2020,"KJ Apa, Britt Robertson, Shania Twain, Gary Sinise","['Drama', 'Romance']","I Still Believe is a 2020 American Christian romantic drama film directed by the Erwin brothers and starring KJ Apa, Britt Robertson, Shania Twain, Melissa Roxburgh, and Gary Sinise. It is based on the life of American contemporary Christian music singer-songwriter Jeremy Camp and his first wife, Melissa Lynn Henning-Camp, who was diagnosed with ovarian cancer shortly before they married. Camp's song ""I Still Believe"" is the film's namesake.",https://www.rottentomatoes.com/m/i_still_believe,"Released Mar 13, 2020",49.0,98.0,4,Medium
lostgirls,2020,"Amy Ryan, Thomasin McKenzie, Lola Kirke, Oona Laurence, Dean Winters, Miriam Shor, Reed Birney, Kevin Corrigan, Gabriel Byrne","['Drama', 'Mystery']","Lost Girls is a 2020 American mystery drama film. Lost Girls was directed by Liz Garbus, from a screenplay by Michael Werwie, and based on the book Lost Girls: An Unsolved American Mystery by Robert Kolker. The film revolves around the murders of young female sex workers on the South Shore barrier islands of Long Island, committed by the Long Island serial killer, who remains unidentified.",https://www.rottentomatoes.com/m/lost_girls,2016,,,9,Medium
stargirl,2020,"Grace VanderWaal, Graham Verchere, Giancarlo Esposito","['Musical', 'Romance']","Stargirl is a 2020 American jukebox musical romance film based on the 2000 novel of the same name by Jerry Spinelli that debuted on Disney+. The film explores the tense emotions, non-conformity and self-expression of teenagers in high school, and the exuberance of first love.",https://www.rottentomatoes.com/m/stargirl,2020,69.0,69.0,3,Small
theroadsnottaken,2020,"Javier Bardem, Elle Fanning, Laura Linney, Salma Hayek",['Drama'],"The Roads Not Taken is a 2020 drama film written and directed by Sally Potter. The film stars Javier Bardem, Elle Fanning, Salma Hayek and Laura Linney.",https://www.rottentomatoes.com/m/the_roads_not_taken,"Released Mar 13, 2020",43.0,28.0,4,Medium
neverrarelysometimesalways,2020,"Sidney Flanigan, Talia Ryder, Theodore Pellerin, Ryan Eggold, Sharon Van Etten",['Drama'],"Never Rarely Sometimes Always is a 2020 drama film written and directed by Eliza Hittman. It stars Sidney Flanigan, Talia Ryder, Théodore Pellerin, Ryan Eggold, and Sharon Van Etten. It had its world premiere at the Sundance Film Festival on January 24, 2020. It was also selected to compete for the Golden Bear in the main competition section at the 70th Berlin International Film Festival, where it won the Silver Bear Grand Jury Prize. The film was released in the United States on March 13, 2020, by Focus Features. It received widespread acclaim from critics, with praise for Flanigan's performance and Hittman's direction.",https://www.rottentomatoes.com/m/never_rarely_sometimes_always,"Released Mar 13, 2020",99.0,55.0,5,Medium
bigtimeadolescence,2020,"Pete Davidson, Griffin Gluck, Jon Cryer, Oona Laurence, Sydney Sweeney",['Comedy'],"Big Time Adolescence is a 2019 American coming-of-age comedy film written and directed by Jason Orley, in his directorial debut. It stars Pete Davidson, Griffin Gluck, Emily Arlook, Colson Baker, Sydney Sweeney and Jon Cryer.",https://www.rottentomatoes.com/m/big_time_adolescence,"Released Mar 13, 2020",85.0,82.0,5,Medium
losttransmissions,2020,"Simon Pegg, Juno Temple, Alexandra Daddario, Tao Okamoto, Rosanna Arquette, Bria Vinaite",['Drama'],"Lost Transmissions is a 2019 drama film written and directed by Katharine O'Brien. It stars Simon Pegg, Juno Temple, and Alexandra Daddario. It premiered at the Tribeca Film Festival on April 28, 2019 ati was released on March 13, 2020 by Gravitas Ventures.",https://www.rottentomatoes.com/m/lost_transmissions,"Released Mar 13, 2020",54.0,39.0,6,Medium
resistance,2020,"Jesse Eisenberg, Ed Harris, Clémence Poésy, Matthias Schweighöfer, Félix Moati, Karl Markovics, Vica Kerekes, Bella Ramsey, Édgar Ramírez","['Drama', 'Biography']","Resistance is a 2020 biographical drama film written and directed by Jonathan Jakubowicz, inspired by the life of Marcel Marceau. It stars Jesse Eisenberg as Marceau, with Clémence Poésy, Matthias Schweighöfer, Alicia von Rittberg, Félix Moati, Géza Röhrig, Karl Markovics, Vica Kerekes, Bella Ramsey, Ed Harris and Édgar Ramírez.",https://www.rottentomatoes.com/m/resistance,1976,,,9,Medium
vivarium,2020,"Imogen Poots, Jesse Eisenberg",['Science Fiction'],"Vivarium is a 2019 science fiction film directed by Lorcan Finnegan, from a story by Finnegan and Garret Shanley. An international co-production between Ireland, Denmark and Belgium, it stars Imogen Poots and Jesse Eisenberg. It premiered at the Cannes Film Festival on 18 May 2019, and was released in Ireland on 27 March 2020 by Vertigo Releasing. The film follows a couple that is forced to care for a mysterious child while trapped in a seemingly perfect neighbourhood.",https://www.rottentomatoes.com/m/vivarium,2020,72.0,39.0,2,Small
coffeekareem,2020,"Ed Helms, Taraji P. Henson, Betty Gilpin, King Bach, David Alan Grier","['Action', 'Comedy']","Coffee & Kareem is a 2020 American action comedy film directed by Michael Dowse and written by Shane Mack. It stars Ed Helms, Terrence Little Gardenhigh, Betty Gilpin, RonReaco Lee, Andrew Bachelor, David Alan Grier and Taraji P. Henson, and follows a bumbling Detroit cop who must rescue his girlfriend and her 12-year-old son from gangsters after the boy witnesses a murder.",https://www.rottentomatoes.com/m/coffee_and_kareem,2020,21.0,30.0,5,Medium
trollsworldtour,2020,"Anna Kendrick, Justin Timberlake, Rachel Bloom, James Corden, Ron Funches, Kelly Clarkson, Anderson Paak, Sam Rockwell, George Clinton, Mary J. Blige","['Animated', 'Comedy', 'Musical']","Trolls World Tour is a 2020 American computer-animated jukebox musical comedy film produced by DreamWorks Animation and distributed by Universal Pictures, based on the Good Luck Trolls dolls created by Thomas Dam. The sequel to Trolls (2016) and the second installment in the franchise, the film was directed by Walt Dohrn and co-directed by David P. Smith, from a screenplay by Maya Forbes, Wallace Wolodarsky, Elizabeth Tippet, and the writing team of Jonathan Aibel and Glenn Berger, and a story by Aibel and Berger. The film features an ensemble cast that includes the voices of Anna Kendrick, Justin Timberlake, Rachel Bloom, James Corden, Ron Funches, Kelly Clarkson, Anderson .Paak, Sam Rockwell, George Clinton, and Mary J. Blige. The film follows Poppy and Branch as they discover several more troll tribes that represent music genres other than their own. Troubles arise when the Queen of the Rock tribe plans to overthrow the foreign music genres to unite the trolls under rock music.",https://www.rottentomatoes.com/m/trolls_world_tour,"Released Apr 10, 2020",72.0,58.0,10,Medium
loveweddingrepeat,2020,"Olivia Munn, Sam Claflin, Freida Pinto, Eleanor Tomlinson, Jack Farthing","['Comedy', 'Romance']","Love Wedding Repeat is a 2020 romantic comedy film written and directed by Dean Craig, in his feature directorial debut. A remake of the 2012 French romantic comedy film Plan de Table, the film stars Sam Claflin, Olivia Munn and Eleanor Tomlinson. It was released on 10 April 2020 by Netflix.",https://www.rottentomatoes.com/m/love_wedding_repeat,2020,34.0,37.0,5,Medium
themainevent,2020,"Seth Carr, Tichina Arnold, Ken Marino, Adam Pally","['Comedy', 'Sports']","The Main Event is a 2020 American sports comedy film directed by Jay Karas, from a screenplay by Larry Postel and starring Seth Carr, Tichina Arnold, Ken Marino and Adam Pally. It was released on April 10, 2020, by Netflix.",https://www.rottentomatoes.com/m/the_main_event,2020,29.0,25.0,4,Medium
themainevent,2020,"Seth Carr, Tichina Arnold, Ken Marino, Adam Pally","['Comedy', 'Sports']","The Main Event is a 2020 American sports comedy film directed by Jay Karas, from a screenplay by Larry Postel and starring Seth Carr, Tichina Arnold, Ken Marino and Adam Pally. It was released on April 10, 2020, by Netflix.",https://www.rottentomatoes.com/m/the_main_event,2020,29.0,25.0,4,Medium
wesummonthedarkness,2020,"Alexandra Daddario, Keean Johnson, Logan Miller, Maddie Hasson, Amy Forsyth, Austin Swift, Johnny Knoxville","['Horror', 'Thriller']","We Summon the Darkness is a 2019 American horror thriller film directed by Marc Meyers and written by Alan Trezza. The film stars Alexandra Daddario, Keean Johnson, Maddie Hasson, Amy Forsyth, Logan Miller, Austin Swift, and Johnny Knoxville.",https://www.rottentomatoes.com/m/we_summon_the_darkness,2019,67.0,34.0,7,Medium
thelosthusband,2020,"Leslie Bibb, Josh Duhamel, Nora Dunn",['Romance'],"The Lost Husband is a 2020 American romance film written and directed by Vicky Wight and starring Leslie Bibb and Josh Duhamel. It is based on Katherine Center's 2013 novel of the same name. The film was released to video on demand on April 10, 2020 by Quiver Distribution and Redbox Entertainment.",https://www.rottentomatoes.com/m/the_lost_husband,2020,58.0,61.0,3,Small
coronazombies,2020,"Cody Renee Cameron, Russell Coker, Robin Sydney","['Comedy', 'Horror']","Corona Zombies is a 2020 American comedy horror film directed by Charles Band, and produced and distributed by Full Moon Features. Inspired by the COVID-19 pandemic, the film stars Cody Renee Cameron as Barbie, a woman who finds herself facing an outbreak of zombies infected by coronavirus disease 2019 (COVID-19). Alongside Cameron, the film stars Russell Coker and Robin Sydney.",https://www.rottentomatoes.com/m/corona_zombies,2020,,17.0,3,Small
sergio,2020,"Wagner Moura, Ana de Armas, Garret Dillahunt, Brían F. O'Byrne, Clemens Schick, Bradley Whitford","['Drama', 'Biography']","Sergio is a 2020 American biographical drama film about the United Nations diplomat Sérgio Vieira de Mello. The film is directed by Greg Barker, from a screenplay written by Craig Borten. It stars Wagner Moura, Ana de Armas, Garret Dillahunt, Clemens Schick, Will Dalton, Bradley Whitford and Brían F. O'Byrne.",https://www.rottentomatoes.com/m/sergio,2020,44.0,71.0,6,Medium
thewilloughbys,2020,"Will Forte, Maya Rudolph, Alessia Cara, Terry Crews, Martin Short, Jane Krakowski, Ricky Gervais","['Animated', 'Comedy']","The Willoughbys is a 2020 computer-animated comedy film directed by Kris Pearn and co-directed by Rob Lodermeier. Based on the book of the same name by Lois Lowry, the film's screenplay was written by Pearn and Mark Stanleigh, and stars the voices of Will Forte, Maya Rudolph, Alessia Cara, Terry Crews, Martin Short, Jane Krakowski, Seán Cullen, and Ricky Gervais, who also narrates the film and follows four kids trying to find new parents to replace their self-centered and neglectful ones.",https://www.rottentomatoes.com/m/the_willoughbys,2020,91.0,66.0,7,Medium
extraction,2020,"Chris Hemsworth, Rudhraksh Jaiswal, Randeep Hooda, Golshifteh Farahani, Pankaj Tripathi, David Harbour","['Action', 'Thriller']","Extraction is a 2020 American action thriller film directed by Sam Hargrave and written by Joe Russo, based on the graphic novel Ciudad by Ande Parks, Joe Russo, Anthony Russo, Fernando León González, and Eric Skillman. The film's cast features Chris Hemsworth, Rudhraksh Jaiswal, Randeep Hooda, Golshifteh Farahani, Pankaj Tripathi and David Harbour. The film is about an Australian black ops mercenary whose mission to save an Indian crime lord's kidnapped son in Dhaka, Bangladesh goes awry when he is double-crossed.",https://www.rottentomatoes.com/m/extraction,"Released Sep 5, 2013",,28.0,6,Medium
extraction,2020,"Chris Hemsworth, Rudhraksh Jaiswal, Randeep Hooda, Golshifteh Farahani, Pankaj Tripathi, David Harbour","['Action', 'Thriller']","Extraction is a 2020 American action thriller film directed by Sam Hargrave and written by Joe Russo, based on the graphic novel Ciudad by Ande Parks, Joe Russo, Anthony Russo, Fernando León González, and Eric Skillman. The film's cast features Chris Hemsworth, Rudhraksh Jaiswal, Randeep Hooda, Golshifteh Farahani, Pankaj Tripathi and David Harbour. The film is about an Australian black ops mercenary whose mission to save an Indian crime lord's kidnapped son in Dhaka, Bangladesh goes awry when he is double-crossed.",https://www.rottentomatoes.com/m/extraction,"Released Sep 5, 2013",,28.0,6,Medium
brakingforwhales,2020,"Tom Felton, Tammin Sursok, Wendi McLendon-Covey, David Koechner","['Comedy', 'Drama']",Braking for Whales is a 2019 American comedy-drama film directed by Sean McEwen and starring Tammin Sursok and Tom Felton. Sursok co-wrote the screenplay with McEwen.,https://www.rottentomatoes.com/m/braking_for_whales,2019,,56.0,4,Medium
badeducation,2020,"Hugh Jackman, Allison Janney, Geraldine Viswanathan, Alex Wolff, Rafael Casal, Stephen Spinella, Annaleigh Ashford, Ray Romano","['Crime', 'Drama']","Bad Education is a 2019 American crime drama film directed by Cory Finley and written by Mike Makowsky. It is based on the 2004 New York magazine article ""The Bad Superintendent"" by Robert Kolker, about the true story of the largest public school embezzlement in American history. It features an ensemble cast including Hugh Jackman, Allison Janney, Geraldine Viswanathan, Alex Wolff, Rafael Casal, Stephen Spinella, Annaleigh Ashford and Ray Romano.",https://www.rottentomatoes.com/m/bad_education,"Released Mar 19, 2004",88.0,86.0,8,Medium
alldayandanight,2020,"Ashton Sanders, Jeffrey Wright, Yahya Abdul-Mateen II",['Drama'],"All Day and a Night is a 2020 American drama film written and directed by Joe Robert Cole. It stars Jeffrey Wright, Ashton Sanders and Yahya Abdul-Mateen II.",https://www.rottentomatoes.com/m/all_day_and_a_night,2020,51.0,59.0,3,Small
thewretched,2020,"John-Paul Howard, Piper Curda, Zarah Mahler, Kevin Bigley","['Horror', 'Supernatural']","The Wretched is a 2019 American supernatural horror film written and directed by the Pierce Brothers. It stars John-Paul Howard, Piper Curda, Zarah Mahler, Kevin Bigley, Gabriela Quezada Bloomgarden, Richard Ellis, Blane Crockarell, Jamison Jones, and Azie Tesfai. The film follows a defiant teenage boy who faces off with an evil witch posing as the neighbor next door.",https://www.rottentomatoes.com/m/the_wretched,2015,67.0,33.0,4,Medium
thehalfofit,2020,"Leah Lewis, Daniel Diemer, Alexxis Lemire, Collin Chou","['Comedy', 'Drama']","The Half of It is a 2020 American coming-of-age comedy-drama film written and directed by Alice Wu. It stars Leah Lewis, Daniel Diemer, and Alexxis Lemire, with Enrique Murciano, Wolfgang Novogratz, Catherine Curtin, Becky Ann Baker, and Collin Chou in supporting roles. Teenager Ellie Chu agrees to write a love letter for a jock while falling for his crush. Netflix released the film on May 1, 2020, to positive reviews. The film received the Founders Award for Best Narrative Feature at the 2020 Tribeca Film Festival.",https://www.rottentomatoes.com/m/the_half_of_it,2020,97.0,80.0,4,Medium
arkansas,2020,"Liam Hemsworth, Clark Duke, Michael Kenneth Williams, Vivica A. Fox, Eden Brolin, Chandler Duke, John Malkovich, Vince Vaughn","['Crime', 'Noir', 'Thriller']","Arkansas is a 2020 American neo-noir crime thriller film directed by Clark Duke in his directorial debut, from a screenplay he wrote with Andrew Boonkrong. It stars Liam Hemsworth, Clark Duke, Michael Kenneth Williams, Vivica A. Fox, Eden Brolin, Chandler Duke, John Malkovich and Vince Vaughn. It is based on the novel Arkansas by John Brandon.",https://www.rottentomatoes.com/m/arkansas,2020,51.0,53.0,8,Medium
valleygirl,2020,"Jessica Rothe, Josh Whitehouse, Mae Whitman, Judy Greer","['Comedy', 'Musical', 'Teen', 'Romance']","Valley Girl is a 2020 American jukebox musical romantic comedy teen film directed by Rachel Lee Goldenberg and written by Amy Talkington from a story by Wayne Crawford and Andrew Lane. It is a remake of the 1983 film of the same name and stars Jessica Rothe, Josh Whitehouse, Mae Whitman, and Judy Greer. The film follows Julie Richman, a Valley girl, who falls in love with Randy, a rebellious punk, during the early 1980s.",https://www.rottentomatoes.com/m/valley_girl,"Released Apr 8, 1983",84.0,71.0,4,Medium
valleygirl,2020,"Jessica Rothe, Josh Whitehouse, Mae Whitman, Judy Greer","['Comedy', 'Musical', 'Teen', 'Romance']","Valley Girl is a 2020 American jukebox musical romantic comedy teen film directed by Rachel Lee Goldenberg and written by Amy Talkington from a story by Wayne Crawford and Andrew Lane. It is a remake of the 1983 film of the same name and stars Jessica Rothe, Josh Whitehouse, Mae Whitman, and Judy Greer. The film follows Julie Richman, a Valley girl, who falls in love with Randy, a rebellious punk, during the early 1980s.",https://www.rottentomatoes.com/m/valley_girl,"Released Apr 8, 1983",84.0,71.0,4,Medium
capone,2020,"Tom Hardy, Linda Cardellini, Jack Lowden, Noel Fisher, Kyle MacLachlan, Matt Dillon","['Drama', 'Biography']","Capone is a 2020 American biographical drama film written, directed and edited by Josh Trank, with Tom Hardy starring as the eponymous gangster Al Capone. The film centers on Capone after his 11-year sentence at Atlanta Penitentiary, as he suffers from neurosyphilis and dementia while living in Florida. Linda Cardellini, Jack Lowden, Noel Fisher, Kyle MacLachlan, and Matt Dillon also star in supporting roles. First announced in October 2016 as Fonzo, production on the film did not begin until March 2018, lasting through May in Louisiana.",https://www.rottentomatoes.com/m/capone,2020,40.0,24.0,6,Medium
capone,2020,"Tom Hardy, Linda Cardellini, Jack Lowden, Noel Fisher, Kyle MacLachlan, Matt Dillon","['Drama', 'Biography']","Capone is a 2020 American biographical drama film written, directed and edited by Josh Trank, with Tom Hardy starring as the eponymous gangster Al Capone. The film centers on Capone after his 11-year sentence at Atlanta Penitentiary, as he suffers from neurosyphilis and dementia while living in Florida. Linda Cardellini, Jack Lowden, Noel Fisher, Kyle MacLachlan, and Matt Dillon also star in supporting roles. First announced in October 2016 as Fonzo, production on the film did not begin until March 2018, lasting through May in Louisiana.",https://www.rottentomatoes.com/m/capone,2020,40.0,24.0,6,Medium
thewrongmissy,2020,"David Spade, Lauren Lapkus, Geoff Pierson, Sarah Chalke, Molly Sims","['Comedy', 'Romance']","The Wrong Missy is a 2020 American romantic comedy film directed by Tyler Spindel which was produced by Happy Madison Productions. With a screenplay by Chris Pappas and Kevin Barnett, the film stars David Spade as a recently single businessman who accidentally invites a woman with whom he had a horrible first date to a corporate retreat after a case of mistaken identity. It features lesser roles for Rob Schneider and Molly Sims, and a cameo for Vanilla Ice.",https://www.rottentomatoes.com/m/the_wrong_missy,2020,32.0,56.0,5,Medium
scoob,2020,"Will Forte, Mark Wahlberg, Jason Isaacs, Gina Rodriguez, Zac Efron, Amanda Seyfried, Kiersey Clemons, Ken Jeong, Tracy Morgan, Frank Welker","['Animated', 'Comedy', 'Mystery']","Scoob! is a 2020 American computer-animated mystery comedy film produced by the Warner Animation Group, and distributed by Warner Bros. Pictures. It is a reboot of the theatrical Scooby-Doo film series and the third theatrical film based on the characters, following Scooby-Doo (2002) and Scooby-Doo 2: Monsters Unleashed (2004). Set in a Hanna-Barbera animated multiverse, the film follows Mystery Incorporated working with the Blue Falcon to solve their most challenging mystery behind their mascot's secret legacy and purpose, which connects with Dick Dastardly's evil plan to unleash Cerberus.",https://www.rottentomatoes.com/m/scoob,2020,48.0,53.0,10,Medium
bloodandmoney,2020,"Tom Berenger, Kristen Hager, Mark Sivertsen, Paul Ben-Victor",['Thriller'],Blood and Money is a 2020 American thriller film directed by John Barr and starring Tom Berenger. It is Barr's feature directorial debut.,https://www.rottentomatoes.com/m/blood_and_money,"Released May 15, 2020",39.0,35.0,4,Medium
bodycam,2020,"Mary J. Blige, Nat Wolff, David Zayas, David Warshofsky, Demetrius Grosse, Anika Noni Rose",['Horror'],"Body Cam is a 2020 American police procedural horror film directed by Malik Vitthal, from a screenplay by Nicholas McCarthy and Richmond Riedel and a story by Riedel. The film stars Mary J. Blige, Nat Wolff, David Zayas, David Warshofsky, Demetrius Grosse and Anika Noni Rose.",https://www.rottentomatoes.com/m/body_cam,2020,43.0,33.0,6,Medium
thelovebirds,2020,"Issa Rae, Kumail Nanjiani, Paul Sparks, Anna Camp, Kyle Bornheimer","['Comedy', 'Romance']","The Lovebirds is a 2020 American romantic comedy film directed by Michael Showalter from a screenplay by Aaron Abrams and Brendan Gall, and a story by Abrams, Gall, and Martin Gero. The film stars Issa Rae and Kumail Nanjiani, as well as Paul Sparks, Anna Camp, and Kyle Bornheimer, and follows a couple who goes on the run after witnessing a murder.",https://www.rottentomatoes.com/m/the_lovebirds,2007,,,5,Medium
thewantingmare,2020,Josh Clark,['Science Fiction'],The Wanting Mare is a 2020 science fiction film written and directed by Nicholas Ashe Bateman.,https://www.rottentomatoes.com/m/the_wanting_mare,"Released Feb 5, 2021",81.0,35.0,1,Small
thehighnote,2020,"Dakota Johnson, Tracee Ellis Ross, Kelvin Harrison Jr., Ice Cube, Zoë Chao, Bill Pullman, Eddie Izzard","['Comedy', 'Drama']","The High Note is a 2020 American comedy-drama film directed by Nisha Ganatra and written by Flora Greeson. It stars Dakota Johnson, Tracee Ellis Ross, Kelvin Harrison Jr., Zoë Chao, Bill Pullman, Eddie Izzard, and Ice Cube, and follows a famous singer's personal assistant who wants to become a music producer.",https://www.rottentomatoes.com/m/the_high_note,2020,71.0,73.0,7,Medium
shirley,2020,"Elisabeth Moss, Michael Stuhlbarg, Odessa Young, Logan Lerman","['Drama', 'Biography']","Shirley is a 2020 American biographical drama film, directed by Josephine Decker, from a screenplay by Sarah Gubbins, based upon the 2014 novel of the same name by Susan Scarf Merrell, which formed a ""largely fictional story"" around novelist Shirley Jackson's real life during the time period she was writing her 1951 novel Hangsaman. The film stars Elisabeth Moss as Jackson with Michael Stuhlbarg, Odessa Young and Logan Lerman. Martin Scorsese serves as an executive producer.",https://www.rottentomatoes.com/m/shirley,Released Mar 15,74.0,70.0,4,Medium
thelastdaysofamericancrime,2020,"Édgar Ramírez, Anna Brewster, Michael Pitt, Sharlto Copley","['Action', 'Thriller']","The Last Days of American Crime is a 2020 American action thriller film directed by Olivier Megaton from a screenplay written by Karl Gajdusek, based on Rick Remender and Greg Tocchini's 2009 graphic novel of the same name. It stars Édgar Ramírez, Anna Brewster, Michael Pitt, Patrick Bergin, and Sharlto Copley. It was panned by critics, who noted the film's release as unfortunate for coinciding with the George Floyd protests, due to its violent content and depictions of police brutality, and as of October 2021 holds a 0% rating on Rotten Tomatoes.",https://www.rottentomatoes.com/m/the_last_days_of_american_crime,2020,0.0,22.0,4,Medium
becky,2020,"Lulu Wilson, Kevin James, Joel McHale","['Action', 'Thriller']","Becky is a 2020 American action thriller film directed by Jonathan Milott and Cary Murnion, from a screenplay by Nick Morris, Lane Skye, and Ruckus Skye. The film stars Lulu Wilson, Kevin James, and Joel McHale.",https://www.rottentomatoes.com/m/becky,"Released Nov 12, 1927",,,3,Small
thinklikeadog,2020,"Josh Duhamel, Megan Fox","['Comedy', 'Family', 'Science Fiction']","Think Like a Dog is a 2020 American family sci-fi comedy film written and directed by Gil Junger. It stars Josh Duhamel and Megan Fox. The film was released through Premium VOD on June 9, 2020.",https://www.rottentomatoes.com/m/think_like_a_dog,2020,70.0,52.0,2,Small
da5bloods,2020,"Delroy Lindo, Jonathan Majors, Clarke Peters, Norm Lewis, Isiah Whitlock Jr., Mélanie Thierry, Paul Walter Hauser, Jasper Pääkkönen, Jean Reno, Chadwick Boseman","['Drama', 'War']","Da 5 Bloods is a 2020 American war drama film directed, produced, and co-written by Spike Lee. It stars Delroy Lindo, Jonathan Majors, Clarke Peters, Johnny Trí Nguyễn, Norm Lewis, Isiah Whitlock Jr., Mélanie Thierry, Paul Walter Hauser, Jasper Pääkkönen, Jean Reno, and Chadwick Boseman. The film's plot follows a group of four aging Vietnam War veterans who return to the country in search of the remains of their fallen squad leader, as well as the treasure they buried while serving there.",https://www.rottentomatoes.com/m/da_5_bloods,2020,92.0,53.0,10,Medium
artemisfowl,2020,"Ferdia Shaw, Lara McDonnell, Josh Gad, Tamara Smart, Nonso Anozie, Colin Farrell, Judi Dench","['Action', 'Adventure', 'Fantasy']","Artemis Fowl is a 2020 American science fantasy action adventure film based on the 2001 novel of the same name by Irish author Eoin Colfer. Directed by Kenneth Branagh, from a screenplay co-written by Conor McPherson and Hamish McColl, the film stars Ferdia Shaw, Lara McDonnell, Josh Gad, Tamara Smart, Nonso Anozie, Colin Farrell, and Judi Dench. It details the adventures of Artemis Fowl II, a twelve-year-old Irish prodigy who teams up with his faithful servant, as well as a dwarf and a fairy, in order to rescue his father, Artemis Fowl I, who has been kidnapped by another fairy looking to reclaim an item the Fowl family has stolen.",https://www.rottentomatoes.com/m/artemis_fowl,2020,8.0,20.0,7,Medium
thekingofstatenisland,2020,"Pete Davidson, Marisa Tomei, Bill Burr, Bel Powley, Maude Apatow, Steve Buscemi","['Comedy', 'Drama']","The King of Staten Island is a 2020 American comedy-drama film directed by Judd Apatow, from a screenplay by Apatow, Pete Davidson, and Dave Sirus. It stars Davidson, Marisa Tomei, Bill Burr, Bel Powley, Maude Apatow, and Steve Buscemi, and follows a young man who must get his life together after his mother starts dating a new man who, like his deceased father, is a firefighter.",https://www.rottentomatoes.com/m/the_king_of_staten_island,2020,76.0,83.0,6,Medium
sniperassassinsend,2020,"Chad Michael Collins, Tom Berenger, Sayaka Akimoto, Lochlyn Munro, Ryan Robbins",['Action'],"Sniper: Assassin's End is a 2020 American action film directed by Kaare Andrews and starring Chad Michael Collins, Tom Berenger and Sayaka Akimoto. The film is the eighth installment of the Sniper film series and a sequel to Sniper: Ultimate Kill (2017).",https://www.rottentomatoes.com/m/sniper_assassins_end,2020,,39.0,5,Medium
youshouldhaveleft,2020,"Kevin Bacon, Amanda Seyfried",['Horror'],"You Should Have Left is a 2020 American psychological horror film written and directed by David Koepp, based on the 2017 book of the same name by Daniel Kehlmann. It stars Kevin Bacon, and Amanda Seyfried. Jason Blum served as a producer through his Blumhouse Productions banner.",https://www.rottentomatoes.com/m/you_should_have_left,2020,40.0,26.0,2,Small
feelthebeat,2020,"Sofia Carson, Enrico Colantoni, Wolfgang Novogratz","['Comedy', 'Dance', 'Drama', 'Family']","Feel the Beat is a 2020 American family dance comedy-drama film directed by Elissa Down, written by Michael Armbruster and Shawn Ku and starring Sofia Carson, Enrico Colantoni and Wolfgang Novogratz.",https://www.rottentomatoes.com/m/feel_the_beat,2020,50.0,55.0,3,Small
7500,2020,Joseph Gordon-Levitt,"['Action', 'Thriller']","7500 is a 2019 action-thriller film written by Senad Halilbašić and Patrick Vollrath and directed by Patrick Vollrath in his directorial feature-length film debut. It stars Joseph Gordon-Levitt as Tobias Ellis, a pilot whose plane is hijacked by terrorists. An international co-production between Austria, Germany, and the United States, filming took place in November 2017 in Cologne and Vienna. The title is in reference to Emergency Transponder Code for ""unlawful interference"".",https://www.rottentomatoes.com/m/7500,2019,71.0,61.0,1,Small
eurovisionsongcontestthestoryoffiresaga,2020,"Will Ferrell, Rachel McAdams, Dan Stevens, Demi Lovato, Pierce Brosnan","['Comedy', 'Musical']","Eurovision Song Contest: The Story of Fire Saga is a 2020 American musical comedy film directed by David Dobkin, written by Will Ferrell and Andrew Steele, and starring Will Ferrell, Rachel McAdams, Dan Stevens, Melissanthi Mahut, Mikael Persbrandt, Ólafur Darri Ólafsson, Graham Norton, Demi Lovato, and Pierce Brosnan. The film follows the personally close Icelandic singers Lars Erickssong and Sigrit Ericksdóttir as they are given the chance to represent their country at the Eurovision Song Contest.",https://www.rottentomatoes.com/m/eurovision_song_contest_the_story_of_fire_saga,2020,64.0,77.0,5,Medium
irresistible,2020,"Steve Carell, Chris Cooper, Mackenzie Davis, Topher Grace, Natasha Lyonne, Rose Byrne","['Comedy', 'Political']","Irresistible is a 2020 American political comedy film written and directed by Jon Stewart. It stars Steve Carell in the lead role, Chris Cooper, Mackenzie Davis, Topher Grace, Natasha Lyonne, and Rose Byrne. The film follows a Democratic strategist who tries to help a candidate win a local election in a small right-wing town. Originally set for a theatrical release in May 2020, the film was delayed due to the COVID-19 pandemic in the United States, and then released on Premium VOD and selected theaters on June 26, 2020, by Focus Features. It received mixed reviews from critics, who called it ""a soft political satire"".",https://www.rottentomatoes.com/m/irresistible,2006,22.0,32.0,6,Medium
myspy,2020,"Dave Bautista, Chloe Coleman, Kristen Schaal, Ken Jeong","['Comedy', 'Spy']","My Spy is a 2020 American spy comedy film directed by Peter Segal, written by Jon and Erich Hoeber, and starring Dave Bautista, Chloe Coleman, Kristen Schaal, Parisa Fitz-Henley, and Ken Jeong. It follows a CIA agent who finds himself at the mercy of a precocious nine-year-old girl in a family that he and his tech support are surveilling while undercover.",https://www.rottentomatoes.com/m/my_spy,"Released Jun 26, 2020",48.0,39.0,4,Medium
webarebearsthemovie,2020,"Eric Edelstein, Bobby Moynihan, Demetri Martin, Marc Evan Jackson, Keith Ferguson","['Adventure', 'Animated']","We Bare Bears: The Movie is a 2020 American animated adventure film based on the Cartoon Network television series of the same name. Produced by Cartoon Network Studios, it was released on North American digital theater platforms by Warner Bros. Television Distribution on June 30, 2020. Directed by series creator Daniel Chong from a story by Mikey Heller and Kris Mukai, We Bare Bears: The Movie stars the voices of series regulars Eric Edelstein, Bobby Moynihan and Demetri Martin as the three titular bears Grizz, Panda, and Ice Bear; joined by Marc Evan Jackson as Agent Trout and Keith Ferguson as Officer Murphy. This film serves as the series finale of We Bare Bears.",https://www.rottentomatoes.com/m/we_bare_bears_the_movie,2020,,86.0,5,Medium
relic,2020,"Emily Mortimer, Robyn Nevin, Bella Heathcote",['Horror'],"Relic is a 2020 Australian psychological horror film directed by Natalie Erika James from a screenplay by James and Christian White. The film stars Emily Mortimer, Robyn Nevin, and Bella Heathcote.",https://www.rottentomatoes.com/m/relic,"Released Jul 10, 2020",92.0,51.0,3,Small
relic,2020,"Emily Mortimer, Robyn Nevin, Bella Heathcote",['Horror'],"Relic is a 2020 Australian psychological horror film directed by Natalie Erika James from a screenplay by James and Christian White. The film stars Emily Mortimer, Robyn Nevin, and Bella Heathcote.",https://www.rottentomatoes.com/m/relic,"Released Jul 10, 2020",92.0,51.0,3,Small
theoldguard,2020,"Charlize Theron, KiKi Layne, Marwan Kenzari, Luca Marinelli, Harry Melling, Veronica Ngo, Matthias Schoenaerts, Chiwetel Ejiofor",['Superhero'],"The Old Guard is a 2020 American superhero film directed by Gina Prince-Bythewood and written by Greg Rucka, based on his comic book of the same name. The film stars Charlize Theron, KiKi Layne, Matthias Schoenaerts, Marwan Kenzari, Luca Marinelli, Harry Melling, Veronica Ngo, and Chiwetel Ejiofor, and follows a team of immortal mercenaries on a revenge mission.",https://www.rottentomatoes.com/m/the_old_guard,2020,80.0,70.0,8,Medium
moneyplane,2020,"Adam Copeland, Kelsey Grammer, Thomas Jane, Denise Richards, Katrina Norman, Patrick Lamont Jr., Andrew Lawrence, Joey Lawrence, Matthew Lawrence",['Action'],"Money Plane is a 2020 American action film directed by Andrew Lawrence and starring Adam Copeland, Kelsey Grammer, Thomas Jane, and Denise Richards. It was released to video-on-demand services on July 10, 2020, by Quiver Distribution.",https://www.rottentomatoes.com/m/money_plane,2020,23.0,32.0,9,Medium
greyhound,2020,"Tom Hanks, Stephen Graham, Rob Morgan, Elisabeth Shue",['War'],"Greyhound is a 2020 American war film directed by Aaron Schneider and starring Tom Hanks, who also wrote the screenplay. The film is based on the 1955 novel The Good Shepherd by C. S. Forester, and also stars Stephen Graham, Rob Morgan, and Elisabeth Shue.",https://www.rottentomatoes.com/m/greyhound,2020,78.0,76.0,4,Medium
fatalaffair,2020,"Nia Long, Omar Epps, Stephen Bishop, KJ Smith",['Thriller'],"Fatal Affair is a 2020 American psychological thriller film directed by Peter Sullivan, who co-wrote the screenplay with Rasheeda Garner. It stars Nia Long, Omar Epps, Stephen Bishop, and KJ Smith.",https://www.rottentomatoes.com/m/fatal_affair,1998,,,4,Medium
thesilencing,2020,"Annabelle Wallis, Hero Fiennes-Tiffin, Nikolaj Coster-Waldau","['Action', 'Thriller']",The Silencing is a 2020 American-Canadian action-thriller film directed by Robin Pront from a screenplay by Micah Ranum. It stars Nikolaj Coster-Waldau and Annabelle Wallis. The film is about a hunter and a sheriff who track down a murderer who may have kidnapped the hunter's daughter years before.,https://www.rottentomatoes.com/m/the_silencing,"Released Aug 14, 2020",20.0,90.0,3,Small
anicegirllikeyou,2020,"Lucy Hale, Leonidas Gulaptis, Jackie Cruz","['Comedy', 'Romance']","A Nice Girl Like You is a 2020 American romantic comedy film directed by the Brothers Riedell, from a screenplay by Andrea Marcellus, based on the 2007 memoir Pornology by Ayn Carrillo Gailey. The film stars Lucy Hale and Leonidas Gulaptis.",https://www.rottentomatoes.com/m/a_nice_girl_like_you,2020,10.0,76.0,3,Small
ghostsofwar,2020,"Brenton Thwaites, Theo Rossi, Skylar Astin, Kyle Gallner, Alan Ritchson","['Horror', 'Supernatural']","Ghosts of War is a 2020 British supernatural horror film written and directed by Eric Bress. The film stars Brenton Thwaites, Theo Rossi, Skylar Astin, Kyle Gallner, and Alan Ritchson. It was released on DirecTV on 18 June 2020.",https://www.rottentomatoes.com/m/ghosts_of_war,2020,40.0,65.0,5,Medium
animalcrackers,2020,"John Krasinski, Emily Blunt, Ian McKellen, Danny DeVito, Sylvester Stallone, Raven-Symoné, Patrick Warburton","['Animated', 'Comedy', 'Fantasy']","Animal Crackers is a 2017 3D computer-animated comedy-fantasy film directed by Scott Christian Sava and Tony Bancroft, and written by Sava and Dean Lorey, based on the animal-shaped cookie and loosely based on the graphic novel by Sava. The film stars the voices of Emily Blunt, John Krasinski, Danny DeVito, Ian McKellen, Sylvester Stallone, Patrick Warburton, Raven-Symoné, Harvey Fierstein, Wallace Shawn, Gilbert Gottfried, Tara Strong, James Arnold Taylor, Kevin Grevioux, and introducing Lydia Rose Taylor in her film debut. It tells the story of a family who comes across a box of magical animal crackers that turns anyone that consumes a cracker into the animal that the cracker represents which comes in handy in saving the circus that the family was associated with.",https://www.rottentomatoes.com/m/animal_crackers,"Released Aug 28, 1930",97.0,89.0,7,Medium
thekissingbooth2,2020,"Joey King, Joel Courtney, Jacob Elordi, Maisie Richardson-Sellers, Taylor Perez, Molly Ringwald","['Comedy', 'Teen', 'Romance']","The Kissing Booth 2 is a 2020 American teen romantic comedy film directed by Vince Marcello and written by Marcello and Jay Arnold. As a direct sequel to the 2018 film The Kissing Booth and the second installment in the Kissing Booth trilogy, the film stars Joey King, Joel Courtney and Jacob Elordi.",https://www.rottentomatoes.com/m/the_kissing_booth_2,2020,29.0,39.0,6,Medium
blackisking,2020,Beyoncé,['Musical'],"Black Is King is a 2020 American musical film and visual album directed, written, and executive produced by American singer Beyoncé. It is a visual companion to the 2019 album The Lion King: The Gift, curated by Beyoncé for The Lion King (2019). It tells the story of a young African prince who is exiled from his kingdom after his father's death. As he grows into a man, he undergoes a journey of self-identity, using the guidance of his ancestor (Beyoncé), childhood love and his own subconscious to reclaim his throne. The prince's journey acts as an allegory for the African diaspora's journey of discovering, reclaiming and celebrating their culture and heritage, which is echoed by the inclusion of spoken-word poetry that focuses on the question of black identity.",https://www.rottentomatoes.com/m/black_is_king,2020,94.0,89.0,1,Small
thesecretdaretodream,2020,"Katie Holmes, Josh Lucas, Jerry O'Connell, Celia Weston",['Drama'],"The Secret: Dare to Dream is a 2020 American drama film based on the 2006 self-help book The Secret by Rhonda Byrne. Directed by Andy Tennant, from a screenplay he wrote with Bekah Brunstetter and Rick Parks, it stars Katie Holmes, Josh Lucas, Jerry O'Connell, and Celia Weston.",https://www.rottentomatoes.com/m/the_secret_dare_to_dream,2020,28.0,72.0,4,Medium
summerland,2020,"Gemma Arterton, Gugu Mbatha-Raw, Penelope Wilton, Tom Courtenay",['Drama'],"Summerland is a 2020 British drama film written and directed by Jessica Swale, starring Gemma Arterton, Gugu Mbatha-Raw, Lucas Bond, Dixie Egerickx, Siân Phillips, Penelope Wilton and Tom Courtenay.",https://www.rottentomatoes.com/m/summerland,2010,,,4,Medium
shediestomorrow,2020,"Kate Lyn Sheil, Jane Adams, Kentucker Audley, Katie Aselton, Adam Wingard",['Thriller'],"She Dies Tomorrow is a 2020 American psychological thriller film written, directed, and produced by Amy Seimetz. It stars Kate Lyn Sheil, Jane Adams, Kentucker Audley, Katie Aselton, Chris Messina, Tunde Adebimpe, Jennifer Kim, Olivia Taylor Dudley, Michelle Rodriguez, Josh Lucas and Adam Wingard.",https://www.rottentomatoes.com/m/she_dies_tomorrow,"Released Jul 31, 2020",84.0,24.0,5,Medium
anamericanpickle,2020,"Seth Rogen, Sarah Snook","['Comedy', 'Drama']","An American Pickle is a 2020 American comedy-drama film directed by Brandon Trost and written by Simon Rich, based on his 2013 short story ""Sell Out"". The film stars Seth Rogen as an Eastern European Jewish immigrant who gets preserved in a vat of pickles and wakes up a century later in modern-day New York City, attempting to fit in with the assistance of his last remaining descendant.",https://www.rottentomatoes.com/m/an_american_pickle,2020,72.0,44.0,2,Small
thetaxcollector,2020,"Bobby Soto, Shia LaBeouf, Cinthya Carmona, George Lopez","['Action', 'Thriller']","The Tax Collector is a 2020 American action thriller film written, directed, and produced by David Ayer. The film stars Bobby Soto, Cinthya Carmona, George Lopez, and Shia LaBeouf, and follows two enforcers working for a Los Angeles crime lord whose business becomes upended, resulting in one of them desperately protecting his family from an old rival.",https://www.rottentomatoes.com/m/the_tax_collector,"Released Aug 7, 2020",18.0,72.0,4,Medium
waitingforthebarbarians,2020,"Mark Rylance, Johnny Depp, Robert Pattinson, Gana Bayarsaikhan, Greta Scacchi",['Drama'],"Waiting for the Barbarians is a 2019 drama film directed by Ciro Guerra in his English-language directorial debut. The film is based on the 1980 novel of the same name by J. M. Coetzee. It stars Mark Rylance, Johnny Depp, Robert Pattinson, Gana Bayarsaikhan, and Greta Scacchi.",https://www.rottentomatoes.com/m/waiting_for_the_barbarians,2012,,,5,Medium
projectpower,2020,"Jamie Foxx, Joseph Gordon-Levitt, Dominique Fishback, Rodrigo Santoro, Machine Gun Kelly, Allen Maldonado, Amy Landecker, Courtney B. Vance, C.J. LeBlanc","['Action', 'Science Fiction']","Project Power is a 2020 American science fiction action film directed by Henry Joost and Ariel Schulman, produced by Eric Newman and Bryan Unkeless, and written by Mattson Tomlin. It stars Jamie Foxx, Joseph Gordon-Levitt, and Dominique Fishback, alongside Colson Baker, Rodrigo Santoro, Amy Landecker and Allen Maldonado, and follows a drug dealer, a police officer, and a former soldier who team up to stop the distribution of a pill that gives the user superpowers for five minutes.",https://www.rottentomatoes.com/m/project_power,2020,61.0,46.0,9,Medium
magiccamp,2020,"Adam DeVine, Gillian Jacobs, Jeffrey Tambor","['Comedy', 'Family', 'Fantasy']","Magic Camp is a 2020 American fantasy comedy family film directed by Mark Waters. Micah Fitzerman-Blue, Noah Harpster, Matt Spicer, Max Winkler, Dan Gregor and Doug Mand serve as co-screenwriters, with an original story written by Gabe Sachs, Jeff Judah, Spicer and Winkler. It stars Adam DeVine, Jeffrey Tambor and Gillian Jacobs. The film was released on Disney+ on August 14, 2020.",https://www.rottentomatoes.com/m/magic_camp,2012,100.0,75.0,3,Small
theoneandonlyivan,2020,"Sam Rockwell, Angelina Jolie, Danny DeVito, Helen Mirren, Brooklynn Prince, Ramón Rodríguez, Ariana Greenblatt, Chaka Khan, Ron Funches, Phillipa Soo, Mike White, Bryan Cranston","['Drama', 'Fantasy', 'Family']","The One and Only Ivan is a 2020 American fantasy drama film directed by Thea Sharrock from a screenplay written by Mike White based on the 2012 children's novel of the same name by K. A. Applegate. Inspired by the true story of Ivan the gorilla, the film stars the voices of Sam Rockwell as Ivan alongside Angelina Jolie, Danny DeVito, Helen Mirren, Brooklynn Prince, Chaka Khan, Ron Funches, Phillipa Soo, and Mike White, with the human characters portrayed by Ramón Rodríguez, Ariana Greenblatt, and Bryan Cranston.",https://www.rottentomatoes.com/m/the_one_and_only_ivan,2020,71.0,65.0,12,Medium
unhinged,2020,"Russell Crowe, Caren Pistorius, Gabriel Bateman, Jimmi Simpson, Austin P. McKenzie","['Action', 'Thriller']","Unhinged is a 2020 American action thriller film directed by Derrick Borte, from a screenplay by Carl Ellsworth. The film stars Russell Crowe, Caren Pistorius, Gabriel Bateman, Jimmi Simpson and Austin P. McKenzie. It tells the story of a young woman who is terrorized by a seemingly mentally ill stranger following a road rage incident.",https://www.rottentomatoes.com/m/unhinged,1982,,25.0,5,Medium
tesla,2020,"Ethan Hawke, Eve Hewson, Ebon Moss-Bachrach, Jim Gaffigan, Kyle MacLachlan","['Drama', 'Biography']","Tesla is a 2020 American biographical drama film written and directed by Michael Almereyda. It stars Ethan Hawke as Nikola Tesla. Eve Hewson, Ebon Moss-Bachrach, Jim Gaffigan, and Kyle MacLachlan also star.",https://www.rottentomatoes.com/m/tesla,"Released Aug 21, 2020",58.0,43.0,5,Medium
cutthroatcity,2020,"Shameik Moore, T.I., Demetrius Shipp Jr., Kat Graham, Wesley Snipes, Terrence Howard, Eiza González, Ethan Hawke",['Action'],"Cut Throat City is a 2020 American heist film directed by RZA from a screenplay by Paul Cuschieri. The film stars Shameik Moore, T.I., Demetrius Shipp Jr., Kat Graham, Wesley Snipes, Terrence Howard, Eiza González and Ethan Hawke.",https://www.rottentomatoes.com/m/cut_throat_city,"Released Aug 21, 2020",70.0,39.0,8,Medium
wordsonbathroomwalls,2020,"Charlie Plummer, Andy García, Taylor Russell, AnnaSophia Robb, Beth Grant, Molly Parker, Walton Goggins","['Drama', 'Romance']","Words on Bathroom Walls is a 2020 American coming-of-age romantic drama film directed by Thor Freudenthal and written by Nick Naveda, based on the novel of the same name by Julia Walton. The film stars Charlie Plummer, Andy García, Taylor Russell, AnnaSophia Robb, Beth Grant, Molly Parker and Walton Goggins.",https://www.rottentomatoes.com/m/words_on_bathroom_walls,"Released Aug 21, 2020",89.0,94.0,7,Medium
hardkill,2020,"Jesse Metcalfe, Bruce Willis","['Action', 'Thriller']","Hard Kill is a 2020 American action thriller film directed by Matt Eskandari, starring Jesse Metcalfe, Bruce Willis, and Natalie Eva Marie. It was released on August 21, 2020, by Vertical Entertainment.",https://www.rottentomatoes.com/m/hard_kill,2020,0.0,59.0,2,Small
chemicalhearts,2020,"Austin Abrams, Lili Reinhart","['Drama', 'Romance']","Chemical Hearts is a 2020 American romantic drama film written, produced, and directed by Richard Tanne, based on the novel Our Chemical Hearts by Krystal Sutherland. It stars Austin Abrams and Lili Reinhart. It was released on August 21, 2020, by Amazon Studios.",https://www.rottentomatoes.com/m/chemical_hearts,2020,60.0,67.0,2,Small
tenet,2020,"John David Washington, Robert Pattinson, Elizabeth Debicki, Dimple Kapadia, Martin Donovan, Fiona Dourif, Yuri Kolokolnikov, Himesh Patel, Clémence Poésy, Aaron Taylor-Johnson, Michael Caine, Kenneth Branagh","['Action', 'Science Fiction', 'Thriller']","Tenet is a 2020 science fiction action thriller film directed and written by Christopher Nolan, who also produced with his wife Emma Thomas. A co-production between the United Kingdom and the United States, it stars John David Washington, Robert Pattinson, Elizabeth Debicki, Dimple Kapadia, Michael Caine, and Kenneth Branagh. The film follows a former CIA agent who learns how to manipulate the flow of time to prevent an attack from the future that threatens to annihilate the present world. Nolan continued his relationship with Warner Bros. and his production company Syncopy for the film's production and distribution.",https://www.rottentomatoes.com/m/tenet,"Released Sep 3, 2020",69.0,76.0,12,Medium
tenet,2020,"John David Washington, Robert Pattinson, Elizabeth Debicki, Dimple Kapadia, Martin Donovan, Fiona Dourif, Yuri Kolokolnikov, Himesh Patel, Clémence Poésy, Aaron Taylor-Johnson, Michael Caine, Kenneth Branagh","['Action', 'Science Fiction', 'Thriller']","Tenet is a 2020 science fiction action thriller film directed and written by Christopher Nolan, who also produced with his wife Emma Thomas. A co-production between the United Kingdom and the United States, it stars John David Washington, Robert Pattinson, Elizabeth Debicki, Dimple Kapadia, Michael Caine, and Kenneth Branagh. The film follows a former CIA agent who learns how to manipulate the flow of time to prevent an attack from the future that threatens to annihilate the present world. Nolan continued his relationship with Warner Bros. and his production company Syncopy for the film's production and distribution.",https://www.rottentomatoes.com/m/tenet,"Released Sep 3, 2020",69.0,76.0,12,Medium
billtedfacethemusic,2020,"Keanu Reeves, Alex Winter, Kristen Schaal, Samara Weaving, Brigette Lundy-Paine, Anthony Carrigan, Erinn Hayes, Jayma Mays, Holland Taylor, Kid Cudi, William Sadler, Jillian Bell","['Comedy', 'Science Fiction']","Bill & Ted Face the Music is a 2020 American science fiction comedy film directed by Dean Parisot and written by Chris Matheson and Ed Solomon. It is the third film in the Bill & Ted film series, and the sequel to Bill & Ted's Bogus Journey (1991). Alex Winter, Keanu Reeves, and William Sadler reprise their roles as Bill, Ted, and the Grim Reaper, while Kristen Schaal, Samara Weaving, Brigette Lundy-Paine, Anthony Carrigan, Erinn Hayes, Jayma Mays, Holland Taylor, Kid Cudi, Jillian Bell and Beck Bennett join the cast. In the film, Bill and Ted must write a song to unite humanity before space-time is destroyed. The script was laid out as early as 2010, but a production deal was not confirmed until 2018. Filming commenced on July 1, 2019.",https://www.rottentomatoes.com/m/bill_and_ted_face_the_music,"Released Aug 28, 2020",82.0,65.0,12,Medium
thenewmutants,2020,"Maisie Williams, Anya Taylor-Joy, Charlie Heaton, Alice Braga, Blu Hunt, Henry Zaga, Adam Beach","['Horror', 'Superhero']","The New Mutants is a 2020 American superhero horror film based on the Marvel Comics team of the same name. It is a spin-off film in the X-Men film series and the thirteenth and final installment overall before the whole series was moved to Marvel. The film was directed by Josh Boone from a screenplay he wrote with Knate Lee, and it stars Blu Hunt, Maisie Williams, Anya Taylor-Joy, Charlie Heaton, and Alice Braga. In the film, a group of young mutants held in a secret facility fight to save themselves.",https://www.rottentomatoes.com/m/the_new_mutants,"Released Aug 28, 2020",36.0,56.0,7,Medium
thepersonalhistoryofdavidcopperfield,2020,"Dev Patel, Aneurin Barnard, Peter Capaldi, Morfydd Clark, Daisy May Cooper, Rosalind Eleazar, Hugh Laurie, Tilda Swinton, Ben Whishaw, Paul Whitehouse","['Comedy', 'Drama']","The Personal History of David Copperfield is a 2019 comedy-drama film written and directed by Armando Iannucci, based on the 1850 novel David Copperfield by Charles Dickens. It stars Dev Patel as the title character, along with Aneurin Barnard, Peter Capaldi, Morfydd Clark, Daisy May Cooper, Rosalind Eleazar, Hugh Laurie, Tilda Swinton, Ben Whishaw and Paul Whitehouse.",https://www.rottentomatoes.com/m/the_personal_history_of_david_copperfield,"Released Aug 28, 2020",92.0,54.0,10,Medium
imthinkingofendingthings,2020,"Jesse Plemons, Jessie Buckley, Toni Collette, David Thewlis",['Thriller'],"I'm Thinking of Ending Things is a 2020 American surrealist psychological thriller film written and directed by Charlie Kaufman. It is an adaptation of the 2016 novel of the same name by Iain Reid. The plot follows a young woman who goes on a trip with her boyfriend to meet his parents ; throughout the film, the main narrative is intercut with footage of a school janitor going to work, with both stories intersecting by the third act.",https://www.rottentomatoes.com/m/im_thinking_of_ending_things,2020,82.0,50.0,4,Medium
phineasandferbthemoviecandaceagainsttheuniverse,2020,"Vincent Martella, Ashley Tisdale, David Errigo Jr., Dee Bradley Baker, Dan Povenmire, Caroline Rhea, Jeff ""Swampy"" Marsh, Alyson Stoner",['Animated'],"Phineas and Ferb the Movie: Candace Against the Universe is a 2020 American animated film produced by Disney Television Animation. Co-written and directed by Bob Bowen, the film is based on the Disney Channel and Disney XD animated television series Phineas and Ferb created by Dan Povenmire and Jeff ""Swampy"" Marsh, the second feature-length film of the Phineas and Ferb series, and a standalone sequel to Phineas and Ferb the Movie: Across the 2nd Dimension (2011). Set at some point during the summer depicted in the series and before the series finale, the film focuses on Phineas Flynn and Ferb Fletcher as they rescue their sister Candace Flynn and Doofenshmirtz's daughter Vanessa Doofenshmirtz from the planet Feebla-Oot. However, Candace becomes tempted to stay on the planet when she is treated with respect by its people, not knowing that they harbor a dark secret which involves her presence.",https://www.rottentomatoes.com/m/phineas_and_ferb_the_movie_candace_against_the_universe,2020,100.0,86.0,8,Medium
alltogethernow,2020,"Auliʻi Cravalho, Rhenzy Feliz, Judy Reyes, Justina Machado, Taylor Richardson, C.S. Lee, Fred Armisen, Carol Burnett",['Drama'],"All Together Now is a 2020 American drama film directed by Brett Haley, from a screenplay by Haley, Marc Basch, Matthew Quick and Ol Parker. It is based upon the novel Sorta Like a Rockstar by Quick. It stars Auliʻi Cravalho, Justina Machado, Fred Armisen, Carol Burnett, Judy Reyes, Taylor Richardson, Rhenzy Feliz, Gerald Isaac Waters and Anthony Jacques.",https://www.rottentomatoes.com/m/all_together_now,2008,,78.0,8,Medium
rogue,2020,"Megan Fox, Philip Winchester","['Action', 'Thriller']","Rogue is a 2020 American action thriller film directed by M. J. Bassett, who wrote the screenplay with her daughter Isabella, and starring Megan Fox and Philip Winchester. It tells the story of a mercenary whose team gets trapped in Africa and must fight to survive against both the local insurgents and a bloodthirsty lioness. The film was released on August 28, 2020.",https://www.rottentomatoes.com/m/rogue,"Released Apr 25, 2008",84.0,54.0,2,Small
rogue,2020,"Megan Fox, Philip Winchester","['Action', 'Thriller']","Rogue is a 2020 American action thriller film directed by M. J. Bassett, who wrote the screenplay with her daughter Isabella, and starring Megan Fox and Philip Winchester. It tells the story of a mercenary whose team gets trapped in Africa and must fight to survive against both the local insurgents and a bloodthirsty lioness. The film was released on August 28, 2020.",https://www.rottentomatoes.com/m/rogue,"Released Apr 25, 2008",84.0,54.0,2,Small
centigrade,2020,"Genesis Rodriguez, Vincent Piazza, Louis Cancelmi",['Thriller'],"Centigrade is a 2020 survival thriller film directed by Brendan Walsh, written by Walsh and Daley Nixon, produced by Amanda Bowers, Molly Conners, Vincent Morano, Keri Nakamoto, Jane Oster, Bradley J. Ross, and Brendan Walsh. It stars Genesis Rodriguez and Vincent Piazza.",https://www.rottentomatoes.com/m/centigrade,"Released Aug 28, 2020",41.0,22.0,3,Small
fatima,2020,"Joaquim de Almeida, Goran Višnjić, Stephanie Gil, Alejandra Howard, Jorge Lamelas, Lúcia Moniz, Marco d'Almeida, Joana Ribeiro, Harvey Keitel, Sônia Braga",['Drama'],"Fátima is a 2020 faith-based drama film directed by Marco Pontecorvo. It stars Joaquim de Almeida, Goran Višnjić, Harvey Keitel, Sônia Braga, Stephanie Gil, Alejandra Howard, Jorge Lamelas and Lúcia Moniz.",https://www.rottentomatoes.com/m/fatima,2017,,,10,Medium
alltogethernow,2020,"Auliʻi Cravalho, Rhenzy Feliz, Judy Reyes, Justina Machado, Taylor Richardson, C.S. Lee, Fred Armisen, Carol Burnett",['Drama'],"All Together Now is a 2020 American drama film directed by Brett Haley, from a screenplay by Haley, Marc Basch, Matthew Quick and Ol Parker. It is based upon the novel Sorta Like a Rockstar by Quick. It stars Auliʻi Cravalho, Justina Machado, Fred Armisen, Carol Burnett, Judy Reyes, Taylor Richardson, Rhenzy Feliz, Gerald Isaac Waters and Anthony Jacques.",https://www.rottentomatoes.com/m/all_together_now,2008,,78.0,8,Medium
loveguaranteed,2020,"Rachael Leigh Cook, Damon Wayans Jr.","['Comedy', 'Romance']","Love, Guaranteed is a 2020 American romantic comedy film directed by Mark Steven Johnson and written by Elizabeth Hackett and Hilary Galanoy, starring Rachael Leigh Cook and Damon Wayans Jr. It was released on Netflix on September 3, 2020.",https://www.rottentomatoes.com/m/love_guaranteed,2020,58.0,36.0,2,Small
mulan,2020,"Liu Yifei, Donnie Yen, Tzi Ma, Jason Scott Lee, Yoson An, Ron Yuan, Gong Li, Jet Li","['Action', 'Drama', 'Fantasy']","Mulan is a 2020 American fantasy action drama film produced by Walt Disney Pictures. Directed by Niki Caro from a screenplay by Rick Jaffa, Amanda Silver, Lauren Hynek, and Elizabeth Martin, it is a live-action adaptation of Disney's 1998 animated film of the same name, itself based on the Chinese folklore story Ballad of Mulan. The film stars Yifei Liu in the title role, alongside Donnie Yen, Tzi Ma, Jason Scott Lee, Yoson An, Ron Yuan, Gong Li, and Jet Li in supporting roles. In the film, Hua Mulan, the eldest daughter of an honored warrior, masquerades as a man to take her ailing father's place during a general conscription to counter the Rouran army in Imperial China.",https://www.rottentomatoes.com/m/mulan,"Released Jun 19, 1998",86.0,85.0,8,Medium
mulan,2020,"Liu Yifei, Donnie Yen, Tzi Ma, Jason Scott Lee, Yoson An, Ron Yuan, Gong Li, Jet Li","['Action', 'Drama', 'Fantasy']","Mulan is a 2020 American fantasy action drama film produced by Walt Disney Pictures. Directed by Niki Caro from a screenplay by Rick Jaffa, Amanda Silver, Lauren Hynek, and Elizabeth Martin, it is a live-action adaptation of Disney's 1998 animated film of the same name, itself based on the Chinese folklore story Ballad of Mulan. The film stars Yifei Liu in the title role, alongside Donnie Yen, Tzi Ma, Jason Scott Lee, Yoson An, Ron Yuan, Gong Li, and Jet Li in supporting roles. In the film, Hua Mulan, the eldest daughter of an honored warrior, masquerades as a man to take her ailing father's place during a general conscription to counter the Rouran army in Imperial China.",https://www.rottentomatoes.com/m/mulan,"Released Jun 19, 1998",86.0,85.0,8,Medium
criticalthinking,2020,"John Leguizamo, Jorge Lendeborg Jr., Angel Bismark Curiel, Will Hochman, Corwin Tuggles, Jeffry Batista, Ramses Jimenez, Rachel Bay Jones, Michael K. Williams","['Drama', 'Biography']","Critical Thinking is a 2020 American biographical drama film based on the true story of the 1998 Miami Jackson High School chess team, the first inner-city team to win the U.S. National Chess Championship.",https://www.rottentomatoes.com/m/critical_thinking,"Released Sep 4, 2020",94.0,91.0,9,Medium
theowners,2020,"Maisie Williams, Sylvester McCoy, Rita Tushingham, Jake Curran, Andrew Ellis, Ian Kenny","['Horror', 'Thriller']","The Owners is a 2020 horror thriller film adapted from the graphic novel Une nuit de pleine lune by Hermann and Yves H. Directed and co-written by Julius Berg in his feature film directorial debut, the film stars Maisie Williams, Sylvester McCoy, Rita Tushingham, Jake Curran, Ian Kenny and Andrew Ellis.",https://www.rottentomatoes.com/m/the_owners,"Released Sep 4, 2020",62.0,30.0,6,Medium
guesthouse,2020,"Pauly Shore, Mike Castle, Aimee Teegarden, Billy Zane, Steve-O, Charlotte McKinney, Mikaela Hoover",['Comedy'],"Guest House is a 2020 American comedy film co-written and directed by Sam Macaroni. The film stars Pauly Shore, Mike Castle, Aimee Teegarden, Billy Zane, Steve-O, Charlotte McKinney and Mikaela Hoover. The film released on digital and on-demand platforms on September 4, 2020.",https://www.rottentomatoes.com/m/guest_house,2020,0.0,40.0,7,Medium
thebabysitterkillerqueen,2020,"Judah Lewis, Emily Alyn Lind, Jenna Ortega, Robbie Amell, Bella Thorne, Samara Weaving","['Comedy', 'Horror']","The Babysitter: Killer Queen is a 2020 American black comedy horror film directed and produced by McG, from a screenplay he wrote with Dan Lagana, Brad Morris, and Jimmy Warden. It is a sequel to the 2017 film The Babysitter and stars Judah Lewis, Emily Alyn Lind, Jenna Ortega, Robbie Amell, Andrew Bachelor, Leslie Bibb, Hana Mae Lee, Bella Thorne, Samara Weaving, and Ken Marino. The film continues the story of Cole Johnson, two years after the events of the first film, who must again fight to ensure his survival after a secret is unburied, as he is hunted by demonic enemies, both old and new.",https://www.rottentomatoes.com/m/the_babysitter_killer_queen,2020,45.0,58.0,6,Medium
unpregnant,2020,"Haley Lu Richardson, Barbie Ferreira, Alex MacNicoll, Breckin Meyer, Giancarlo Esposito","['Comedy', 'Drama']","Unpregnant is a 2020 American female buddy road comedy-drama film co-written and directed by Rachel Lee Goldenberg. The film is based upon the novel of the same name by Ted Caplan and Jenni Hendriks. It stars Haley Lu Richardson and Barbie Ferreira, with Alex MacNicoll, Breckin Meyer, Giancarlo Esposito, Sugar Lyn Beard, and Betty Who.",https://www.rottentomatoes.com/m/unpregnant,2020,92.0,16.0,5,Medium
thedevilallthetime,2020,"Tom Holland, Bill Skarsgård, Riley Keough, Jason Clarke, Sebastian Stan, Haley Bennett, Eliza Scanlen, Mia Wasikowska, Robert Pattinson","['Crime', 'Drama', 'Thriller']","The Devil All the Time is a 2020 American psychological thriller crime drama film directed by Antonio Campos, from a screenplay co-written with his brother Paulo Campos, based on the novel of the same name by Donald Ray Pollock. The film follows several characters whose stories weave together in two Southern Ohio towns during the period from the end of World War II to the 1960s. It features an ensemble cast that includes Tom Holland, Bill Skarsgård, Riley Keough, Jason Clarke, Sebastian Stan, Haley Bennett, Eliza Scanlen, Mia Wasikowska, and Robert Pattinson.",https://www.rottentomatoes.com/m/the_devil_all_the_time,2020,65.0,79.0,9,Medium
thebrokenheartsgallery,2020,"Geraldine Viswanathan, Dacre Montgomery, Utkarsh Ambudkar, Molly Gordon, Phillipa Soo, Bernadette Peters","['Comedy', 'Romance']","The Broken Hearts Gallery is a 2020 romantic comedy film written and directed by Natalie Krinsky, in her directorial debut. Executive produced by Selena Gomez, the film stars Geraldine Viswanathan, Dacre Montgomery, Utkarsh Ambudkar, Molly Gordon, Phillipa Soo and Bernadette Peters. The plot follows a 20-something in New York City who gets dumped by her latest boyfriend and creates an art gallery to display items from people's previous relationships. The film was theatrically released in the United States on September 11, 2020, to generally positive reviews from critics.",https://www.rottentomatoes.com/m/the_broken_hearts_gallery,"Released Sep 11, 2020",80.0,88.0,6,Medium
imetagirl,2020,"Brenton Thwaites, Lily Sullivan, Joel Jackson","['Drama', 'Romance']","I Met a Girl is a 2020 Australian romantic drama film directed by Luke Eve and written by Glen Dolman. The film stars Brenton Thwaites, Lily Sullivan, Joel Jackson, Zahra Newman and Anita Hegh.",https://www.rottentomatoes.com/m/i_met_a_girl,"Released Sep 11, 2020",,,3,Small
thesecretswekeep,2020,"Noomi Rapace, Joel Kinnaman, Chris Messina","['Drama', 'Thriller']","The Secrets We Keep is a 2020 American thriller drama film directed by Yuval Adler, from a screenplay by Adler and Ryan Covington. The film stars Noomi Rapace, Joel Kinnaman, and Chris Messina.",https://www.rottentomatoes.com/m/the_secrets_we_keep,"Released Sep 16, 2020",63.0,43.0,3,Small
antebellum,2020,"Janelle Monáe, Eric Lange, Jena Malone, Jack Huston, Kiersey Clemons, Gabourey Sidibe",['Thriller'],"Antebellum is a 2020 American thriller film written and directed by Gerard Bush and Christopher Renz in their feature directorial debuts. The film stars Janelle Monáe, Eric Lange, Jena Malone, Jack Huston, Kiersey Clemons, and Gabourey Sidibe, and follows a 21st century African-American woman who wakes to find herself mysteriously in a Southern slave plantation from which she must escape.",https://www.rottentomatoes.com/m/antebellum,2020,31.0,50.0,6,Medium
thenest,2020,"Jude Law, Carrie Coon, Charlie Shotwell, Oona Roche, Adeel Akhtar","['Drama', 'Romance']","The Nest is a 2020 romantic drama film written, directed, and produced by Sean Durkin. The film stars stars Jude Law, Carrie Coon, Charlie Shotwell, Oona Roche, and Adeel Akhtar.",https://www.rottentomatoes.com/m/the_nest,2016,,,5,Medium
thenest,2020,"Jude Law, Carrie Coon, Charlie Shotwell, Oona Roche, Adeel Akhtar","['Drama', 'Romance']","The Nest is a 2020 romantic drama film written, directed, and produced by Sean Durkin. The film stars stars Jude Law, Carrie Coon, Charlie Shotwell, Oona Roche, and Adeel Akhtar.",https://www.rottentomatoes.com/m/the_nest,2016,,,5,Medium
blackbird,2020,"Susan Sarandon, Kate Winslet, Mia Wasikowska, Lindsay Duncan, Rainn Wilson, Bex Taylor-Klaus, Sam Neill",['Drama'],"Blackbird is a 2019 American drama film directed by Roger Michell and written by Christian Torpe. It is a remake of the 2014 Danish film Silent Heart, also written by Torpe. It stars Susan Sarandon, Kate Winslet, Mia Wasikowska, Lindsay Duncan, Rainn Wilson, Bex Taylor-Klaus, and Sam Neill.",https://www.rottentomatoes.com/m/blackbird,2019,,,7,Medium
blackbird,2020,"Susan Sarandon, Kate Winslet, Mia Wasikowska, Lindsay Duncan, Rainn Wilson, Bex Taylor-Klaus, Sam Neill",['Drama'],"Blackbird is a 2019 American drama film directed by Roger Michell and written by Christian Torpe. It is a remake of the 2014 Danish film Silent Heart, also written by Torpe. It stars Susan Sarandon, Kate Winslet, Mia Wasikowska, Lindsay Duncan, Rainn Wilson, Bex Taylor-Klaus, and Sam Neill.",https://www.rottentomatoes.com/m/blackbird,2019,,,7,Medium
lostgirlslovehotels,2020,"Alexandra Daddario, Takehiro Hira, Carice van Houten","['Drama', 'Erotic', 'Thriller']","Lost Girls & Love Hotels is a 2020 American erotic thriller drama film directed by William Olsson from a screenplay by Catherine Hanrahan, based on Hanrahan's 2006 novel Lost Girls and Love Hotels. The film stars Alexandra Daddario as an American English teacher in Tokyo, who loses herself to the city's nightlife and begins an affair with a member of the Yakuza gangs. It was released through video on demand on September 18, 2020, by Astrakan Film AB.",https://www.rottentomatoes.com/m/lost_girls_and_love_hotels,"Released Sep 18, 2020",50.0,34.0,3,Small
enolaholmes,2020,"Millie Bobby Brown, Henry Cavill, Sam Claflin, Adeel Akhtar, Fiona Shaw, Frances de la Tour, Louis Partridge, Susie Wokoma, Helena Bonham Carter",['Mystery'],"Enola Holmes is a 2020 mystery film starring Millie Bobby Brown as the title character, the teenage sister of the already famous Victorian-era detective Sherlock Holmes. The film is directed by Harry Bradbeer from a screenplay by Jack Thorne that adapts the first novel in The Enola Holmes Mysteries series by Nancy Springer. In the film, Enola travels to London to find her missing mother but ends up on a thrilling adventure, pairing up with a runaway lord as they attempt to solve a mystery that threatens the entire country. In addition to Brown, the film also stars Sam Claflin, Henry Cavill, and Helena Bonham Carter.",https://www.rottentomatoes.com/m/enola_holmes,2020,91.0,71.0,9,Medium
thetrialofthechicago7,2020,"Yahya Abdul-Mateen II, Sacha Baron Cohen, Danny Flaherty, Joseph Gordon-Levitt, Michael Keaton, Frank Langella, John Carroll Lynch, Eddie Redmayne, Noah Robbins, Mark Rylance, Alex Sharp, Jeremy Strong","['Drama', 'Historical', 'Legal']","The Trial of the Chicago 7 is a 2020 American historical legal drama film written and directed by Aaron Sorkin. The film follows the Chicago Seven, a group of anti–Vietnam War protesters charged with conspiracy and crossing state lines with the intention of inciting riots at the 1968 Democratic National Convention in Chicago. It features an ensemble cast including Yahya Abdul-Mateen II, Sacha Baron Cohen, Daniel Flaherty, Joseph Gordon-Levitt, Michael Keaton, Frank Langella, John Carroll Lynch, Eddie Redmayne, Noah Robbins, Mark Rylance, Alex Sharp, Ben Shenkman, and Jeremy Strong.",https://www.rottentomatoes.com/m/the_trial_of_the_chicago_7,"Released Oct 16, 2020",89.0,90.0,12,Medium
ava,2020,"Jessica Chastain, John Malkovich, Common, Geena Davis, Colin Farrell, Ioan Gruffudd, Joan Chen","['Action', 'Thriller']","Ava is a 2020 American action thriller film directed by Tate Taylor written by Matthew Newton and produced by Chastain's production company, Freckle Films. The film stars Jessica Chastain, John Malkovich, Common, Geena Davis, Colin Farrell, Ioan Gruffudd and Joan Chen.",https://www.rottentomatoes.com/m/ava,2017,85.0,67.0,7,Medium
kajillionaire,2020,"Evan Rachel Wood, Richard Jenkins, Debra Winger, Gina Rodriguez","['Comedy', 'Crime', 'Drama']","Kajillionaire is a 2020 American crime comedy-drama film written and directed by Miranda July. The film stars Evan Rachel Wood, Debra Winger and Richard Jenkins as members of a petty criminal family whose relationship becomes frayed when a stranger played by Gina Rodriguez joins their schemes.",https://www.rottentomatoes.com/m/kajillionaire,"Released Sep 25, 2020",90.0,47.0,4,Medium
thelastshift,2020,"Richard Jenkins, Shane Paul McGhie, Da'Vine Joy Randolph, Birgundi Baker, Allison Tolman, Ed O'Neill","['Comedy', 'Drama']","The Last Shift is a 2020 American comedy-drama film written and directed by Andrew Cohn in his narrative directorial debut. It stars Richard Jenkins, Shane Paul McGhie, Da'Vine Joy Randolph, Birgundi Baker, Allison Tolman and Ed O'Neill.",https://www.rottentomatoes.com/m/the_last_shift,"Released Sep 25, 2020",64.0,37.0,6,Medium
shesinportland,2020,"Tommy Dewey, François Arnaud, Minka Kelly","['Comedy', 'Drama']","She's in Portland is a 2020 American comedy drama film directed by Marc Carlini and written by Carlini and Patrick Alexander. It stars Tommy Dewey, François Arnaud and Minka Kelly.",https://www.rottentomatoes.com/m/shes_in_portland,2020,67.0,56.0,3,Small
sightless,2020,"Madelaine Petsch, Alexander Koch","['Short', 'Thriller']","Sightless is a 2020 American psychological thriller film written and directed by Cooper Karl, based on his 2017 short film of the same name. The film stars Madelaine Petsch and Alexander Koch.",https://www.rottentomatoes.com/m/sightless,2020,40.0,41.0,2,Small
theboysintheband,2020,"Jim Parsons, Zachary Quinto, Matt Bomer, Andrew Rannells, Charlie Carver, Robin de Jesus, Brian Hutchison, Michael Benjamin Washington, Tuc Watkins",['Drama'],"The Boys in the Band is a 2020 American drama film directed by Joe Mantello, based on the 1968 play of the same name by Mart Crowley, who also wrote the screenplay alongside Ned Martel. Crowley had previously adapted The Boys in the Band for a 1970 film version directed by William Friedkin and starring the original 1968 Off-Broadway cast. The film stars the full roster of players from the play's 2018 Broadway revival, comprising a cast of exclusively openly-gay actors, such as Jim Parsons, Zachary Quinto, Matt Bomer, Andrew Rannells, Charlie Carver, Robin de Jesús, Brian Hutchison, Michael Benjamin Washington, and Tuc Watkins.",https://www.rottentomatoes.com/m/the_boys_in_the_band,2020,84.0,74.0,9,Medium
theboysintheband,2020,"Jim Parsons, Zachary Quinto, Matt Bomer, Andrew Rannells, Charlie Carver, Robin de Jesus, Brian Hutchison, Michael Benjamin Washington, Tuc Watkins",['Drama'],"The Boys in the Band is a 2020 American drama film directed by Joe Mantello, based on the 1968 play of the same name by Mart Crowley, who also wrote the screenplay alongside Ned Martel. Crowley had previously adapted The Boys in the Band for a 1970 film version directed by William Friedkin and starring the original 1968 Off-Broadway cast. The film stars the full roster of players from the play's 2018 Broadway revival, comprising a cast of exclusively openly-gay actors, such as Jim Parsons, Zachary Quinto, Matt Bomer, Andrew Rannells, Charlie Carver, Robin de Jesús, Brian Hutchison, Michael Benjamin Washington, and Tuc Watkins.",https://www.rottentomatoes.com/m/boys_in_the_band,"Released Mar 17, 1970",90.0,87.0,9,Medium
theboysintheband,2020,"Jim Parsons, Zachary Quinto, Matt Bomer, Andrew Rannells, Charlie Carver, Robin de Jesus, Brian Hutchison, Michael Benjamin Washington, Tuc Watkins",['Drama'],"The Boys in the Band is a 2020 American drama film directed by Joe Mantello, based on the 1968 play of the same name by Mart Crowley, who also wrote the screenplay alongside Ned Martel. Crowley had previously adapted The Boys in the Band for a 1970 film version directed by William Friedkin and starring the original 1968 Off-Broadway cast. The film stars the full roster of players from the play's 2018 Broadway revival, comprising a cast of exclusively openly-gay actors, such as Jim Parsons, Zachary Quinto, Matt Bomer, Andrew Rannells, Charlie Carver, Robin de Jesús, Brian Hutchison, Michael Benjamin Washington, and Tuc Watkins.",https://www.rottentomatoes.com/m/the_boys_in_the_band,2020,84.0,74.0,9,Medium
theboysintheband,2020,"Jim Parsons, Zachary Quinto, Matt Bomer, Andrew Rannells, Charlie Carver, Robin de Jesus, Brian Hutchison, Michael Benjamin Washington, Tuc Watkins",['Drama'],"The Boys in the Band is a 2020 American drama film directed by Joe Mantello, based on the 1968 play of the same name by Mart Crowley, who also wrote the screenplay alongside Ned Martel. Crowley had previously adapted The Boys in the Band for a 1970 film version directed by William Friedkin and starring the original 1968 Off-Broadway cast. The film stars the full roster of players from the play's 2018 Broadway revival, comprising a cast of exclusively openly-gay actors, such as Jim Parsons, Zachary Quinto, Matt Bomer, Andrew Rannells, Charlie Carver, Robin de Jesús, Brian Hutchison, Michael Benjamin Washington, and Tuc Watkins.",https://www.rottentomatoes.com/m/boys_in_the_band,"Released Mar 17, 1970",90.0,87.0,9,Medium
theglorias,2020,"Julianne Moore, Alicia Vikander, Timothy Hutton, Lorraine Toussaint, Janelle Monáe, Bette Midler","['Drama', 'Biography']","The Glorias is a 2020 American biographical drama film directed and produced by Julie Taymor, from a screenplay by Taymor and Sarah Ruhl. The film is based upon My Life on the Road by Gloria Steinem who is represented by four actresses in the movie who portray her life in different ages. It stars Julianne Moore as Steinem, with Alicia Vikander portraying a younger Steinem, from ages 20 to 40, Lulu Wilson portraying a teenage Steinem, and Ryan Kiera Armstrong as Steinem when she was a child. The cast also includes Lorraine Toussaint, Janelle Monáe, and Bette Midler.",https://www.rottentomatoes.com/m/the_glorias,2020,68.0,84.0,6,Medium
ontherocks,2020,"Rashida Jones, Bill Murray, Marlon Wayans, Jessica Henwick, Jenny Slate","['Comedy', 'Drama']","On the Rocks is a 2020 American comedy-drama film written and directed by Sofia Coppola. It follows a father and daughter as they harbor suspicions about her husband's fidelity. It had its world premiere at the New York Film Festival on September 22, 2020. It received a limited theatrical release on October 2, 2020, by A24, followed by digital streaming on October 23, 2020, by Apple TV+. It received positive reviews from critics, who noted it as lighter than Coppola's previous films, and praised Murray’s performance. The film was released on Blu-ray and DVD on October 26, 2021, by Lionsgate Home Entertainment.",https://www.rottentomatoes.com/m/on_the_rocks,"Released Oct 2, 2020",87.0,50.0,5,Medium
spontaneous,2020,"Katherine Langford, Charlie Plummer, Hayley Law, Piper Perabo, Rob Huebel, Yvonne Orji","['Comedy', 'Horror', 'Romance']","Spontaneous is a 2020 American coming-of-age romantic black comedy horror film, written and directed by Brian Duffield, in his directorial debut. It stars Katherine Langford, Charlie Plummer, Hayley Law, Piper Perabo, Rob Huebel and Yvonne Orji and is based on the 2016 novel of the same name by Aaron Starmer.",https://www.rottentomatoes.com/m/spontaneous,"Released Oct 2, 2020",96.0,68.0,6,Medium
vampiresvsthebronx,2020,"Jaden Michael, Gerald W. Jones III, Gregory Diaz IV, Sarah Gadon, Coco Jones, The Kid Mero, Method Man, Chris Redd, Shea Whigham","['Comedy', 'Horror']","Vampires vs. the Bronx is a 2020 American comedy horror film directed by Oz Rodriguez and written by Oz Rodriguez and Blaise Hemingway. Vampires vs. the Bronx follows a group of teenagers who are forced to protect their neighborhood in the Bronx when a gathering of vampires invades. It stars Jaden Michael, Gerald W. Jones III, Gregory Diaz IV, Sarah Gadon, Method Man, Shea Whigham, and Coco Jones.",https://www.rottentomatoes.com/m/vampires_vs_the_bronx,2019,90.0,45.0,9,Medium
deathofme,2020,"Maggie Q, Alex Essoe, Luke Hemsworth",['Horror'],"Death of Me is a 2020 American horror film, directed by Darren Lynn Bousman, from a screenplay by Arli Margolis, James Morley III and David Tish. It stars Maggie Q, Alex Essoe, and Luke Hemsworth.",https://www.rottentomatoes.com/m/death_of_me,"Released Oct 2, 2020",31.0,23.0,3,Small
thecall,2020,"Lin Shaye, Tobin Bell",['Horror'],"The Call is a 2020 American horror film directed by Timothy Woodward Jr. and starring Lin Shaye, Tobin Bell, Erin Sanders, and Chester Rushing. The film was written by Patrick Stibbs.",https://www.rottentomatoes.com/m/the_call,2014,,,2,Small
thecall,2020,"Lin Shaye, Tobin Bell",['Horror'],"The Call is a 2020 American horror film directed by Timothy Woodward Jr. and starring Lin Shaye, Tobin Bell, Erin Sanders, and Chester Rushing. The film was written by Patrick Stibbs.",https://www.rottentomatoes.com/m/the_call,2014,,,2,Small
americanpiepresentsgirlsrules,2020,"Madison Pettis, Lizze Broadway, Piper Curda, Natasha Behnam, Darren Barnet, Zachary Gordon","['Comedy', 'Erotic']","American Pie Presents: Girls' Rules is a 2020 American straight-to-DVD sex comedy film directed by Mike Elliott. It is the fifth installment of the American Pie Presents film series, a spin-off of the American Pie franchise and the ninth overall installment. It is also the first film in the franchise to neither feature Eugene Levy nor contain any nudity. The film serves as a standalone sequel, revolving around Steve Stifler's cousin Stephanie and her friends.",https://www.rottentomatoes.com/m/american_pie_presents_girls_rules,2020,30.0,14.0,6,Medium
thelie,2020,"Mireille Enos, Peter Sarsgaard, Joey King",['Horror'],"The Lie is a 2018 psychological horror film written and directed by Veena Sud. The film is a remake of the 2015 German film We Monsters, and stars Mireille Enos, Peter Sarsgaard and Joey King. Jason Blum serves as a producer under his Blumhouse Television banner.",https://www.rottentomatoes.com/m/the_lie,"Released Nov 18, 2011",74.0,48.0,3,Small
blackbox,2020,"Mamoudou Athie, Phylicia Rashad","['Horror', 'Science Fiction']","Black Box is a 2020 American science fiction horror film directed by Emmanuel Osei-Kuffour Jr. and written by him and Stephen Herman. The film stars Mamoudou Athie, Phylicia Rashad, Amanda Christine, Tosin Morohunfola and Charmaine Bingwa. Jason Blum executive produced under his Blumhouse Television banner.",https://www.rottentomatoes.com/m/black_box,2020,71.0,65.0,2,Small
hubiehalloween,2020,"Adam Sandler, Kevin James, Julie Bowen, Ray Liotta, Rob Schneider, June Squibb, Kenan Thompson, Shaquille O'Neal, Steve Buscemi, Maya Rudolph","['Comedy', 'Horror', 'Mystery']","Hubie Halloween is a 2020 American mystery horror comedy film directed by Steve Brill, co-written by Tim Herlihy and Adam Sandler, who also stars in the title role, and co-starring an ensemble supporting cast consisting of Kevin James, Julie Bowen, Ray Liotta, Rob Schneider, June Squibb, Kenan Thompson, Shaquille O'Neal, Steve Buscemi, and Maya Rudolph. The film follows a Halloween-loving delicatessen worker who must save the town of Salem, Massachusetts, from a kidnapper.",https://www.rottentomatoes.com/m/hubie_halloween,2020,52.0,48.0,10,Medium
booksofblood,2020,"Britt Robertson, Anna Friel, Rafi Gavron, Yul Vazquez",['Horror'],"Books of Blood is a 2020 American anthology horror film directed by Brannon Braga and co-written by Braga and Adam Simon. It is based on Books of Blood by Clive Barker and is the second film adaptation after Book of Blood (2009). The film premiered at the 2020 Screamfest Horror Film Festival on October 6, 2020, and was released on Hulu the following day. This was the final production by Touchstone Television before being folded into 20th Television.",https://www.rottentomatoes.com/m/books_of_blood,2020,20.0,33.0,4,Medium
charmcitykings,2020,"Jahi Di'Allo Winston, Meek Mill, Will Catlett, Teyonah Parris",['Drama'],"Charm City Kings is a 2020 American drama film directed by Angel Manuel Soto from a screenplay by Sherman Payne and a story by Chris Boyd, Kirk Sullivan, and Barry Jenkins. It is based on the 2013 documentary 12 O'Clock Boys by Lotfy Nathan. It stars Jahi Di'Allo Winston, Meek Mill, Will Catlett, and Teyonah Parris.",https://www.rottentomatoes.com/m/charm_city_kings,2020,79.0,67.0,4,Medium
thewarwithgrandpa,2020,"Robert De Niro, Uma Thurman, Rob Riggle, Oakes Fegley, Cheech Marin, Jane Seymour, Christopher Walken","['Comedy', 'Family']","The War with Grandpa is a 2020 American family comedy film directed by Tim Hill, from a screenplay by Tom J. Astle and Matt Ember, based upon the novel of the same name by Robert Kimmel Smith. The film is about a young boy named Peter who fights in a prank war with his grandfather to get his grandfather to move out of his room after he moves in with his family. Uma Thurman, Rob Riggle, Laura Marano, Cheech Marin, Jane Seymour, and Christopher Walken also star.",https://www.rottentomatoes.com/m/the_war_with_grandpa,"Released Oct 9, 2020",29.0,85.0,7,Medium
arainydayinnewyork,2020,"Timothée Chalamet, Elle Fanning, Selena Gomez, Jude Law, Diego Luna, Liev Schreiber","['Comedy', 'Romance']","A Rainy Day in New York is a 2019 American romantic comedy film written and directed by Woody Allen, and starring Timothée Chalamet, Elle Fanning, Selena Gomez, Jude Law, Diego Luna, and Liev Schreiber. The film follows the romantic exploits of two young college students, Gatsby and Ashleigh, while on a weekend visit to New York City, Gatsby's hometown. He hopes to deepen their relationship while she is in the city to interview a film director for their college newspaper.",https://www.rottentomatoes.com/m/a_rainy_day_in_new_york,"Released Oct 9, 2020",47.0,56.0,6,Medium
yellowrose,2020,"Eva Noblezada, Dale Watson, Princess Punzalan, Lea Salonga","['Drama', 'Musical']","Yellow Rose is a 2019 American-Filipino musical drama film co-written and directed by Diane Paragas. It is produced by Cecilia R. Mejia, Diane Paragas, Rey Cuerdo, Orian Williams, and Jeremiah Abraham. The film stars Eva Noblezada, Dale Watson, Princess Punzalan, and Lea Salonga. The plot follows Rose, a Filipina undocumented immigrant, who dreams of leaving her small town in Texas to pursue her country music dreams. Her plan is put on hold when her mother is taken by Immigration and Customs Enforcement and Rose is forced to flee to Austin, Texas.",https://www.rottentomatoes.com/m/yellow_rose,"Released Oct 9, 2020",87.0,76.0,4,Medium
nocturne,2020,"Sydney Sweeney, Madison Iseman, Jacques Colimon, Ivan Shaw","['Horror', 'Supernatural']","Nocturne is a 2020 American supernatural horror film written and directed by Zu Quirke. The film stars Sydney Sweeney, Madison Iseman, Jacques Colimon and Ivan Shaw. Jason Blum serves as a producer under his Blumhouse Television banner.",https://www.rottentomatoes.com/m/nocturne,"Released Nov 11, 1946",,47.0,4,Medium
evileye,2020,"Sarita Choudhury, Sunita Mani, Omar Maskati, Bernard White","['Horror', 'Supernatural']","Evil Eye is a 2020 American supernatural horror film directed by Elan and Rajeev Dassani and written by Madhuri Shekar, based on her Audible Original audio play of the same name. The film stars Sarita Choudhury, Sunita Mani and Omar Maskati. It was executive produced by Jason Blum of Blumhouse Television and Priyanka Chopra of Purple Pebble Pictures.",https://www.rottentomatoes.com/m/evil_eye,2015,,,4,Medium
ababysittersguidetomonsterhunting,2020,"Tamara Smart, Oona Laurence, Tom Felton, Indya Moore","['Comedy', 'Fantasy']","A Babysitter's Guide to Monster Hunting is a 2020 American dark fantasy comedy film directed by Rachel Talalay and distributed by Netflix. The film was written by Joe Ballarini and is based on his book trilogy of the same name. It stars Tom Felton, Indya Moore, Tamara Smart and Oona Laurence.",https://www.rottentomatoes.com/m/a_babysitters_guide_to_monster_hunting,"Released Oct 14, 2020",65.0,,4,Medium
loveandmonsters,2020,"Dylan O'Brien, Jessica Henwick, Dan Ewing, Ariana Greenblatt, Michael Rooker",['Adventure'],"Love and Monsters is a 2020 American post-apocalyptic monster adventure film directed by Michael Matthews, with Shawn Levy and Dan Cohen serving as producers. The film stars Dylan O'Brien, Jessica Henwick, Dan Ewing, Michael Rooker, and Ariana Greenblatt.",https://www.rottentomatoes.com/m/love_and_monsters,"Released Oct 16, 2020",94.0,89.0,5,Medium
honestthief,2020,"Liam Neeson, Kate Walsh, Robert Patrick, Anthony Ramos, Jeffrey Donovan, Jai Courtney","['Action', 'Thriller']","Honest Thief is a 2020 American action thriller film directed by Mark Williams, from a screenplay by Williams and Steve Allrich. The film stars Liam Neeson, Kate Walsh, Jai Courtney, Jeffrey Donovan, Anthony Ramos and Robert Patrick, and follows a brooding former bank robber who decides to turn himself in to the FBI, only to be set up by corrupt agents.",https://www.rottentomatoes.com/m/honest_thief,"Released Oct 16, 2020",41.0,87.0,6,Medium
clouds,2020,"Fin Argus, Sabrina Carpenter, Madison Iseman, Lil Rel Howery, Neve Campbell, Tom Everett Scott","['Drama', 'Musical', 'Teen', 'Biography', 'Romance']","Clouds is a 2020 American biographical romantic musical drama teen film directed and produced by Justin Baldoni and written by Kara Holden from a story by Holden, Patrick Kopka, and Casey La Scala. It is based upon the memoir Fly a Little Higher: How God Answered a Mom's Small Prayer in a Big Way by Laura Sobiech. The film stars Fin Argus, Sabrina Carpenter, Madison Iseman, Neve Campbell, Tom Everett Scott, and Lil Rel Howery, and tells the story of Zach Sobiech, a teenager from Minnesota who has osteosarcoma, and decides to follow his dream of becoming a musician after finding out he is dying.",https://www.rottentomatoes.com/m/clouds,2000,,,6,Medium
thedevilhasaname,2020,"David Strathairn, Kate Bosworth, Pablo Schreiber, Edward James Olmos, Katie Aselton, Haley Joel Osment, Alfred Molina, Martin Sheen",['Comedy'],"The Devil Has a Name is a 2019 American dark comedy film starring and directed by Edward James Olmos. It also stars David Strathairn, Kate Bosworth, Pablo Schreiber, Katie Aselton, Haley Joel Osment, Alfred Molina, and Martin Sheen. The film premiered at the 2019 Los Angeles Latino International Film Festival. It was then released in the United States in selected theaters, through video on demand, and on digital platforms on October 16, 2020, by Momentum Pictures.",https://www.rottentomatoes.com/m/the_devil_has_a_name,"Released Oct 16, 2020",35.0,38.0,8,Medium
thekiddetective,2020,"Adam Brody, Sophie Nélisse, Tzi Ma, Wendy Crewson, Sarah Sutherland","['Comedy', 'Drama', 'Mystery']","The Kid Detective is a 2020 Canadian mystery comedy-drama film written and directed by Evan Morgan and starring Adam Brody, Sophie Nélisse, Wendy Crewson, Sarah Sutherland, and Tzi Ma. It was inspired by the Encyclopedia Brown book series.",https://www.rottentomatoes.com/m/the_kid_detective,"Released Oct 16, 2020",85.0,77.0,5,Medium
alone,2020,"Tyler Posey, Summer Spiro, Robert Ri'chard, Donald Sutherland",['Horror'],"Alone is a 2020 American horror film directed by Johnny Martin and starring Tyler Posey and Donald Sutherland. The film follows a young man who barricades himself inside his apartment during a zombie apocalypse. The film was released on October 16, 2020.",https://www.rottentomatoes.com/m/alone,2007,,58.0,4,Medium
2hearts,2020,"Jacob Elordi, Adan Canto, Tiera Skovbye, Radha Mitchell","['Drama', 'Romance']","2 Hearts is a 2020 American romantic drama film directed by Lance Hool and starring Jacob Elordi, Adan Canto, Tiera Skovbye and Radha Mitchell. It is based on the true story of Leslie and Jorge Bacardi and Christopher Gregory. The film was theatrically released in the United States on October 16, 2020, receiving generally negative reviews from critics.",https://www.rottentomatoes.com/m/2_hearts,"Released Oct 16, 2020",17.0,87.0,4,Medium
theopeningact,2020,"Jimmy O. Yang, Alex Moffat, Cedric the Entertainer",['Comedy'],"The Opening Act is a 2020 American comedy film written and directed by Steve Byrne, in his directorial debut. It stars Jimmy O. Yang, Alex Moffat, Cedric the Entertainer, Neal Brennan, Bill Burr, Whitney Cummings, Jermaine Fowler, Ken Jeong, Russell Peters, and Debby Ryan.",https://www.rottentomatoes.com/m/the_opening_act,"Released Oct 16, 2020",81.0,83.0,3,Small
tremorsshriekerisland,2020,"Michael Gross, Jon Heder",['Horror'],Tremors: Shrieker Island is a 2020 American direct-to-video horror monster film directed by Don Michael Paul and co-written with Brian Brightly. It is the seventh film in the Tremors franchise. The film stars Michael Gross and Jon Heder.,https://www.rottentomatoes.com/m/tremors_shrieker_island,2020,44.0,38.0,2,Small
thewitches,2020,"Anne Hathaway, Octavia Spencer, Stanley Tucci, Jahzir Bruno, Codie-Lei Eastick, Kristin Chenoweth, Chris Rock","['Comedy', 'Supernatural']","Roald Dahl's The Witches, or simply The Witches, is a 2020 supernatural comedy film directed by Robert Zemeckis and written by Zemeckis, Kenya Barris, and Guillermo del Toro. It is based on the 1983 novel of the same name by Roald Dahl and is the second feature-length adaptation of the novel, after the 1990 film of the same name directed by Nicolas Roeg. The film stars Anne Hathaway, Octavia Spencer, and Stanley Tucci, and is narrated by Chris Rock.",https://www.rottentomatoes.com/m/the_witches,"Released Feb 16, 1990",94.0,70.0,7,Medium
thewitches,2020,"Anne Hathaway, Octavia Spencer, Stanley Tucci, Jahzir Bruno, Codie-Lei Eastick, Kristin Chenoweth, Chris Rock","['Comedy', 'Supernatural']","Roald Dahl's The Witches, or simply The Witches, is a 2020 supernatural comedy film directed by Robert Zemeckis and written by Zemeckis, Kenya Barris, and Guillermo del Toro. It is based on the 1983 novel of the same name by Roald Dahl and is the second feature-length adaptation of the novel, after the 1990 film of the same name directed by Nicolas Roeg. The film stars Anne Hathaway, Octavia Spencer, and Stanley Tucci, and is narrated by Chris Rock.",https://www.rottentomatoes.com/m/the_witches,"Released Feb 16, 1990",94.0,70.0,7,Medium
overthemoon,2020,"Cathy Ang, Phillipa Soo, Ken Jeong, John Cho, Ruthie Ann Miles, Margaret Cho, Sandra Oh","['Animated', 'Fantasy', 'Musical']","Over the Moon is a 2020 computer-animated musical fantasy film directed by Glen Keane and co-directed by John Kahrs, from a screenplay by Audrey Wells with additional screenplay material by Alice Wu and Jennifer Yee McDevitt. The film was produced by Pearl Studio and Netflix Animation, and animated by Sony Pictures Imageworks. It stars the voices of Cathy Ang, Phillipa Soo, Ken Jeong, John Cho, Ruthie Ann Miles, Margaret Cho, and Sandra Oh. The plot follows an adventurous girl named Fei Fei, who builds a rocket ship to meet a mythical goddess on the moon.",https://www.rottentomatoes.com/m/over_the_moon,1940,,33.0,7,Medium
boratsubsequentmoviefilm,2020,"Sacha Baron Cohen, Maria Bakalova","['Comedy', 'Satire']","Borat Subsequent Moviefilm: Delivery of Prodigious Bribe to American Regime for Make Benefit Once Glorious Nation of Kazakhstan is a 2020 mockumentary black comedy directed by Jason Woliner. The film stars Sacha Baron Cohen as the fictional Kazakh journalist and television personality Borat Sagdiyev, and Maria Bakalova as his daughter Tutar, who is to be offered as a bride to then-U.S. vice president Mike Pence during the COVID-19 pandemic and the 2020 presidential election. It is a sequel to 2006's Borat: Cultural Learnings of America for Make Benefit Glorious Nation of Kazakhstan.",https://www.rottentomatoes.com/m/borat_subsequent_moviefilm,2020,85.0,62.0,2,Small
afterwecollided,2020,"Josephine Langford, Hero Fiennes Tiffin, Dylan Sprouse, Shane Paul McGhie, Candice King, Khadijha Red Thunder, Inanna Sarkis, Samuel Larsen, Selma Blair","['Drama', 'Romance']","After We Collided is a 2020 American romantic drama film directed by Roger Kumble, and written by Anna Todd and Mario Celaya. Based on the 2014 novel of the same name by Todd, it is the sequel to After (2019) and the second overall installment in the After film series. The film stars Josephine Langford and Hero Fiennes Tiffin reprising their roles as Tessa Young and Hardin Scott, respectively, with Dylan Sprouse, Shane Paul McGhie, Candice King, Khadijha Red Thunder, Inanna Sarkis, Samuel Larsen, and Selma Blair in supporting roles.",https://www.rottentomatoes.com/m/after_we_collided,"Released Oct 23, 2020",12.0,93.0,9,Medium
theemptyman,2020,"James Badge Dale, Marin Ireland, Stephen Root, Ron Canada, Robert Aramayo, Joel Courtney, Sasha Frolova","['Horror', 'Supernatural']","The Empty Man is a 2020 supernatural horror film written and directed by David Prior in his feature directorial debut, based on Cullen Bunn and Vanesa R. Del Rey's graphic novel of same name published by Boom! Studios. The film stars James Badge Dale, Marin Ireland, Stephen Root, Ron Canada, Robert Aramayo, Joel Courtney, and Sasha Frolova. It follows an ex-cop who, upon an investigation into a missing girl, discovers a secret cult.",https://www.rottentomatoes.com/m/the_empty_man,"Released Oct 23, 2020",76.0,61.0,7,Medium
synchronic,2020,"Anthony Mackie, Jamie Dornan","['Horror', 'Science Fiction']","Synchronic is a 2019 American science fiction horror film written by Justin Benson, who also directed and produced with Aaron Moorhead. It shares continuity with other films by Benson and Moorhead, following Resolution and The Endless. Synchronic stars Anthony Mackie and Jamie Dornan as paramedics who investigate a series of inexplicable deaths and their connection to a new designer drug.",https://www.rottentomatoes.com/m/synchronic,"Released Oct 23, 2020",79.0,76.0,2,Small
badhair,2020,"Elle Lorraine, Vanessa Williams, Jay Pharoah, Lena Waithe, Blair Underwood, Laverne Cox","['Comedy', 'Horror']","Bad Hair is a 2020 American satirical comedy horror film written, directed, and produced by Justin Simien. The film stars Elle Lorraine, Jay Pharoah, Lena Waithe, Kelly Rowland, Laverne Cox, Chanté Adams, James Van Der Beek, Usher Raymond IV, Blair Underwood, and Vanessa Williams.",https://www.rottentomatoes.com/m/bad_hair,2013,95.0,69.0,6,Medium
friendsgiving,2020,"Malin Åkerman, Kat Dennings, Aisha Tyler, Chelsea Peretti, Ryan Hansen","['Comedy', 'Drama']","Friendsgiving is a 2020 American comedy-drama film, written, and directed by Nicol Paone in her directorial debut, premiering on October 23, 2020, produced by Saban Films. It stars Malin Åkerman, Kat Dennings, Aisha Tyler, Chelsea Peretti, Christine Taylor, Jane Seymour, Deon Cole, Wanda Sykes, Margaret Cho, Fortune Feimster, Jack Donnelly, and Ryan Hansen. The film received generally negative reviews.",https://www.rottentomatoes.com/m/friendsgiving,"Released Oct 23, 2020",19.0,22.0,5,Medium
thecraftlegacy,2020,"Cailee Spaeny, Gideon Adlon, Lovie Simone, Zoey Luna, Michelle Monaghan, David Duchovny","['Horror', 'Supernatural']","The Craft: Legacy, also known as Blumhouse's The Craft: Legacy, is a 2020 American supernatural horror film written and directed by Zoe Lister-Jones. A stand-alone sequel to The Craft (1996), the film stars Cailee Spaeny, Gideon Adlon, Lovie Simone, and Zoey Luna as four teenage girls who practice witchcraft as a coven. Additional cast include Nicholas Galitzine, Michelle Monaghan, and David Duchovny, with Fairuza Balk making a cameo appearance.",https://www.rottentomatoes.com/m/the_craft_legacy,2020,48.0,25.0,6,Medium
holidate,2020,"Emma Roberts, Luke Bracey, Kristin Chenoweth","['Comedy', 'Romance']","Holidate is a 2020 American romantic comedy film directed by John Whitesell, from a screenplay by Tiffany Paulsen. It stars Emma Roberts, Luke Bracey, Jake Manley, Jessica Capshaw, Andrew Bachelor, Frances Fisher, Manish Dayal and Kristin Chenoweth. The film was released on Netflix on October 28, 2020.",https://www.rottentomatoes.com/m/holidate,2020,45.0,54.0,3,Small
comeplay,2020,"Gillian Jacobs, John Gallagher Jr., Azhy Robertson, Winslow Fegley","['Horror', 'Short', 'Thriller']","Come Play is a 2020 American horror thriller film written and directed by Jacob Chase, based on his own short film titled Larry. The film stars Gillian Jacobs, John Gallagher Jr., Azhy Robertson, and Winslow Fegley.",https://www.rottentomatoes.com/m/come_play,"Released Oct 30, 2020",56.0,67.0,4,Medium
hishouse,2020,"Wunmi Mosaku, ., Sope Dirisu, Matt Smith","['Horror', 'Thriller']","His House is a 2020 horror thriller film written and directed by Remi Weekes from a story by Felicity Evans and Toby Venables. It stars Wunmi Mosaku, Sope Dirisu and Matt Smith. The film tells the story of a refugee couple from South Sudan, struggling to adjust to their new life in an English town that has an evil lurking beneath the surface.",https://www.rottentomatoes.com/m/his_house,2020,100.0,73.0,4,Medium
spell,2020,"Omari Hardwick, Loretta Devine","['Horror', 'Supernatural', 'Thriller']","Spell is a 2020 American supernatural horror thriller film directed by Mark Tonderai and starring Omari Hardwick and Loretta Devine. It was released in the United States through digital on October 30, 2020 by Paramount Pictures via Paramount Players.",https://www.rottentomatoes.com/m/spell,2009,0.0,,2,Small
spell,2020,"Omari Hardwick, Loretta Devine","['Horror', 'Supernatural', 'Thriller']","Spell is a 2020 American supernatural horror thriller film directed by Mark Tonderai and starring Omari Hardwick and Loretta Devine. It was released in the United States through digital on October 30, 2020 by Paramount Pictures via Paramount Players.",https://www.rottentomatoes.com/m/spell,2009,0.0,,2,Small
jungleland,2020,"Charlie Hunnam, Jack O'Connell, Jessica Barden, Jonathan Majors, John Cullum",['Drama'],"Jungleland is a 2019 American drama film directed by Max Winkler and written by Theodore B. Bressman, David Branson Smith, and Winkler. The film stars Charlie Hunnam, Jack O'Connell, Jessica Barden, Jonathan Majors, John Cullum, and Nick Mullen.",https://www.rottentomatoes.com/m/jungleland,"Released Nov 6, 2020",74.0,47.0,5,Medium
lethimgo,2020,"Diane Lane, Kevin Costner, Lesley Manville, Will Brittain, Jeffrey Donovan",['Western'],"Let Him Go is a 2020 American neo-Western film starring Diane Lane and Kevin Costner, and directed, written, and co-produced by Thomas Bezucha, based on the 2013 novel of the same name by Larry Watson. The film follows a retired sheriff and his wife who try to rescue their grandson from a dangerous family living off-the-grid. It also stars Lesley Manville, Kayli Carter, Will Brittain, and Jeffrey Donovan.",https://www.rottentomatoes.com/m/let_him_go,"Released Nov 6, 2020",85.0,76.0,5,Medium
theinformer,2020,"Joel Kinnaman, Rosamund Pike, Common, Ana de Armas, Clive Owen","['Crime', 'Thriller']","The Informer is a 2019 British crime thriller film directed by Andrea Di Stefano and written by Matt Cook, based on the novel Three Seconds by Roslund & Hellström. The film stars Joel Kinnaman, Rosamund Pike, Common, Ana de Armas, and Clive Owen.",https://www.rottentomatoes.com/m/the_informer,1980,,,5,Medium
thedarkandthewicked,2020,"Marin Ireland, Michael Abbott Jr., Xander Berkeley","['Horror', 'Supernatural']","The Dark and the Wicked is a 2020 American supernatural horror film written and directed by Bryan Bertino, starring Marin Ireland, Michael Abbott Jr., and Xander Berkeley. It follows two siblings who encounter a demonic entity at their familial farm after the suicide of their mother, who had long been caring for their infirm father.",https://www.rottentomatoes.com/m/the_dark_and_the_wicked,"Released Nov 6, 2020",91.0,63.0,3,Small
hillbillyelegy,2020,"Amy Adams, Glenn Close, Gabriel Basso, Haley Bennett, Freida Pinto, Bo Hopkins, Owen Asztalos","['Drama', 'War']","Hillbilly Elegy is a 2020 American drama film directed by Ron Howard from a screenplay by Vanessa Taylor, It is based on the 2016 memoir of the same name, by J. D. Vance. The film stars Amy Adams, Glenn Close, Gabriel Basso, Haley Bennett, Freida Pinto, Bo Hopkins, and Owen Asztalos.",https://www.rottentomatoes.com/m/hillbilly_elegy,"Released Nov 11, 2020",25.0,81.0,7,Medium
mank,2020,"Gary Oldman, Amanda Seyfried, Lily Collins, Arliss Howard, Tom Pelphrey, Sam Troughton, Ferdinand Kingsley, Tuppence Middleton, Tom Burke, Joseph Cross, Jamie McShane, Toby Leonard Moore, Monika Gossmann, Charles Dance","['Drama', 'Biography']","Mank is a 2020 American black-and-white biographical drama film about screenwriter Herman J. Mankiewicz and his development of the screenplay for Citizen Kane (1941). It was directed by David Fincher based on a screenplay by his late father Jack Fincher and was produced by Ceán Chaffin, Douglas Urbanski, and Eric Roth. It stars Gary Oldman in the title role, alongside Amanda Seyfried, Lily Collins, Arliss Howard, Tom Pelphrey, Sam Troughton, Ferdinand Kingsley, Tuppence Middleton, Tom Burke, Joseph Cross, Jamie McShane, Toby Leonard Moore, Monika Gossman, and Charles Dance.",https://www.rottentomatoes.com/m/mank,"Released Nov 13, 2020",83.0,63.0,14,Medium
freaky,2020,"Vince Vaughn, Kathryn Newton, Katie Finneran, Celeste O'Connor, Misha Osherovich, Alan Ruck","['Comedy', 'Slasher']","Freaky is a 2020 American comedy slasher film directed by Christopher Landon, from a screenplay by Michael Kennedy and Landon, and starring Vince Vaughn, Kathryn Newton, Katie Finneran, Celeste O'Connor, and Alan Ruck. A twist on Freaky Friday, the film centers on a teenage girl who unintentionally switches bodies with a middle-aged male serial killer. Jason Blum serves as a producer under his Blumhouse Productions banner.",https://www.rottentomatoes.com/m/freaky,"Released Nov 13, 2020",83.0,80.0,6,Medium
jinglejangleachristmasjourney,2020,"Forest Whitaker, Keegan-Michael Key, Hugh Bonneville, Anika Noni Rose, Madalen Mills, Phylicia Rashad, Ricky Martin","['Fantasy', 'Musical']","Jingle Jangle: A Christmas Journey is a 2020 American Christmas musical fantasy film written and directed by David E. Talbert. Choreographed by Ashley Wallen, it stars Forest Whitaker, Keegan-Michael Key, Hugh Bonneville, Anika Noni Rose, Phylicia Rashad, Lisa Davina Phillip, Ricky Martin, and Madalen Mills. The film, which was originally planned as a stage production, received ten nominations, the most at the 52nd NAACP Image Awards.",https://www.rottentomatoes.com/m/jingle_jangle_a_christmas_journey,"Released Nov 13, 2020",90.0,69.0,7,Medium
dreamland,2020,"Finn Cole, Margot Robbie, Travis Fimmel, Kerry Condon, Darby Camp, Garrett Hedlund, Lola Kirke","['Thriller', 'Historical']","Dreamland is a 2019 American period thriller film directed by Miles Joris-Peyrafitte from a screenplay by Nicolaas Zwart. The film stars Finn Cole, Margot Robbie, Travis Fimmel, Garrett Hedlund, Kerry Condon, Darby Camp and Lola Kirke.",https://www.rottentomatoes.com/m/dreamland,2007,,22.0,7,Medium
fatman,2020,"Mel Gibson, Walton Goggins, Marianne Jean-Baptiste","['Action', 'Comedy']","Fatman is a 2020 American black comedy action film written and directed by Eshom Nelms and Ian Nelms and starring Mel Gibson, Walton Goggins and Marianne Jean-Baptiste. An unorthodox slant on holiday traditions that follows a jaded, gritty Santa Claus who struggles often with ennui, production issues, Government interference, and now an embittered assassin sent by a vengeful naughty kid.",https://www.rottentomatoes.com/m/fatman,"Released Nov 13, 2020",44.0,84.0,3,Small
theclimb,2020,"Kyle Marvin, Michael Angelo Covino, Gayle Rankin, Talia Balsam, George Wendt, Judith Godrèche","['Comedy', 'Drama']","The Climb is a 2019 American comedy-drama film written, produced by and starring Michael Angelo Covino and Kyle Marvin. Covino also directs, while Gayle Rankin, Talia Balsam, George Wendt, and Judith Godrèche also star. Based on Covino and Marvin's short film of the same name, the plot follows two friends and looks into their lives over several years.",https://www.rottentomatoes.com/m/the_climb,2002,,72.0,6,Medium
chickfight,2020,"Malin Åkerman, Bella Thorne, Fortune Feimster, Alec Baldwin","['Action', 'Comedy']","Chick Fight is a 2020 American action comedy film directed by Paul Leyden from a screenplay by Joseph Downey. It stars Malin Åkerman, Bella Thorne, Dulcé Sloan, Kevin Connolly, Kevin Nash, Alec Mapa, Dominique Jackson, Fortune Feimster and Alec Baldwin.",https://www.rottentomatoes.com/m/chick_fight,"Released Nov 13, 2020",37.0,20.0,4,Medium
theprincessswitchswitchedagain,2020,"Vanessa Hudgens, Sam Palladio, Nick Sagar","['Comedy', 'Romance']","The Princess Switch: Switched Again is a 2020 American Christmas romantic comedy film directed by Mike Rohl. As the second installment in The Princess Switch trilogy, it stars Vanessa Hudgens, Sam Palladio, Suanne Braun, and Nick Sagar. The story follows Margaret Delacourt, the Duchess of Montenaro, who suddenly inherits the throne to her home country of Montenaro. As her Christmas coronation approaches, she and Stacy switch places once again so Margaret can fix her relationship with Stacy's friend Kevin. Unbeknownst to both women, a third look-alike, Margaret's evil cousin Lady Fiona, disguises herself as Margaret in a scheme to steal the throne.",https://www.rottentomatoes.com/m/the_princess_switch_switched_again,2020,56.0,34.0,3,Small
run,2020,"Sarah Paulson, Kiera Allen, Pat Healy, Sara Sohn","['Horror', 'Thriller']","Run is a 2020 American psychological horror thriller film directed by Aneesh Chaganty and written by Chaganty and Sev Ohanian. The film stars Kiera Allen as Chloe Sherman, a disabled homeschooled teenager who begins to suspect that her mother Diane is keeping a dark secret about her upbringing.",https://www.rottentomatoes.com/m/run,2020,89.0,74.0,4,Medium
run,2020,"Sarah Paulson, Kiera Allen, Pat Healy, Sara Sohn","['Horror', 'Thriller']","Run is a 2020 American psychological horror thriller film directed by Aneesh Chaganty and written by Chaganty and Sev Ohanian. The film stars Kiera Allen as Chloe Sherman, a disabled homeschooled teenager who begins to suspect that her mother Diane is keeping a dark secret about her upbringing.",https://www.rottentomatoes.com/m/run,2020,89.0,74.0,4,Medium
soundofmetal,2020,"Riz Ahmed, Olivia Cooke, Paul Raci, Lauren Ridloff, Mathieu Amalric",['Drama'],"Sound of Metal is a 2019 American drama film directed and co-written by Darius Marder. It stars Riz Ahmed as a metal drummer who loses his hearing, and also features Olivia Cooke, Paul Raci, Lauren Ridloff, and Mathieu Amalric. Sound of Metal had its world premiere in the Platform Prize program at the 2019 Toronto International Film Festival on September 6, 2019. Amazon Studios released the film in theaters on November 20, 2020, and on Amazon Prime Video on December 4. The film was critically acclaimed, with particular praise for the performances of Ahmed and Raci, the sound design, the editing and Marder's direction and screenplay. It was listed on 52 film critics' top-ten lists for 2020. At the 93rd Academy Awards, it was nominated for Best Picture, Best Original Screenplay, Best Actor (Ahmed) and Best Supporting Actor (Raci), and won for Best Sound and Best Film Editing.",https://www.rottentomatoes.com/m/sound_of_metal,"Released Nov 20, 2020",97.0,90.0,5,Medium
jiujitsu,2020,"Alain Moussi, Frank Grillo, JuJu Chan, Tony Jaa, Nicolas Cage","['Martial Arts', 'Science Fiction']","Jiu Jitsu is a 2020 American science fiction martial arts film directed and co-written by Dimitri Logothetis and starring Alain Moussi, Frank Grillo, JuJu Chan, Tony Jaa and Nicolas Cage. The film is based on the 2017 comic book of the same name by Logothetis and Jim McGrath. The film was a box office bomb, grossing less than $100,000 against a budget of over $25 million, and was critically panned.",https://www.rottentomatoes.com/m/jiu_jitsu,"Released Nov 20, 2020",27.0,63.0,5,Medium
buddygames,2020,"Josh Duhamel, Dax Shepard, Olivia Munn",['Comedy'],"Buddy Games is a 2019 American comedy film directed by Josh Duhamel in his solo directorial debut and written by Duhamel, Bob Schwartz, and Jude Weng. Produced by Duhamel, Michael J. Luisi, and Weng, the film centers on a group of six friends that reunite after a five-year hiatus to engage in a challenging set of dares and games and help lift one of their own out of depression and also have a chance of winning $150,000 while doing so. The cast includes Duhamel, Dax Shepard, Olivia Munn, Kevin Dillon, and Neal McDonough.",https://www.rottentomatoes.com/m/buddy_games,"Released Nov 20, 2020",16.0,67.0,3,Small
thecroodsanewage,2020,"Nicolas Cage, Emma Stone, Ryan Reynolds, Peter Dinklage, Leslie Mann, Kelly Marie Tran, Catherine Keener, Clark Duke, Cloris Leachman","['Adventure', 'Animated', 'Comedy']","The Croods: A New Age is a 2020 American computer-animated adventure comedy film produced by DreamWorks Animation and distributed by Universal Pictures. The sequel to The Croods (2013) as well as the second film in The Croods franchise, it was directed by Joel Crawford from a screenplay by Paul Fisher, Bob Logan, and the writing team of Dan and Kevin Hageman, based on a story by Kirk DeMicco and Chris Sanders, the directors of the previous film. The film features the returning voices of Nicolas Cage, Emma Stone, Ryan Reynolds, Catherine Keener, Clark Duke, and Cloris Leachman alongside new additions to the cast including Peter Dinklage, Leslie Mann, and Kelly Marie Tran. The film follows The Croods, Guy and their pets Belt, Chunky and Douglas, as they discover an idyllic, walled-in paradise that meets all of its needs. Unfortunately, they must also learn to live with the Bettermans, a family with a couple of steps above the Croods on the evolutionary ladder.",https://www.rottentomatoes.com/m/the_croods_a_new_age,"Released Nov 25, 2020",77.0,94.0,9,Medium
thecroodsanewage,2020,"Nicolas Cage, Emma Stone, Ryan Reynolds, Peter Dinklage, Leslie Mann, Kelly Marie Tran, Catherine Keener, Clark Duke, Cloris Leachman","['Adventure', 'Animated', 'Comedy']","The Croods: A New Age is a 2020 American computer-animated adventure comedy film produced by DreamWorks Animation and distributed by Universal Pictures. The sequel to The Croods (2013) as well as the second film in The Croods franchise, it was directed by Joel Crawford from a screenplay by Paul Fisher, Bob Logan, and the writing team of Dan and Kevin Hageman, based on a story by Kirk DeMicco and Chris Sanders, the directors of the previous film. The film features the returning voices of Nicolas Cage, Emma Stone, Ryan Reynolds, Catherine Keener, Clark Duke, and Cloris Leachman alongside new additions to the cast including Peter Dinklage, Leslie Mann, and Kelly Marie Tran. The film follows The Croods, Guy and their pets Belt, Chunky and Douglas, as they discover an idyllic, walled-in paradise that meets all of its needs. Unfortunately, they must also learn to live with the Bettermans, a family with a couple of steps above the Croods on the evolutionary ladder.",https://www.rottentomatoes.com/m/the_croods_a_new_age,"Released Nov 25, 2020",77.0,94.0,9,Medium
happiestseason,2020,"Kristen Stewart, Mackenzie Davis, Alison Brie, Aubrey Plaza, Dan Levy, Mary Holland, Victor Garber, Mary Steenburgen","['Comedy', 'Drama', 'Romance']","Happiest Season is a 2020 American holiday romantic comedy-drama film directed by Clea DuVall, who co-wrote the screenplay with Mary Holland. Starring an ensemble cast consisting of Kristen Stewart, Mackenzie Davis, Alison Brie, Aubrey Plaza, Dan Levy, Holland, Victor Garber, and Mary Steenburgen, the film follows a woman who struggles to admit to her conservative parents that she is a lesbian while she and her girlfriend visit them during Christmas. DuVall has said the film is a semi-autobiographical take on her own experiences with her family.",https://www.rottentomatoes.com/m/happiest_season,2020,82.0,72.0,8,Medium
maraineysblackbottom,2020,"Viola Davis, Chadwick Boseman, Glynn Turman, Colman Domingo, Michael Potts, Jeremy Shamos, Taylour Paige, Dusan Brown, Jonny Coyne",['Drama'],"Ma Rainey's Black Bottom is a 2020 American drama film directed by George C. Wolfe and written by Ruben Santiago-Hudson, based on the 1982 play of the same name by August Wilson. The film stars Viola Davis, Chadwick Boseman, Glynn Turman, Colman Domingo, and Michael Potts. Inspired by the career of Ma Rainey, an influential blues singer and the title character, the film dramatizes a turbulent recording session in 1920s Chicago.",https://www.rottentomatoes.com/m/ma_raineys_black_bottom,"Released Nov 25, 2020",97.0,72.0,9,Medium
thechristmaschronicles2,2020,"Kurt Russell, Goldie Hawn, Darby Camp, Julian Dennison, Jazhir Bruno, Judah Lewis, Kimberly Williams-Paisley, Tyrese Gibson, Andrew Morgado",['Comedy'],"The Christmas Chronicles 2 is a 2020 American Christmas comedy film directed and produced by Chris Columbus, who wrote the screenplay with Matt Lieberman. A sequel to the 2018 film The Christmas Chronicles, it features Kurt Russell reprising his role as Santa Claus. Also reprising their roles are Goldie Hawn, Darby Camp, Judah Lewis, and Kimberly Williams-Paisley, with new cast members Julian Dennison, Jahzir Bruno, Tyrese Gibson, Sunny Suljic, Darlene Love, and Malcolm McDowell. The film had a limited theatrical release before moving to Netflix on November 25, 2020.",https://www.rottentomatoes.com/m/the_christmas_chronicles_2,"Released Nov 25, 2020",64.0,44.0,9,Medium
unclefrank,2020,"Paul Bettany, Sophia Lillis, Peter Macdissi, Judy Greer, Steve Zahn, Lois Smith, Margo Martindale, Stephen Root","['Comedy', 'Drama']","Uncle Frank is a 2020 American comedy-drama film written, directed, and co-produced by Alan Ball. The film stars Paul Bettany and Sophia Lillis. Set in the 1970s, Uncle Frank is a road movie about a gay man who confronts his past.",https://www.rottentomatoes.com/m/uncle_frank,2002,,,8,Medium
folklorethelongpondstudiosessions,2020,"Taylor Swift, Jack Antonoff, Aaron Dessner, Justin Vernon","['Documentary', 'Performance']","Folklore: The Long Pond Studio Sessions is a 2020 American documentary concert film directed and produced by American singer-songwriter Taylor Swift, released on Disney+ on November 25, 2020. The documentary is set at Long Pond Studio, an isolated recording studio in a forested area in Hudson Valley, New York; Swift performs all of the 17 tracks of her eighth studio album, Folklore (2020), whilst discussing the creative process behind the songs with her collaborators Aaron Dessner and Jack Antonoff. Swift made her debut as a film director with the documentary, which is her fourth film to be released on a streaming service, following the releases of The 1989 World Tour Live (2015), Taylor Swift: Reputation Stadium Tour (2018), and Miss Americana (2020).",https://www.rottentomatoes.com/m/folklore_the_long_pond_studio_sessions,2020,100.0,95.0,4,Medium
superintelligence,2020,"Melissa McCarthy, Bobby Cannavale, Brian Tyree Henry, Jean Smart, James Corden","['Action', 'Comedy', 'Romance']","Superintelligence is a 2020 American romantic action comedy film directed by Ben Falcone and written by Steve Mallory. The film stars Melissa McCarthy in her fourth collaboration with her husband, Falcone.",https://www.rottentomatoes.com/m/superintelligence,2020,30.0,52.0,5,Medium
blackbeauty,2020,"Mackenzie Foy, Kate Winslet, Claire Forlani, Fern Deacon, Iain Glen","['Adventure', 'Drama', 'Family']","Black Beauty is a 2020 adventure drama family film written, edited and directed by Ashley Avis and based on the 1877 novel of the same name by Anna Sewell. A co-production between the United States, the United Kingdom, South Africa, France and Germany, it stars Kate Winslet, Mackenzie Foy, Claire Forlani, Iain Glen and Fern Deacon and is the sixth cinematic adaptation. In the film, Black Beauty is portrayed as a mare instead of a stallion and is brought to Birtwick Park where she forges a bond with a spirited teenager that carries through different chapters, challenges and adventures. Originally scheduled for a theatrical release, it was unable to be released in cinemas due to the negative effects of the COVID-19 pandemic. The film's distribution rights were acquired by Walt Disney Studios and was released on the company's streaming service Disney+ on November 27, 2020. It received mixed reviews from critics.",https://www.rottentomatoes.com/m/black_beauty,2021,,,5,Medium
blackbeauty,2020,"Mackenzie Foy, Kate Winslet, Claire Forlani, Fern Deacon, Iain Glen","['Adventure', 'Drama', 'Family']","Black Beauty is a 2020 adventure drama family film written, edited and directed by Ashley Avis and based on the 1877 novel of the same name by Anna Sewell. A co-production between the United States, the United Kingdom, South Africa, France and Germany, it stars Kate Winslet, Mackenzie Foy, Claire Forlani, Iain Glen and Fern Deacon and is the sixth cinematic adaptation. In the film, Black Beauty is portrayed as a mare instead of a stallion and is brought to Birtwick Park where she forges a bond with a spirited teenager that carries through different chapters, challenges and adventures. Originally scheduled for a theatrical release, it was unable to be released in cinemas due to the negative effects of the COVID-19 pandemic. The film's distribution rights were acquired by Walt Disney Studios and was released on the company's streaming service Disney+ on November 27, 2020. It received mixed reviews from critics.",https://www.rottentomatoes.com/m/black_beauty,2021,,,5,Medium
blackbeauty,2020,"Mackenzie Foy, Kate Winslet, Claire Forlani, Fern Deacon, Iain Glen","['Adventure', 'Drama', 'Family']","Black Beauty is a 2020 adventure drama family film written, edited and directed by Ashley Avis and based on the 1877 novel of the same name by Anna Sewell. A co-production between the United States, the United Kingdom, South Africa, France and Germany, it stars Kate Winslet, Mackenzie Foy, Claire Forlani, Iain Glen and Fern Deacon and is the sixth cinematic adaptation. In the film, Black Beauty is portrayed as a mare instead of a stallion and is brought to Birtwick Park where she forges a bond with a spirited teenager that carries through different chapters, challenges and adventures. Originally scheduled for a theatrical release, it was unable to be released in cinemas due to the negative effects of the COVID-19 pandemic. The film's distribution rights were acquired by Walt Disney Studios and was released on the company's streaming service Disney+ on November 27, 2020. It received mixed reviews from critics.",https://www.rottentomatoes.com/m/black_beauty,2021,,,5,Medium
theprom,2020,"Meryl Streep, James Corden, Jo Ellen Pellman, Nicole Kidman, Keegan-Michael Key, Andrew Rannells, Ariana DeBose, Kerry Washington","['Comedy', 'Musical']","The Prom is a 2020 American musical comedy film directed by Ryan Murphy and adapted to the screen by Chad Beguelin and Bob Martin, from their and Matthew Sklar's 2018 Broadway musical of the same name. The film stars Meryl Streep, James Corden, Nicole Kidman, Keegan-Michael Key, Andrew Rannells, Ariana DeBose, Tracy Ullman, Kevin Chamberlin, Mary Kay Place, Kerry Washington, and introducing Jo Ellen Pellman in her film debut as Emma Nolan.",https://www.rottentomatoes.com/m/the_prom,2014,,,8,Medium
godmothered,2020,"Isla Fisher, Jillian Bell, Santiago Cabrera","['Comedy', 'Drama', 'Fantasy']","Godmothered is a 2020 American fantasy comedy-drama film directed by Sharon Maguire, written by Kari Granlund and Melissa Stack, and starring Jillian Bell and Isla Fisher. The Walt Disney Company first began developing the film in September 2019, with Maguire joining the production as director later that month. Principal photography began in January 2020 in Boston, Massachusetts. Produced by Walt Disney Pictures, The Montecito Picture Company and Secret Machine Entertainment, it was released on Disney+ on December 4, 2020. The film received mixed reviews from critics.",https://www.rottentomatoes.com/m/godmothered,2020,68.0,57.0,3,Small
halfbrothers,2020,"Luis Gerardo Méndez, Connor Del Rio",['Comedy'],"Half Brothers is a 2020 American comedy film directed by Luke Greenfield from a screenplay by Eduardo Cisneros and Jason Shuman. It stars Luis Gerardo Méndez, Connor Del Rio, José Zúñiga, Vincent Spano, Pia Watson and Juan Pablo Espinosa.",https://www.rottentomatoes.com/m/half_brothers,"Released Sep 21, 2018",,,2,Small
wander,2020,"Aaron Eckhart, Katheryn Winnick, Heather Graham, Roger Dorman, Tommy Lee Jones",['Thriller'],"Wander is a 2020 American thriller film directed by April Mullen and written by Tim Doiron. It stars Tommy Lee Jones, Aaron Eckhart, Katheryn Winnick, Heather Graham, and Roger Dorman. The story focuses on two conspiracy theorists and their investigation of a murder. Wander was released in the United States on December 4, 2020.",https://www.rottentomatoes.com/m/wander,"Released Dec 4, 2020",33.0,31.0,5,Medium
blackbear,2020,"Aubrey Plaza, Christopher Abbott, Sarah Gadon","['Comedy', 'Drama', 'Thriller']","Black Bear is a 2020 American black comedy-drama thriller film written and directed by Lawrence Michael Levine. It stars Aubrey Plaza, Christopher Abbott, Sarah Gadon, Paola Lázaro and Grantham Coleman.",https://www.rottentomatoes.com/m/black_bear,"Released Dec 4, 2020",89.0,65.0,3,Small
letthemalltalk,2020,"Meryl Streep, Candice Bergen, Gemma Chan, Lucas Hedges, Dianne Wiest","['Comedy', 'Drama']","Let Them All Talk is a 2020 American comedy-drama film directed by Steven Soderbergh from a screenplay by Deborah Eisenberg. The film stars Meryl Streep, Dianne Wiest, Candice Bergen, Lucas Hedges, and Gemma Chan. Much of the dialogue was improvised by the cast, and Soderbergh shot the film using natural light and little equipment aboard the Queen Mary 2.",https://www.rottentomatoes.com/m/let_them_all_talk,2020,87.0,49.0,5,Medium
themidnightsky,2020,"George Clooney, Felicity Jones, David Oyelowo, Tiffany Boone, Demián Bichir, Kyle Chandler, Caoilinn Springall",['Science Fiction'],"The Midnight Sky is a 2020 American science fiction film directed by George Clooney based on the 2016 novel Good Morning, Midnight by Lily Brooks-Dalton. The script was written by Mark L. Smith. Clooney plays a leading role in his film, as an aging scientist who must venture across the frigid Arctic Circle to warn off a returning interplanetary spaceship following a global catastrophe on Earth. Felicity Jones, David Oyelowo, Tiffany Boone, Demián Bichir, Kyle Chandler, and Caoilinn Springall also star.",https://www.rottentomatoes.com/m/the_midnight_sky,"Released Dec 11, 2020",49.0,26.0,7,Medium
wildmountainthyme,2020,"Emily Blunt, Jamie Dornan, Jon Hamm, Dearbhla Molloy, Christopher Walken","['Comedy', 'Drama', 'Romance']","Wild Mountain Thyme is a 2020 romantic comedy-drama film written and directed by John Patrick Shanley, based on his play Outside Mullingar. The film stars Emily Blunt, Jamie Dornan, Jon Hamm, Dearbhla Molloy and Christopher Walken.",https://www.rottentomatoes.com/m/wild_mountain_thyme,"Released Dec 11, 2020",26.0,53.0,5,Medium
safety,2020,"Jay Reeves, Thaddeus J. Mixson, Corinne Foxx, Matthew Glave, James Badge Dale","['Drama', 'Family', 'Sports', 'Biography']","Safety is a 2020 American biographical sports drama family film based on the story of Ray McElrathbey, a football player who battled family adversity to join the Clemson Tigers. Directed by Reginald Hudlin, produced by Mark Ciardi, and written by Nick Santora, the film features Jay Reeves in the lead role. The feature film, a Walt Disney Pictures production, was made available to stream on Disney+ from December 11, 2020. It received generally positive reviews from critics.",https://www.rottentomatoes.com/m/safety,2020,78.0,78.0,5,Medium
wanderdarkly,2020,"Sienna Miller, Diego Luna, Beth Grant, Aimee Carrero, Tory Kittles, Vanessa Bayer",['Drama'],"Wander Darkly is a 2020 American drama film written and directed by Tara Miele. The film stars Sienna Miller, Diego Luna, Beth Grant, Aimee Carrero, Tory Kittles, and Vanessa Bayer.",https://www.rottentomatoes.com/m/wander_darkly,"Released Dec 11, 2020",75.0,70.0,6,Medium
imyourwoman,2020,"Rachel Brosnahan, Arinzé Kene, Marsha Stephanie Blake, Bill Heck, Frankie Faison","['Crime', 'Noir']","I'm Your Woman is a 2020 American neo-noir crime film set in the 1970s and directed by Julia Hart from a screenplay by Hart and Jordan Horowitz. It stars Rachel Brosnahan, Arinzé Kene, Marsha Stephanie Blake, Bill Heck, Frankie Faison, Marceline Hugot and James McMenamin. Brosnahan plays Jean, a woman on the run after her husband, who is involved with organized crime, mysteriously goes missing.",https://www.rottentomatoes.com/m/im_your_woman,"Released Dec 4, 2020",81.0,49.0,5,Medium
archenemy,2020,"Joe Manganiello, Skylan Brooks, Zolee Griggs, Paul Scheer, Amy Seimetz, Glenn Howerton","['Independent', 'Mystery', 'Superhero', 'Thriller']","Archenemy is a 2020 independent superhero mystery-thriller film written and directed by Adam Egypt Mortimer based on a story Mortimer created with Lucas Passmore. Joe Manganiello, who also produced the film, stars in the lead role alongside Skylan Brooks, Paul Scheer, Glenn Howerton, Zolee Griggs, and Amy Seimetz.",https://www.rottentomatoes.com/m/archenemy,"Released Dec 11, 2020",75.0,47.0,6,Medium
farewellamor,2020,"Ntare Mwine, Zainab Jah, Jayme Lawson, Joie Lee",['Drama'],"Farewell Amor is a 2020 American drama film written and directed by Ekwa Msangi. It premiered at the 2020 Sundance Film Festival. The film tells the story of a family of Angolan immigrants who reunite in the United States after a years-long separation, and is told from the perspective of the mother, father, and daughter.",https://www.rottentomatoes.com/m/farewell_amor,"Released Dec 11, 2020",97.0,71.0,4,Medium
greenland,2020,"Gerard Butler, Morena Baccarin, David Denman, Hope Davis, Roger Dale Floyd, Andrew Bachelor, Merrin Dungey, Holt McCallany, Scott Glenn","['Disaster', 'Thriller']","Greenland is a 2020 American disaster thriller film directed by Ric Roman Waugh and written by Chris Sparling. The film stars Gerard Butler, Morena Baccarin, Roger Dale Floyd, Scott Glenn, David Denman, and Hope Davis, and follows a family who must fight for survival as a planet-destroying comet races to Earth.",https://www.rottentomatoes.com/m/greenland,2020,78.0,63.0,9,Medium
fatale,2020,"Hilary Swank, Michael Ealy, Mike Colter, Geoffrey Owens, Denise Dowse",['Thriller'],"Fatale is a 2020 American psychological thriller film directed by Deon Taylor, from a screenplay by David Loughery. The film stars Hilary Swank, Michael Ealy, Mike Colter, and Danny Pino.",https://www.rottentomatoes.com/m/fatale,"Released Dec 18, 2020",45.0,88.0,5,Medium
skylines,2020,"Lindsey Morgan, Jonathan Howard, Daniel Bernhardt, Rhona Mitra, James Cosmo, Alexander Siddig","['Action', 'Science Fiction']","Skylines is a 2020 American science fiction action film co-produced and directed by Liam O'Donnell which he wrote from a story he co-developed with producer Matthew E. Chausse. It is a sequel to Beyond Skyline (2017), and the third overall in the Skyline film series.",https://www.rottentomatoes.com/m/skylines,"Released Dec 18, 2020",54.0,20.0,6,Medium
hunterhunter,2020,"Devon Sawa, Camille Sullivan, Nick Stahl, Summer H. Howell","['Horror', 'Thriller']","Hunter Hunter is a 2020 horror thriller film written and directed by Shawn Linden and stars Devon Sawa, Camille Sullivan, Summer H. Howell and Nick Stahl.",https://www.rottentomatoes.com/m/hunter_hunter,"Released Dec 18, 2020",94.0,64.0,4,Medium
breach,2020,"Cody Kearsley, Bruce Willis, Thomas Jane","['Action', 'Horror', 'Science Fiction']","Breach, also titled Anti-Life, is a 2020 American science fiction action horror film directed by John Suits, starring Cody Kearsley, Bruce Willis, Rachel Nichols, Thomas Jane, Johnny Messner, Corey Large, Callan Mulvey, Alexander Kane, and Kassandra Clementi. The film was shot in Fitzgerald, Georgia at TMG Studio's soundstages. It was released on December 18, 2020.",https://www.rottentomatoes.com/m/breach,"Released Feb 16, 2007",84.0,67.0,3,Small
breach,2020,"Cody Kearsley, Bruce Willis, Thomas Jane","['Action', 'Horror', 'Science Fiction']","Breach, also titled Anti-Life, is a 2020 American science fiction action horror film directed by John Suits, starring Cody Kearsley, Bruce Willis, Rachel Nichols, Thomas Jane, Johnny Messner, Corey Large, Callan Mulvey, Alexander Kane, and Kassandra Clementi. The film was shot in Fitzgerald, Georgia at TMG Studio's soundstages. It was released on December 18, 2020.",https://www.rottentomatoes.com/m/breach,"Released Feb 16, 2007",84.0,67.0,3,Small
breach,2020,"Cody Kearsley, Bruce Willis, Thomas Jane","['Action', 'Horror', 'Science Fiction']","Breach, also titled Anti-Life, is a 2020 American science fiction action horror film directed by John Suits, starring Cody Kearsley, Bruce Willis, Rachel Nichols, Thomas Jane, Johnny Messner, Corey Large, Callan Mulvey, Alexander Kane, and Kassandra Clementi. The film was shot in Fitzgerald, Georgia at TMG Studio's soundstages. It was released on December 18, 2020.",https://www.rottentomatoes.com/m/breach,"Released Feb 16, 2007",84.0,67.0,3,Small
arianagrandeexcusemeiloveyou,2020,Ariana Grande,['Performance'],"Ariana Grande: Excuse Me, I Love You is a 2020 American concert film that follows Ariana Grande on-stage and behind the scenes of the Sweetener World Tour in 2019. The film was released on December 21, 2020 on Netflix, in commemoration of the first anniversary of the tour's conclusion. The release of the film was preceded by the live album K Bye for Now  (2019), which was released a year prior and features audio recordings from said tour.",https://www.rottentomatoes.com/m/ariana_grande_excuse_me_i_love_you,2020,50.0,89.0,1,Small
sylvieslove,2020,"Tessa Thompson, Nnamdi Asomugha, Ryan Michelle Bathe, Aja Naomi King, Eva Longoria","['Drama', 'Romance']","Sylvie's Love is a 2020 American romantic drama film, written, directed and produced by Eugene Ashe. The film stars Tessa Thompson, Nnamdi Asomugha, Ryan Michelle Bathe, Regé-Jean Page, Aja Naomi King, and Eva Longoria.",https://www.rottentomatoes.com/m/sylvies_love,2020,93.0,76.0,5,Medium
wonderwoman1984,2020,"Gal Gadot, Chris Pine, Kristen Wiig, Pedro Pascal, Robin Wright, Connie Nielsen",['Superhero'],"Wonder Woman 1984 is a 2020 American superhero film based on the DC character Wonder Woman. Produced by Warner Bros. Pictures, DC Films, Atlas Entertainment, and The Stone Quarry, and distributed by Warner Bros. Pictures, it is a follow-up of the 2017 film Wonder Woman and the ninth film in the DC Extended Universe (DCEU). Directed by Patty Jenkins and written by Jenkins, Geoff Johns, and Dave Callaham from a story by Johns and Jenkins, it stars Gal Gadot as Diana Prince / Wonder Woman, alongside Chris Pine, Kristen Wiig, Pedro Pascal, Robin Wright, and Connie Nielsen. Set in 1984 during the Cold War, the film follows Diana and her past love Steve Trevor as they face off against Maxwell Lord and Cheetah.",https://www.rottentomatoes.com/m/wonder_woman_1984,"Released Dec 25, 2020",57.0,73.0,6,Medium
wonderwoman1984,2020,"Gal Gadot, Chris Pine, Kristen Wiig, Pedro Pascal, Robin Wright, Connie Nielsen",['Superhero'],"Wonder Woman 1984 is a 2020 American superhero film based on the DC character Wonder Woman. Produced by Warner Bros. Pictures, DC Films, Atlas Entertainment, and The Stone Quarry, and distributed by Warner Bros. Pictures, it is a follow-up of the 2017 film Wonder Woman and the ninth film in the DC Extended Universe (DCEU). Directed by Patty Jenkins and written by Jenkins, Geoff Johns, and Dave Callaham from a story by Johns and Jenkins, it stars Gal Gadot as Diana Prince / Wonder Woman, alongside Chris Pine, Kristen Wiig, Pedro Pascal, Robin Wright, and Connie Nielsen. Set in 1984 during the Cold War, the film follows Diana and her past love Steve Trevor as they face off against Maxwell Lord and Cheetah.",https://www.rottentomatoes.com/m/wonder_woman_1984,"Released Dec 25, 2020",57.0,73.0,6,Medium
soul,2020,"Jamie Foxx, Tina Fey, Graham Norton, Rachel House, Alice Braga, Richard Ayoade, Phylicia Rashad, Donnell Rawlings, Questlove, Angela Bassett, Daveed Diggs, Wes Studi, Fortune Feimster, Zenobia Shroff","['Animated', 'Comedy', 'Drama']","Soul is a 2020 American computer-animated comedy-drama film produced by Pixar Animation Studios for Walt Disney Pictures. It was directed by Pete Docter, co-directed by Kemp Powers, and produced by Dana Murray, from a screenplay by Docter, Powers, and Mike Jones. The film stars the voices of Jamie Foxx, Tina Fey, Graham Norton, Rachel House, Alice Braga, Richard Ayoade, Phylicia Rashad, Donnell Rawlings, Questlove, and Angela Bassett. It follows a pianist, Joe Gardner (Foxx), who is killed in an accident before his big break as a jazz musician and seeks to reunite his separated soul and body.",https://www.rottentomatoes.com/m/soul,Released Jan 12,95.0,88.0,14,Medium
wecanbeheroes,2020,"Priyanka Chopra Jonas, Pedro Pascal, YaYa Gosselin, Boyd Holbrook, Adriana Barraza, Haley Reinhart, Sung Kang, Taylor Dooley, Christian Slater",['Superhero'],"We Can Be Heroes is a 2020 American superhero film written and directed by Robert Rodriguez. It is both a standalone and legacy sequel to the 2005 film The Adventures of Sharkboy and Lavagirl in 3-D. Rodriguez was also the cinematographer and editor of the film, which stars YaYa Gosselin, Lyon Daniels, Andy Walken, Hala Finley, Lotus Blossom, Dylan Henry Lau, Andrew Diaz, Isaiah Russel-Bailey, Akira Akbar, Nathan Blair, and Vivien Lyra Blair. It was released on December 25, 2020, by Netflix and received mixed reviews from critics. A sequel is in development.",https://www.rottentomatoes.com/m/we_can_be_heroes,2020,74.0,42.0,9,Medium
newsoftheworld,2020,"Tom Hanks, Helena Zengel",['Western'],"News of the World is a 2020 American Western film co-written and directed by Paul Greengrass, based on the 2016 novel of the same name by Paulette Jiles, and starring Tom Hanks and Helena Zengel. The film follows an aging Civil War veteran who must return a young girl who was taken in by the Kiowa, and raised as one of them, to her last remaining family. She has lost both her birth and Kiowa families.",https://www.rottentomatoes.com/m/news_of_the_world,"Released Dec 25, 2020",88.0,89.0,2,Small
onenightinmiami,2020,"Kingsley Ben-Adir, Eli Goree, Aldis Hodge, Leslie Odom Jr., Lance Reddick, Joaquina Kalukango, Nicolette Robinson, Beau Bridges, Lance Reddick","['Drama', 'War']","One Night in Miami... is a 2020 American drama film directed by Regina King with a screenplay by Kemp Powers, based on his 2013 stage play of the same name. The film is a fictionalized account of a real February 1964 meeting of Malcolm X, Muhammad Ali, Jim Brown, and Sam Cooke in a room at the Hampton House, celebrating Ali's surprise title win over Sonny Liston. It stars Kingsley Ben-Adir, Eli Goree, Aldis Hodge, and Leslie Odom Jr. in the lead roles, with Lance Reddick, Joaquina Kalukango, Nicolette Robinson, and Beau Bridges in supporting roles.",https://www.rottentomatoes.com/m/one_night_in_miami,"Released Dec 25, 2020",98.0,78.0,9,Medium
promisingyoungwoman,2020,"Carey Mulligan, Bo Burnham, Alison Brie, Clancy Brown, Jennifer Coolidge, Laverne Cox, Connie Britton",['Thriller'],"Promising Young Woman is a 2020 thriller film written, co-produced, and directed by Emerald Fennell in her feature directorial debut. It stars Carey Mulligan as a troubled young woman haunted by a traumatic past as she navigates balancing forgiveness and vengeance, with Bo Burnham, Alison Brie, Clancy Brown, Chris Lowell, Jennifer Coolidge, Laverne Cox, and Connie Britton in supporting roles.",https://www.rottentomatoes.com/m/promising_young_woman,"Released Dec 25, 2020",90.0,87.0,7,Medium
piecesofawoman,2020,"Vanessa Kirby, Shia LaBeouf, Molly Parker, Sarah Snook, Iliza Shlesinger, Benny Safdie, Jimmie Fails, Ellen Burstyn",['Drama'],"Pieces of a Woman is a 2020 drama film directed by Kornél Mundruczó, from a screenplay by Kata Wéber. The film stars Vanessa Kirby, Shia LaBeouf, Molly Parker, Sarah Snook, Iliza Shlesinger, Benny Safdie, Jimmie Fails, and Ellen Burstyn as the family and associates of Martha (Kirby) involved in her traumatic childbirth, baby loss, and a subsequent court case against the midwife, Eva (Parker), whom Martha's mother Elizabeth (Burstyn) blames for the baby's death. Martin Scorsese and Sam Levinson served as executive producers, and the film was scored by Howard Shore.",https://www.rottentomatoes.com/m/pieces_of_a_woman,"Released Dec 30, 2020",76.0,84.0,8,Medium
shadowinthecloud,2021,"Chloë Grace Moretz, Taylor John Smith, Beulah Koale, Callan Mulvey, Nick Robinson","['Action', 'Horror']","Shadow in the Cloud is a 2020 action horror film directed by Roseanne Liang, from a screenplay by Liang and Max Landis, starring Chloë Grace Moretz, Beulah Koale, Taylor John Smith, Callan Mulvey and Nick Robinson. It follows a female flight officer on a top-secret mission in the Pacific during the Second World War, who after boarding a Boeing B-17 Flying Fortress, encounters an evil gremlin during the flight.",https://www.rottentomatoes.com/m/shadow_in_the_cloud,2020,77.0,32.0,5,Medium
lockeddown,2021,"Anne Hathaway, Chiwetel Ejiofor, Stephen Merchant, Mindy Kaling, Lucy Boynton, Dulé Hill, Jazmyn Simon, Mark Gatiss, Claes Bang, Ben Stiller, Ben Kingsley","['Comedy', 'Action', 'Romance']","Locked Down is a 2021 American romantic comedy heist film directed by Doug Liman and written by Steven Knight. The film stars Anne Hathaway and Chiwetel Ejiofor, with Stephen Merchant, Mindy Kaling, Lucy Boynton, Mark Gatiss, Claes Bang, Ben Stiller, and Ben Kingsley in supporting roles.",https://www.rottentomatoes.com/m/locked_down,2010,,4.0,11,Medium
thedig,2021,"Carey Mulligan, Ralph Fiennes, Lily James, Johnny Flynn, Ben Chaplin, Ken Stott, Archie Barnes, Monica Dolan",['Drama'],"The Dig is a 2021 British drama film directed by Simon Stone, based on the 2007 novel of the same name by John Preston, which reimagines the events of the 1939 excavation of Sutton Hoo in Suffolk, England. It stars Carey Mulligan, Ralph Fiennes, Lily James, Johnny Flynn, Ben Chaplin, Ken Stott, Archie Barnes, and Monica Dolan.",https://www.rottentomatoes.com/m/the_dig,2018,75.0,82.0,8,Medium
outsidethewire,2021,"Anthony Mackie, Damson Idris, Emily Beecham, Michael Kelly, Pilou Asbæk","['Action', 'Science Fiction']","Outside the Wire is a 2021 American science fiction action film directed by Mikael Håfström. It stars Anthony Mackie as an android officer who works with a drone pilot to stop a global catastrophe. Emily Beecham, Michael Kelly, and Pilou Asbæk also star. The film was released by Netflix on January 15, 2021, and received mixed reviews from critics.",https://www.rottentomatoes.com/m/outside_the_wire,2021,37.0,54.0,5,Medium
themarksman,2021,"Liam Neeson, Katheryn Winnick, Juan Pablo Raba, Teresa Ruiz","['Action', 'Drama']","The Marksman is a 2021 American action drama film directed by Robert Lorenz. The plot follows a brooding rancher and former Marine, living in an Arizona border town, who must help a young boy escape a Mexican drug cartel. Katheryn Winnick, Juan Pablo Raba, and Teresa Ruiz also star.",https://www.rottentomatoes.com/m/the_marksman,1953,,,4,Medium
themarksman,2021,"Liam Neeson, Katheryn Winnick, Juan Pablo Raba, Teresa Ruiz","['Action', 'Drama']","The Marksman is a 2021 American action drama film directed by Robert Lorenz. The plot follows a brooding rancher and former Marine, living in an Arizona border town, who must help a young boy escape a Mexican drug cartel. Katheryn Winnick, Juan Pablo Raba, and Teresa Ruiz also star.",https://www.rottentomatoes.com/m/marksman,2005,,23.0,4,Medium
theultimateplaylistofnoise,2021,"Keean Johnson, Madeline Brewer, Rya Kihlstedt, Ian Gomez, Bonnie Hunt","['Comedy', 'Drama', 'Romance']",The Ultimate Playlist of Noise is a 2021 American romantic comedy-drama film directed by Bennett Lasseter and written by Mitchell Winkie. The film stars Keean Johnson and Madeline Brewer.,https://www.rottentomatoes.com/m/the_ultimate_playlist_of_noise,2021,44.0,66.0,5,Medium
americanskin,2021,"Nate Parker, Omari Hardwick, Theo Rossi, Shane Paul McGhie, Milauna Jackson, Beau Knapp",['Drama'],"American Skin is a 2019 American drama film written and directed by Nate Parker. It stars Parker, Omari Hardwick, Theo Rossi, Shane Paul McGhie, Milauna Jackson and Beau Knapp, and follows a Marine veteran who works as a school janitor who takes matters into his own hands after his son is killed by a police officer.",https://www.rottentomatoes.com/m/american_skin,2019,35.0,95.0,6,Medium
donttellasoul,2021,"Jack Dylan Grazer, Fionn Whitehead, Rainn Wilson, Mena Suvari",['Thriller'],"Don't Tell a Soul is a 2020 American thriller film written and directed by Alex McAulay, in his directorial debut. It stars Rainn Wilson as a security guard who gets trapped in a hole chasing two teens who stole $12,000, and must barter for his life; Mena Suvari also stars.",https://www.rottentomatoes.com/m/dont_tell_a_soul,"Released Jan 15, 2021",73.0,57.0,4,Medium
ourfriend,2021,"Jason Segel, Dakota Johnson, Casey Affleck, Gwendoline Christie, Cherry Jones","['Drama', 'Biography']","Our Friend is a 2019 American biographical drama film directed by Gabriela Cowperthwaite and written by Brad Ingelsby, based on Matthew Teague's 2015 Esquire article ""The Friend: Love Is Not a Big Enough Word"". It stars Jason Segel, Dakota Johnson, and Casey Affleck.",https://www.rottentomatoes.com/m/our_friend,"Released Jan 22, 2021",86.0,95.0,5,Medium
nomansland,2021,"Jake Allyn, Frank Grillo, Jorge A. Jiménez, Andie MacDowell, George Lopez",['Western'],"No Man's Land is a 2021 American Western film, directed by Conor Allyn from a screenplay by Jake Allyn and David Barraza. It stars Frank Grillo, Jake Allyn, George Lopez, Andie MacDowell, Alex MacNicoll, Jorge A. Jiménez, and Andres Delgado.",https://www.rottentomatoes.com/m/no_mans_land,"Released Dec 21, 2001",93.0,92.0,5,Medium
nomansland,2021,"Jake Allyn, Frank Grillo, Jorge A. Jiménez, Andie MacDowell, George Lopez",['Western'],"No Man's Land is a 2021 American Western film, directed by Conor Allyn from a screenplay by Jake Allyn and David Barraza. It stars Frank Grillo, Jake Allyn, George Lopez, Andie MacDowell, Alex MacNicoll, Jorge A. Jiménez, and Andres Delgado.",https://www.rottentomatoes.com/m/no_mans_land,"Released Dec 21, 2001",93.0,92.0,5,Medium
nomansland,2021,"Jake Allyn, Frank Grillo, Jorge A. Jiménez, Andie MacDowell, George Lopez",['Western'],"No Man's Land is a 2021 American Western film, directed by Conor Allyn from a screenplay by Jake Allyn and David Barraza. It stars Frank Grillo, Jake Allyn, George Lopez, Andie MacDowell, Alex MacNicoll, Jorge A. Jiménez, and Andres Delgado.",https://www.rottentomatoes.com/m/no_mans_land,"Released Dec 21, 2001",93.0,92.0,5,Medium
bornachampion,2021,"Sean Patrick Flanery, Dennis Quaid, Katrina Bowden","['Drama', 'Martial Arts']","Born a Champion is a 2021 American martial arts drama directed by Alex Ranarivelo and written by Sean Patrick Flanery and Ranarivelo. It stars Flanery, Dennis Quaid and Katrina Bowden. The film also features mixed martial arts fighter Edson Barboza, with appearances by Renzo Gracie and Mickey Gall.",https://www.rottentomatoes.com/m/born_a_champion,"Released Jan 22, 2021",,80.0,3,Small
wrongturn,2021,"Charlotte Vega, Adain Bradley, Bill Sage, Emma Dumont, Dylan McTee, Daisy Head, Matthew Modine",['Horror'],"Wrong Turn, originally known as Wrong Turn: The Foundation, is a 2021 horror film directed by Mike P. Nelson and written by franchise creator Alan McElroy. The film, being a reboot, is the seventh installment of the Wrong Turn film series, stars Charlotte Vega, Adain Bradley, Emma Dumont, Dylan McTee, Daisy Head, Bill Sage, and Matthew Modine. It is an international co-production between the United States, Germany, and Canada.",https://www.rottentomatoes.com/m/wrong_turn,"Released May 30, 2003",41.0,54.0,7,Medium
wrongturn,2021,"Charlotte Vega, Adain Bradley, Bill Sage, Emma Dumont, Dylan McTee, Daisy Head, Matthew Modine",['Horror'],"Wrong Turn, originally known as Wrong Turn: The Foundation, is a 2021 horror film directed by Mike P. Nelson and written by franchise creator Alan McElroy. The film, being a reboot, is the seventh installment of the Wrong Turn film series, stars Charlotte Vega, Adain Bradley, Emma Dumont, Dylan McTee, Daisy Head, Bill Sage, and Matthew Modine. It is an international co-production between the United States, Germany, and Canada.",https://www.rottentomatoes.com/m/wrong_turn,"Released May 30, 2003",41.0,54.0,7,Medium
penguinbloom,2021,"Naomi Watts, Andrew Lincoln, Jacki Weaver, Rachel House",['Drama'],"Penguin Bloom is a 2020 Australian drama film directed by Glendyn Ivin, from a screenplay by Shaun Grant and Harry Cripps, and is based on the book of the same name by Cameron Bloom and Bradley Trevor Greive. It stars Naomi Watts, Andrew Lincoln and Jacki Weaver. The book and film are based on a true story of Sam and Cameron Bloom's family and their interactions with an Australian magpie named 'Penguin'.",https://www.rottentomatoes.com/m/penguin_bloom,2020,67.0,82.0,4,Medium
thelittlethings,2021,"Denzel Washington, Rami Malek, Jared Leto, Chris Bauer, Michael Hyatt, Terry Kinney, Natalie Morales","['Crime', 'Noir', 'Thriller']","The Little Things is a 2021 American neo-noir psychological crime thriller film directed, written, and co-produced by John Lee Hancock and co-produced by Mark Johnson. Set in early 1990s Los Angeles, the film follows two detectives who investigate a string of murders, which lead them to a strange loner who may be the culprit.",https://www.rottentomatoes.com/m/the_little_things,2006,,,7,Medium
findingohana,2021,"Kea Peahu, Alex Aiono, Lindsay Watson, Owen Vaccaro, Kelly Hu, Branscombe Richmond, Chris Parnell, Marc Evan Jackson","['Adventure', 'Family']","Finding ʻOhana is a 2021 American family adventure film by Jude Weng in her directorial debut and written by Christina Strain, based on the 1985 feature film The Goonies by Richard Donner, Steven Spielberg, and Chris Columbus. The film stars Kea Peahu, Alex Aiono, Lindsay Watson, Owen Vaccaro and Kelly Hu. It premiered on Netflix on January 29, 2021.",https://www.rottentomatoes.com/m/finding_ohana,2021,82.0,81.0,8,Medium
nomadland,2021,"Frances McDormand, David Strathairn, Linda May, Charlene Swankie, Bob Wells",['Drama'],"Nomadland is a 2020 American drama film written, produced, edited and directed by Chloé Zhao. Based on the 2017 nonfiction book Nomadland: Surviving America in the Twenty-First Century by Jessica Bruder, it stars Frances McDormand as a widow who leaves to travel around the United States in her van as a nomad. David Strathairn also stars in a supporting role. A number of real-life nomads appear as fictionalized versions of themselves, including Linda May, Swankie and Bob Wells.",https://www.rottentomatoes.com/m/nomadland,"Released Feb 19, 2021",93.0,82.0,5,Medium
malcolmmarie,2021,"Zendaya, John David Washington","['Drama', 'Romance']","Malcolm & Marie is a 2021 American black-and-white romantic drama film written, co-produced and directed by Sam Levinson. The film stars Zendaya and John David Washington and follows a writer-director and his girlfriend whose relationship is tested on the night of his latest film's premiere when revelations about themselves surface. The project was the first Hollywood feature to be entirely written, financed, and produced during the COVID-19 pandemic, with filming taking place in secret in June and July 2020.",https://www.rottentomatoes.com/m/malcolm_and_marie,"Released Jan 29, 2021",57.0,67.0,2,Small
palmer,2021,"Justin Timberlake, Juno Temple, Alisha Wainwright, June Squibb, Ryder Allen",['Drama'],"Palmer is a 2021 American drama film directed by Fisher Stevens and written by Cheryl Guerriero. The film stars Justin Timberlake, Juno Temple, Alisha Wainwright, June Squibb, and Ryder Allen. Palmer was digitally released by Apple TV+ on January 29, 2021. The film received mixed reviews from critics, who praised the performances and themes though noted its familiarity.",https://www.rottentomatoes.com/m/palmer,2021,72.0,88.0,5,Medium
falling,2021,"Viggo Mortensen, Lance Henriksen, Terry Chen, Sverrir Gudnason, Hannah Gross, Laura Linney",['Drama'],"Falling is a 2020 drama film written and directed by Viggo Mortensen in his feature directorial debut. The film stars Mortensen as John Peterson, a middle-aged gay man whose homophobic father Willis starts to exhibit symptoms of dementia, forcing him to sell the family farm and move to Los Angeles to live with John and his husband Eric. The film's cast also includes Sverrir Gudnason, Laura Linney, Hannah Gross and David Cronenberg.",https://www.rottentomatoes.com/m/falling,2017,,,6,Medium
bliss,2021,"Owen Wilson, Salma Hayek",['Drama'],"Bliss is a 2021 American drama film written and directed by Mike Cahill. It stars Owen Wilson and Salma Hayek, and follows a middle-aged man (Wilson), recently divorced and estranged, who suffers a psychotic break when he is fired from an unhappy job. Befriended by a homeless woman (Hayek), he gradually falls deeper into what appears to be drug addiction. He struggles to discern reality from fantasy. The viewer is left to question whether he is actually caught up in a layer-upon-layer simulation or whether he is experiencing drug-induced psychosis.",https://www.rottentomatoes.com/m/bliss,1967,,,2,Small
littlefish,2021,"Olivia Cooke, Jack O'Connell, Raúl Castillo, Soko","['Drama', 'Science Fiction', 'Romance']","Little Fish is a 2020 American science fiction romantic drama film directed by Chad Hartigan and written by Mattson Tomlin, based on the 2011 short story of the same name by Aja Gabel. It stars Olivia Cooke, Jack O'Connell, Raúl Castillo, and Soko.",https://www.rottentomatoes.com/m/little_fish,2005,90.0,57.0,4,Medium
sonofthesouth,2021,"Lucas Till, Lucy Hale, Cedric the Entertainer, Brian Dennehy","['Drama', 'Historical', 'Biography']","Son of the South is a 2020 American biographical historical drama film, written and directed by Barry Alexander Brown. Based on Bob Zellner's autobiography, The Wrong Side of Murder Creek: A White Southerner in the Freedom Movement, it stars Lucas Till, Lex Scott Davis, Lucy Hale, Jake Abel, Shamier Anderson, Julia Ormond, Cedric the Entertainer and Brian Dennehy in his final film role. Spike Lee serves as an executive producer.",https://www.rottentomatoes.com/m/son_of_the_south,"Released Feb 5, 2021",61.0,90.0,4,Medium
pvtchat,2021,"Julia Fox, Nikki Belfiglio, Austin Brown, Peter Vack","['Drama', 'Erotic']","PVT Chat is a 2020 erotic drama film, written and directed by Ben Hozie. It stars Peter Vack as an online gambler who becomes obsessed with a cam girl played by Julia Fox. PVT Chat premiered at the Fantasia International Film Festival on August 21, 2020.",https://www.rottentomatoes.com/m/pvt_chat,"Released Feb 5, 2021",67.0,45.0,4,Medium
music,2021,"Kate Hudson, Leslie Odom Jr., Maddie Ziegler","['Drama', 'Musical']","Music is a 2021 American musical drama film directed by singer-songwriter Sia. The film was co-written by Sia and Dallas Clayton, and stars Kate Hudson, Leslie Odom Jr. and Maddie Ziegler. It marks Sia's feature film directorial debut. The film follows Zu, a newly sober drug dealer who becomes the sole guardian of her half-sister Music, a teenage non-verbal autistic girl.",https://www.rottentomatoes.com/m/music,2021,7.0,15.0,3,Small
judasandtheblackmessiah,2021,"Daniel Kaluuya, Lakeith Stanfield, Jesse Plemons, Dominique Fishback, Ashton Sanders, Darrell Britt-Gibson, Lil Rel Howery, Algee Smith, Dominique Thorne, Martin Sheen","['Crime', 'Drama', 'Biography']","Judas and the Black Messiah is a 2021 biographical crime drama film about the betrayal of Fred Hampton, chairman of the Illinois chapter of the Black Panther Party in late-1960s Chicago, by William O'Neal, an FBI informant. Jesse Plemons, Dominique Fishback, Ashton Sanders, Darrell Britt-Gibson, Lil Rel Howery, Algee Smith, Dominique Thorne, and Martin Sheen also star. The film is directed and produced by Shaka King, who wrote the screenplay with Will Berson, based on a story by the pair and Kenny and Keith Lucas.",https://www.rottentomatoes.com/m/judas_and_the_black_messiah,"Released Feb 12, 2021",96.0,95.0,10,Medium
themauritanian,2021,"Jodie Foster, Tahar Rahim, Shailene Woodley, Zachary Levi, Benedict Cumberbatch","['Drama', 'Legal']","The Mauritanian is a 2021 legal drama film based on the memoir of Mohamedou Ould Slahi, a Mauritanian man who was held for fourteen years without charge in the Guantanamo Bay detention camp, a United States military prison. The film was directed by Kevin Macdonald based on a screenplay written by M.B. Traven, Rory Haines, and Sohrab Noshirvani, adapted from Slahi's 2015 memoir Guantánamo Diary. It stars Tahar Rahim as Slahi, and also features Jodie Foster, Shailene Woodley, Benedict Cumberbatch, and Zachary Levi in supporting roles.",https://www.rottentomatoes.com/m/the_mauritanian,"Released Feb 12, 2021",75.0,84.0,5,Medium
breakingnewsinyubacounty,2021,"Allison Janney, Mila Kunis, Awkwafina, Regina Hall, Wanda Sykes, Juliette Lewis, Samira Wiley, Matthew Modine, Ellen Barkin",['Comedy'],"Breaking News in Yuba County is a 2021 American black comedy film directed and co-produced by Tate Taylor, from a screenplay written by Amanda Idoko. The film stars an ensemble cast that includes Allison Janney, Mila Kunis, Awkwafina, Regina Hall, Wanda Sykes, Juliette Lewis, Samira Wiley, Jimmi Simpson, Clifton Collins Jr., Bridget Everett, Dominic Burgess, Keong Sim, Chris Lowell, Matthew Modine and Ellen Barkin.",https://www.rottentomatoes.com/m/breaking_news_in_yuba_county,"Released Feb 12, 2021",11.0,45.0,9,Medium
minari,2021,"Steven Yeun, Han Ye-ri, Alan Kim, Noel Kate Cho, Scott Haze, Youn Yuh-jung, Will Patton",['Drama'],"Minari is a 2020 American drama film written and directed by Lee Isaac Chung. It stars Steven Yeun, Han Ye-ri, Alan Kim, Noel Kate Cho, Youn Yuh-jung, and Will Patton. A semi-autobiographical take on Chung's upbringing, the plot follows a family of South Korean immigrants who try to make it in the rural United States during the 1980s.",https://www.rottentomatoes.com/m/minari,"Released Feb 12, 2021",98.0,87.0,7,Medium
toalltheboysalwaysandforever,2021,"Lana Condor, Noah Centineo, Jordan Fisher, Holland Taylor, Sarayu Blue, John Corbett","['Comedy', 'Teen', 'Romance']","To All the Boys: Always and Forever is a 2021 American teen romantic comedy film directed by Michael Fimognari and starring Lana Condor and Noah Centineo. The film is based on Jenny Han's 2017 novel Always and Forever, Lara Jean and is a sequel to To All the Boys: P.S. I Still Love You (2020), and the third and final installment in the To All the Boys film series. It was released on February 12, 2021, by Netflix.",https://www.rottentomatoes.com/m/to_all_the_boys_always_and_forever,2021,78.0,58.0,6,Medium
theworldtocome,2021,"Katherine Waterston, Vanessa Kirby, Christopher Abbott, Casey Affleck",['Drama'],"The World to Come is a 2020 American drama film directed by Mona Fastvold, from a screenplay by Ron Hansen and Jim Shepard, based upon Shepard's story of the same name. It stars Katherine Waterston, Vanessa Kirby, Christopher Abbott and Casey Affleck, and follows two neighboring couples battling hardship and isolation in mid-19th century America.",https://www.rottentomatoes.com/m/the_world_to_come,"Released Feb 12, 2021",74.0,63.0,4,Medium
frenchexit,2021,"Michelle Pfeiffer, Lucas Hedges, Tracy Letts, Danielle Macdonald, Imogen Poots","['Comedy', 'Drama']","French Exit is a 2020 black comedy-drama film directed by Azazel Jacobs, based on the novel of the same name by Patrick deWitt, who also wrote the screenplay. It tells the story of a Manhattan heiress who moves to Paris with her son with the little money they have left.",https://www.rottentomatoes.com/m/french_exit,1995,,,5,Medium
willyswonderland,2021,"Nicolas Cage, Emily Tosta, Ric Reitz, Beth Grant","['Action', 'Comedy', 'Horror']","Willy's Wonderland is a 2021 American action comedy horror film directed by Kevin Lewis from a screenplay by G. O. Parsons. The film stars Nicolas Cage, who also served as producer, along with Emily Tosta, Ric Reitz, Chris Warner, Kai Kadlec, Christian Del Grosso, Caylee Cowan, Terayle Hill, Jonathan Mercedes, David Sheftell and Beth Grant. It follows a quiet drifter who is tricked into cleaning up an abandoned family entertainment center as he is stalked by eight murderous animatronic characters possessed by the souls of a cannibalistic killer and his seven psychotic acolytes.",https://www.rottentomatoes.com/m/willys_wonderland,"Released Feb 12, 2021",61.0,67.0,4,Medium
themapoftinyperfectthings,2021,"Kathryn Newton, Kyle Allen, Al Madrigal","['Comedy', 'Science Fiction', 'Romance']","The Map of Tiny Perfect Things is a 2021 American science fiction romantic comedy film directed by Ian Samuels, from a screenplay by Lev Grossman, based on his 2016 short story of the same name. It stars Kathryn Newton and Kyle Allen as two teenagers stuck in a time loop.",https://www.rottentomatoes.com/m/the_map_of_tiny_perfect_things,2021,78.0,72.0,3,Small
fearofrain,2021,"Katherine Heigl, Madison Iseman, Israel Broussard, Harry Connick Jr.",['Thriller'],"Fear of Rain is a 2021 American psychological thriller film written and directed by Castille Landon and starring Katherine Heigl, Madison Iseman, Israel Broussard, Eugenie Bondurant, and Harry Connick Jr.",https://www.rottentomatoes.com/m/fear_of_rain,"Released Feb 12, 2021",47.0,60.0,4,Medium
icarealot,2021,"Rosamund Pike, Peter Dinklage, Eiza González, Chris Messina, Dianne Wiest, Isiah Whitlock Jr.","['Comedy', 'Thriller']","I Care a Lot is a 2020 American satirical black comedy thriller film written and directed by J Blakeson. The film stars Rosamund Pike, Peter Dinklage, Eiza González, Chris Messina, Macon Blair, Alicia Witt, and Damian Young, with Isiah Whitlock Jr. and Dianne Wiest. The film follows a con woman who makes a living as a court-appointed guardian, seizing the assets of vulnerable elderly people, including the mother of a dangerous gangster.",https://www.rottentomatoes.com/m/i_care_a_lot,2020,79.0,36.0,6,Medium
silkroad,2021,"Jason Clarke, Nick Robinson, Katie Aselton, Jimmi Simpson, Daniel David Stewart, Darrell Britt-Gibson, Lexi Rabe, Will Ropp, Paul Walter Hauser, Alexandra Shipp","['Crime', 'Thriller']","Silk Road is a 2021 American crime thriller film, written for the screen and directed by Tiller Russell based on the Rolling Stone article ""Dead End on Silk Road: Internet Crime Kingpin Ross Ulbricht's Big Fall"" by David Kushner. The film stars Jason Clarke, Nick Robinson, Alexandra Shipp, Jimmi Simpson, Paul Walter Hauser, Darrell Britt-Gibson, and Will Ropp. It is based on the true story of Ross Ulbricht who develops a website on the Dark net, an act which attracts the attention of the FBI and DEA who send in federal agent Richard ""Rick"" Bowden, a fictional composite of real life DEA Agent Carl Force and US Secret Service Special Agent Shaun Bridges, both of whom were convicted of felonies related to theft of assets in the investigation of Ulbricht, to bring down Ross' empire.",https://www.rottentomatoes.com/m/silk_road,"Released Feb 19, 2021",52.0,39.0,10,Medium
tomjerry,2021,"Chloë Grace Moretz, Michael Peña, Colin Jost, Rob Delaney, Pallavi Sharda, Jordan Bolger, Patsy Ferran, Nicky Jam, Bobby Cannavale, Lil Rel Howery, Ken Jeong","['Live Action', 'Animated', 'Comedy']","Tom & Jerry is a 2021 American live-action/computer-animated slapstick comedy film based on the titular cartoon characters of the same name created by William Hanna and Joseph Barbera, produced by Warner Animation Group and distributed by Warner Bros. Pictures. It is the second theatrical film based on the characters, following Tom and Jerry: The Movie (1992), and the third to animate them in the contemporary real world with humans, following Anchors Aweigh (1945) and Dangerous When Wet (1953), like the original cartoons. The film's story follows Tom enlisted to catch Jerry, before his presence ruins New York City's fanciest hotel and its planned wedding.",https://www.rottentomatoes.com/m/tom_and_jerry,"Released Feb 26, 2021",30.0,82.0,11,Medium
theunitedstatesvsbillieholiday,2021,"Andra Day, Trevante Rhodes, Garrett Hedlund, Leslie Jordan, Miss Lawrence, Adriane Lenox, Natasha Lyonne, Rob Morgan, Da'Vine Joy Randolph, Evan Ross, Tyler James Williams","['Drama', 'Biography']","The United States vs. Billie Holiday is a 2021 American biographical drama film about singer Billie Holiday, based on the book Chasing the Scream: The First and Last Days of the War on Drugs by Johann Hari. Directed by Lee Daniels, the film stars Andra Day in the titular role, along with Trevante Rhodes, Garrett Hedlund, Leslie Jordan, Miss Lawrence, Adriane Lenox, Natasha Lyonne, Rob Morgan, Da'Vine Joy Randolph, Evan Ross, and Tyler James Williams.",https://www.rottentomatoes.com/m/the_united_states_vs_billie_holiday,2021,55.0,79.0,11,Medium
cherry,2021,"Tom Holland, Ciara Bravo, Jack Reynor, Michael Rispoli, Jeff Wahlberg","['Crime', 'Drama']","Cherry is a 2021 American crime drama film directed by Anthony and Joe Russo from a screenplay by Angela Russo-Otstot and Jessica Goldberg, based on the 2018 novel of the same name by Nico Walker. It stars Tom Holland as the titular character, alongside Ciara Bravo, Jack Reynor, and Jeff Wahlberg. The film follows the life of Cherry, from a college student to a PTSD-afflicted veteran who robs banks to pay for his and his wife's drug addiction.",https://www.rottentomatoes.com/m/cherry,"Released Dec 10, 1999",,50.0,5,Medium
crisis,2021,"Gary Oldman, Armie Hammer, Evangeline Lilly, Greg Kinnear, Michelle Rodriguez, Luke Evans, Lily-Rose Depp, Scott Mescudi, Martin Donovan","['Crime', 'Thriller']","Crisis is a 2021 crime thriller film written, produced and directed by Nicholas Jarecki. The film’s ensemble cast includes Gary Oldman, Armie Hammer, Evangeline Lilly, Greg Kinnear, Michelle Rodriguez, Luke Evans, Lily-Rose Depp, Kid Cudi, and Martin Donovan.",https://www.rottentomatoes.com/m/crisis,1997,,,9,Medium
billieeilishtheworldsalittleblurry,2021,"Billie Eilish, Finneas O'Connell, Maggie Baird, Patrick O'Connell",['Documentary'],"Billie Eilish: The World's a Little Blurry is a 2021 American documentary film directed by R. J. Cutler and centered around singer-songwriter Billie Eilish. The film details Eilish's rise to fame since the release of her 2016 single ""Ocean Eyes"" and the creative process behind Eilish's debut studio album When We All Fall Asleep, Where Do We Go? (2019), with the title referencing a lyric from the album track ""Ilomilo"". The film was released in select theaters via Neon and on Apple TV+ on February 26, 2021.",https://www.rottentomatoes.com/m/billie_eilish_the_worlds_a_little_blurry,"Released Feb 26, 2021",96.0,95.0,4,Medium
thevigil,2021,"Dave Davis, Menashe Lustig, Malky Goldman, Fred Melamed, Lynn Cohen","['Horror', 'Supernatural']","The Vigil is a 2019 American supernatural horror film written and directed by Keith Thomas in his feature directorial debut. It stars Dave Davis, Menashe Lustig, Malky Goldman, Fred Melamed and Lynn Cohen, and follows a young man who is tasked with keeping vigil over a deceased member of his former Orthodox Jewish community, only to be targeted by a malevolent spirit known as a Mazzik. Jason Blum serves as an executive producer through his Blumhouse Productions banner.",https://www.rottentomatoes.com/m/the_vigil,1998,,,5,Medium
moxie,2021,"Hadley Robinson, Lauren Tsai, Patrick Schwarzenegger, Hico Hiraga, Sydney Park, Josephine Langford, Clark Gregg, Ike Barinholtz, Amy Poehler, Marcia Gay Harden","['Comedy', 'Drama']","Moxie, stylized as MOXiE! is a 2021 American comedy-drama film directed by Amy Poehler. Tamara Chestna and Dylan Meyer adapted the screenplay from the 2017 novel of the same name by Jennifer Mathieu. It stars Hadley Robinson, Alycia Pascual-Peña, Lauren Tsai, Patrick Schwarzenegger, Nico Hiraga, and Poehler. The film focuses on 16-year-old Vivian, who starts a feminist zine to empower the young women in her high school, as they contend with bullying, sexual harassment, and rape. The film was released on March 3, 2021 by Netflix and received mixed reviews from critics.",https://www.rottentomatoes.com/m/moxie,2021,70.0,68.0,10,Medium
coming2america,2021,"Eddie Murphy, Arsenio Hall, Jermaine Fowler, Leslie Jones, Tracy Morgan, KiKi Layne, Shari Headley, Teyana Taylor, Wesley Snipes, James Earl Jones","['Comedy', 'Romance']","Coming 2 America is a 2021 American romantic comedy film that serves as a sequel to the 1988 film Coming to America starring Eddie Murphy and directed by Craig Brewer, from a screenplay by Kenya Barris, Barry W. Blaustein, and David Sheffield, and a story by Blaustein, Sheffield, and Justin Kanew, based on characters was created by Murphy. It co-stars Arsenio Hall, Jermaine Fowler, Leslie Jones, Tracy Morgan, KiKi Layne, Shari Headley, Teyana Taylor, Wesley Snipes, and James Earl Jones. Coming 2 America was the final film appearance of Louie Anderson before his death in 2022, who reprising his role as Maurice from the first film.",https://www.rottentomatoes.com/m/coming_2_america,2021,49.0,38.0,10,Medium
thespongebobmoviespongeontherun,2021,"Tom Kenny, Awkwafina, Matt Berry, Snoop Dogg, Bill Fagerbakke, Clancy Brown, Tiffany Haddish, Carolyn Lawrence, Mr. Lawrence, Keanu Reeves, Danny Trejo, Reggie Watts","['Live Action', 'Adventure', 'Animated', 'Comedy']","The SpongeBob Movie: Sponge on the Run is a 2020 American live-action/computer-animated adventure comedy film based on the animated television series SpongeBob SquarePants. Written and directed by series co-developer and former writer Tim Hill, who co-wrote the story with Jonathan Aibel and Glenn Berger, it is the first film in the franchise to be fully animated in stylized computer-generated imagery rather than traditional 2D animation. The regular voice cast of the series reprise their respective roles from the series and the previous films and including new characters performed by Awkwafina, Snoop Dogg, Tiffany Haddish, Keanu Reeves, Danny Trejo, and Reggie Watts. The film follows the origin of how SpongeBob met Gary the Snail, and SpongeBob's quest to rescue his pet after he is kidnapped. It is the third theatrical film based on the series, following the first in 2004 and second in 2015. The film is dedicated to creator Stephen Hillenburg, who died in 2018, and also served as an executive producer on the project.",https://www.rottentomatoes.com/m/the_spongebob_movie_sponge_on_the_run,2020,66.0,49.0,12,Medium
thespongebobmoviespongeontherun,2021,"Tom Kenny, Awkwafina, Matt Berry, Snoop Dogg, Bill Fagerbakke, Clancy Brown, Tiffany Haddish, Carolyn Lawrence, Mr. Lawrence, Keanu Reeves, Danny Trejo, Reggie Watts","['Live Action', 'Adventure', 'Animated', 'Comedy']","The SpongeBob Movie: Sponge on the Run is a 2020 American live-action/computer-animated adventure comedy film based on the animated television series SpongeBob SquarePants. Written and directed by series co-developer and former writer Tim Hill, who co-wrote the story with Jonathan Aibel and Glenn Berger, it is the first film in the franchise to be fully animated in stylized computer-generated imagery rather than traditional 2D animation. The regular voice cast of the series reprise their respective roles from the series and the previous films and including new characters performed by Awkwafina, Snoop Dogg, Tiffany Haddish, Keanu Reeves, Danny Trejo, and Reggie Watts. The film follows the origin of how SpongeBob met Gary the Snail, and SpongeBob's quest to rescue his pet after he is kidnapped. It is the third theatrical film based on the series, following the first in 2004 and second in 2015. The film is dedicated to creator Stephen Hillenburg, who died in 2018, and also served as an executive producer on the project.",https://www.rottentomatoes.com/m/the_spongebob_movie_sponge_on_the_run,2020,66.0,49.0,12,Medium
rayaandthelastdragon,2021,"Kelly Marie Tran, Awkwafina, Izaac Wang, Gemma Chan, Daniel Dae Kim, Benedict Wong, Sandra Oh, Thalia Tran, Lucille Soong, Alan Tudyk","['Action', 'Adventure', 'Animated', 'Fantasy']","Raya and the Last Dragon is a 2021 American computer-animated fantasy action-adventure film produced by Walt Disney Animation Studios and distributed by Walt Disney Studios Motion Pictures. The 59th film produced by the studio, it was directed by Don Hall and Carlos López Estrada, and produced by Osnat Shurer and Peter Del Vecho. The screenplay was written by Qui Nguyen and Adele Lim, both of whom also wrote the story with Hall, Estrada, Paul Briggs, John Ripa, Kiel Murray, and Dean Wellins, based on story ideas by Bradley Raymond and additional story contributions by Helen Kalafatic. Featuring the voices of Kelly Marie Tran, Awkwafina, Izaac Wang, Gemma Chan, Daniel Dae Kim, Benedict Wong, Sandra Oh, Thalia Tran, Lucille Soong, and Alan Tudyk, Raya and the Last Dragon is about the titular warrior princess, Raya (Tran). She seeks out the fabled last dragon (Awkwafina), hoping to restore the dragon gem that would bring back her father and banish the evil spirits known as the Druun from the land of Kumandra.",https://www.rottentomatoes.com/m/raya_and_the_last_dragon,"Released Mar 5, 2021",93.0,97.0,10,Medium
chaoswalking,2021,"Daisy Ridley, Tom Holland, Mads Mikkelsen, Demián Bichir, Cynthia Erivo, Nick Jonas, Ray McKinnon, Kurt Sutter, David Oyelowo","['Action', 'Thriller', 'Science Fiction']","Chaos Walking is a 2021 American dystopian science-fiction action-thriller film directed by Doug Liman and written by Patrick Ness and Christopher Ford. It is based on Ness's science fiction trilogy Chaos Walking, adapting its first book, 2008's The Knife of Never Letting Go. It stars Daisy Ridley, Tom Holland, Mads Mikkelsen, Demián Bichir, Cynthia Erivo, Nick Jonas and David Oyelowo. It follows a young man who lives in a dystopian world without women, where all living creatures can hear each other's thoughts in streams of images, words and sounds, called ""Noise"". When a woman crash-lands on the planet, he protects her from danger.",https://www.rottentomatoes.com/m/chaos_walking,"Released Mar 5, 2021",21.0,71.0,9,Medium
bosslevel,2021,"Frank Grillo, Mel Gibson, Naomi Watts, Annabelle Wallis, Ken Jeong, Will Sasso, Selina Lo, Meadow Williams, Michelle Yeoh","['Action', 'Science Fiction']","Boss Level is a 2020 American science fiction action film directed by Joe Carnahan and written by Carnahan and Chris and Eddie Borey, from a story by the Boreys. It stars Frank Grillo as a retired special forces soldier who tries to escape a never-ending time loop that results in his death. Mel Gibson, Naomi Watts and Michelle Yeoh co-star.",https://www.rottentomatoes.com/m/boss_level,2021,74.0,77.0,9,Medium
yesday,2021,"Jennifer Garner, Édgar Ramírez, Jenna Ortega","['Comedy', 'Family']","Yes Day is a 2021 American family comedy film directed by Miguel Arteta, from a screenplay and screen story by Justin Malen, based upon the children's book of the same name by Amy Krouse Rosenthal and Tom Lichtenheld. It stars Jennifer Garner, Édgar Ramírez, and Jenna Ortega.",https://www.rottentomatoes.com/m/yes_day,2021,52.0,57.0,3,Small
cosmicsin,2021,"Bruce Willis, Frank Grillo, Brandon Thomas Lee, C.J. Perry","['Action', 'Science Fiction']","Cosmic Sin is a 2021 American science fiction action film directed by Edward Drake. The film stars Bruce Willis, Frank Grillo, Brandon Thomas Lee, Corey Large, Perrey Reeves, C.J. Perry, Lochlyn Munro, and Costas Mandylor.",https://www.rottentomatoes.com/m/cosmic_sin,"Released Mar 12, 2021",6.0,54.0,4,Medium
trust,2021,"Victoria Justice, Matthew Daddario, Katherine McNamara, Lucien Laviscount, Ronny Chieng, Lindsey Broad","['Drama', 'Erotic', 'Romance']","Trust is a 2021 American erotic romantic drama film directed by Brian DeCubellis, from a screenplay by Kristen Lazarian, K.S. Bruce, and DeCubellis, based on Lazarian's play Push. The film stars Victoria Justice, Matthew Daddario, Katherine McNamara, and Lucien Laviscount. The movie employs a non-linear narrative, with the story doubling back on itself as characters explain various ruses and deceptions.",https://www.rottentomatoes.com/m/trust,2018,,,6,Medium
trust,2021,"Victoria Justice, Matthew Daddario, Katherine McNamara, Lucien Laviscount, Ronny Chieng, Lindsey Broad","['Drama', 'Erotic', 'Romance']","Trust is a 2021 American erotic romantic drama film directed by Brian DeCubellis, from a screenplay by Kristen Lazarian, K.S. Bruce, and DeCubellis, based on Lazarian's play Push. The film stars Victoria Justice, Matthew Daddario, Katherine McNamara, and Lucien Laviscount. The movie employs a non-linear narrative, with the story doubling back on itself as characters explain various ruses and deceptions.",https://www.rottentomatoes.com/m/trust,2018,,,6,Medium
zacksnydersjusticeleague,2021,"Ben Affleck, Henry Cavill, Amy Adams, Gal Gadot, Ray Fisher, Jason Momoa, Ezra Miller, Willem Dafoe, Jesse Eisenberg, Jeremy Irons, Diane Lane, Connie Nielsen, J. K. Simmons, Ciarán Hinds",['Superhero'],"Zack Snyder's Justice League is the 2021 director's cut of the 2017 American superhero film Justice League, the fifth film set within the DC Extended Universe (DCEU) based on the team of the same name appearing in DC Comics publications. It is intended to match director Zack Snyder's original vision for the film, prior to his departure from the production and subsequent studio interference. The film follows Batman, Wonder Woman, Cyborg, Aquaman, The Flash, and a revived Superman as they form an alliance to stop the extradimensional New God Steppenwolf and his army of Parademons from conquering Earth for his overlord Darkseid.",https://www.rottentomatoes.com/m/zack_snyders_justice_league,2021,71.0,93.0,14,Medium
thecourier,2021,"Benedict Cumberbatch, Merab Ninidze, Rachel Brosnahan, Jessie Buckley, Angus Wright","['Historical', 'Spy']","The Courier is a 2020 historical spy film directed by Dominic Cooke and written by Tom O'Connor. The film stars Benedict Cumberbatch as Greville Wynne, and is based on the true story of a British businessman who was recruited by the Secret Intelligence Service to be a message conduit with a Russian spy source Oleg Penkovsky in the 1960s. Rachel Brosnahan, Jessie Buckley, and Angus Wright also star.",https://www.rottentomatoes.com/m/the_courier,"Released Mar 19, 2021",85.0,95.0,5,Medium
cityoflies,2021,"Johnny Depp, Forest Whitaker","['Crime', 'Thriller']","City of Lies is a 2018 crime thriller film about the investigations by the Los Angeles Police Department of the murders of rappers Tupac Shakur and the Notorious B.I.G. It is directed by Brad Furman, with a screenplay by Christian Contreras based on the non-fiction book LAbyrinth by Randall Sullivan. The film stars Johnny Depp as retired LAPD detective Russell Poole and Forest Whitaker as journalist Jack Jackson, with Rockmond Dunbar and Neil Brown Jr. also starring.",https://www.rottentomatoes.com/m/city_of_lies,"Released Mar 19, 2021",51.0,83.0,2,Small
happily,2021,"Joel McHale, Kerry Bishé, Stephen Root","['Comedy', 'Thriller']","Happily is a 2021 American comedy thriller film written and directed by BenDavid Grabinski, in his directorial debut. It stars Joel McHale, Kerry Bishé, Stephen Root, Natalie Morales, Paul Scheer and Natalie Zea.",https://www.rottentomatoes.com/m/happily,"Released Mar 19, 2021",69.0,25.0,3,Small
nobody,2021,"Bob Odenkirk, Connie Nielsen, Aleksei Serebryakov, RZA, Michael Ironside, Colin Salmon, Christopher Lloyd","['Action', 'Thriller']","Nobody is a 2021 American action thriller film directed by Ilya Naishuller and written by Derek Kolstad. The film, which stars Bob Odenkirk, Connie Nielsen, Aleksey Serebryakov, RZA, and Christopher Lloyd, follows a mild-mannered family man who, after his house is robbed, returns to his dangerous former life, making him the target of a vengeful crime lord. Odenkirk and David Leitch are among the film's producers.",https://www.rottentomatoes.com/m/nobody,2011,,,7,Medium
badtrip,2021,"Eric André, Lil Rel Howery, Tiffany Haddish",['Comedy'],"Bad Trip is a 2021 American hidden camera comedy film directed by Kitao Sakurai. The film follows two best friends who take a road trip from Florida to New York City so one of them can declare his love for his high school crush, all the while being chased by the other's criminal sister, whose car they have stolen for the trip.",https://www.rottentomatoes.com/m/bad_trip,1988,,,3,Small
theseventhday,2021,"Guy Pearce, Vadhir Derbez, Stephen Lang, Keith David, Robin Bartlett",['Horror'],"The Seventh Day is a 2021 American horror film written and directed by Justin P. Lange. It stars Guy Pearce, Vadhir Derbez, Stephen Lang and Keith David.",https://www.rottentomatoes.com/m/the_seventh_day,2019,,,5,Medium
seniormoment,2021,"William Shatner, Jean Smart, Christopher Lloyd","['Comedy', 'Drama', 'Romance']","Senior Moment is a 2021 American romantic comedy-drama film directed by Giorgio Serafini and starring William Shatner, Jean Smart and Christopher Lloyd.",https://www.rottentomatoes.com/m/senior_moment,"Released Mar 26, 2021",21.0,76.0,3,Small
concretecowboy,2021,"Idris Elba, Caleb McLaughlin, Jharrel Jerome, Byron Bowers, Lorraine Toussaint, Clifford ""Method Man"" Smith",['Drama'],"Concrete Cowboy is a 2020 American drama film directed by Ricky Staub from a screenplay by Staub and Dan Walser. The movie is based on the novel Ghetto Cowboy by Greg Neri, which was inspired by the real urban African-American horseriding culture of Philadelphia, and in particular, the Fletcher Street Urban Riding Club. The film stars Idris Elba, Caleb McLaughlin, Jharrel Jerome, Byron Bowers, Lorraine Toussaint, Jamil Prattis and Clifford ""Method Man"" Smith. While the film is completely fictional, several real members of the Fletcher Street riding community play supporting characters who give voice to real issues that the community faces.",https://www.rottentomatoes.com/m/concrete_cowboy,2020,80.0,70.0,6,Medium
theunholy,2021,"Jeffrey Dean Morgan, Katie Aselton, William Sadler, Cricket Brown, Diogo Morgado, Cary Elwes","['Horror', 'Supernatural']","The Unholy is a 2021 American supernatural horror film written, produced, and directed by Evan Spiliotopoulos, based on the 1983 novel Shrine by James Herbert. Produced by Sam Raimi through his Ghost House Pictures banner, it stars Jeffrey Dean Morgan, Katie Aselton, William Sadler, Diogo Morgado, Cricket Brown, and Cary Elwes. The film follows on a disgraced journalist (Morgan) who discovers a series of seemingly divine miracles in a small New England town and uses them to resurrect his career, though those ‘miracles’ may have a much darker source.",https://www.rottentomatoes.com/m/the_unholy,1988,25.0,45.0,6,Medium
theunholy,2021,"Jeffrey Dean Morgan, Katie Aselton, William Sadler, Cricket Brown, Diogo Morgado, Cary Elwes","['Horror', 'Supernatural']","The Unholy is a 2021 American supernatural horror film written, produced, and directed by Evan Spiliotopoulos, based on the 1983 novel Shrine by James Herbert. Produced by Sam Raimi through his Ghost House Pictures banner, it stars Jeffrey Dean Morgan, Katie Aselton, William Sadler, Diogo Morgado, Cricket Brown, and Cary Elwes. The film follows on a disgraced journalist (Morgan) who discovers a series of seemingly divine miracles in a small New England town and uses them to resurrect his career, though those ‘miracles’ may have a much darker source.",https://www.rottentomatoes.com/m/the_unholy,1988,25.0,45.0,6,Medium
everybreathyoutake,2021,"Casey Affleck, Sam Claflin, Veronica Ferres, India Eisley, Michelle Monaghan",['Thriller'],"Every Breath You Take, also known as You Belong to Me, is a 2021 psychological thriller film directed by Vaughn Stein and written by David Murray. It stars Casey Affleck, Michelle Monaghan, Sam Claflin, and Veronica Ferres. It follows a psychiatrist whose life is disrupted after a client's brother who, after the client's death, insinuates himself into the psychiatrist's family.",https://www.rottentomatoes.com/m/every_breath_you_take,"Released Apr 2, 2021",20.0,89.0,5,Medium
shivababy,2021,"Rachel Sennott, Molly Gordon, Polly Draper, Danny Deferrari, Fred Melamed, Dianna Agron",['Comedy'],"Shiva Baby is a 2020 comedy film written and directed by Emma Seligman, in her feature directorial debut. The film stars Rachel Sennott as Danielle, a directionless young bisexual Jewish woman who attends a shiva with her parents, Joel and Debbie. Other attendees include her successful ex-girlfriend Maya, and her sugar daddy Max with his wife Kim and their screaming baby. It also features Jackie Hoffman, Deborah Offner, Rita Gardner and Sondra James in supporting roles.",https://www.rottentomatoes.com/m/shiva_baby,"Released Apr 2, 2021",96.0,78.0,6,Medium
thegirlwhobelievesinmiracles,2021,"Mira Sorvino, Austyn Johnson, Kevin Sorbo, Peter Coyote",['Drama'],"The Girl Who Believes in Miracles is a 2021 American Christian drama film directed and produced by Richard Correll. The film stars Mira Sorvino, Peter Coyote, Austyn Johnson, and Kevin Sorbo. The Girl Who Believes in Miracles was released on April 2, 2021, produced by 120 dB Films, Gerson Productions, The Mustard Seed Production, and Trailmaker Productions. It was distributed by Atlas Distribution Company.",https://www.rottentomatoes.com/m/the_girl_who_believes_in_miracles,"Released Apr 2, 2021",40.0,93.0,4,Medium
thebeliever,2021,"Aidan Bristow, Sophie Kargman, Susan Wilder, Lindsay Ginter, Robbie Goldstein, Billy Zane",['Horror'],"The Believer is a 2021 American horror film written and directed by Shan Serafin. It stars Aidan Bristow, Sophie Kargman, Susan Wilder, Lindsay Ginter, Robbie Goldstein and Billy Zane. It runs for 91 minutes. The film is about a woman driven murderously insane by a mad doctor's strange alternative therapy.",https://www.rottentomatoes.com/m/the_believer,"Released May 17, 2002",82.0,82.0,6,Medium
thebeliever,2021,"Aidan Bristow, Sophie Kargman, Susan Wilder, Lindsay Ginter, Robbie Goldstein, Billy Zane",['Horror'],"The Believer is a 2021 American horror film written and directed by Shan Serafin. It stars Aidan Bristow, Sophie Kargman, Susan Wilder, Lindsay Ginter, Robbie Goldstein and Billy Zane. It runs for 91 minutes. The film is about a woman driven murderously insane by a mad doctor's strange alternative therapy.",https://www.rottentomatoes.com/m/believer,"Released May 17, 2002",82.0,82.0,6,Medium
thebeliever,2021,"Aidan Bristow, Sophie Kargman, Susan Wilder, Lindsay Ginter, Robbie Goldstein, Billy Zane",['Horror'],"The Believer is a 2021 American horror film written and directed by Shan Serafin. It stars Aidan Bristow, Sophie Kargman, Susan Wilder, Lindsay Ginter, Robbie Goldstein and Billy Zane. It runs for 91 minutes. The film is about a woman driven murderously insane by a mad doctor's strange alternative therapy.",https://www.rottentomatoes.com/m/the_believer,"Released May 17, 2002",82.0,82.0,6,Medium
thebeliever,2021,"Aidan Bristow, Sophie Kargman, Susan Wilder, Lindsay Ginter, Robbie Goldstein, Billy Zane",['Horror'],"The Believer is a 2021 American horror film written and directed by Shan Serafin. It stars Aidan Bristow, Sophie Kargman, Susan Wilder, Lindsay Ginter, Robbie Goldstein and Billy Zane. It runs for 91 minutes. The film is about a woman driven murderously insane by a mad doctor's strange alternative therapy.",https://www.rottentomatoes.com/m/believer,"Released May 17, 2002",82.0,82.0,6,Medium
dawnofthebeast,2021,"Francesca Anderson, Adrián Burke, Chris Cimperman, Ariella Mastroianni, Roger Mayer",['Horror'],"Dawn of the Beast is a 2021 American horror film written by Anna Shields and directed by Bruce Wemple. It stars Francesca Anderson, Adrián Burke, Chris Cimperman, Ariella Mastroianni, Roger Mayer and Anna Shields. The film is about graduate students searching for a bigfoot.",https://www.rottentomatoes.com/m/dawn_of_the_beast,2021,,29.0,5,Medium
voyagers,2021,"Tye Sheridan, Lily-Rose Depp, Fionn Whitehead, Colin Farrell, Chanté Adams, Isaac Hempstead Wright, Viveik Kalra, Archie Madekwe, Quintessa Swindell",['Science Fiction'],"Voyagers is a 2021 science fiction film written, co-produced and directed by Neil Burger. It stars Tye Sheridan, Lily-Rose Depp, Fionn Whitehead, Colin Farrell, Chanté Adams, Isaac Hempstead Wright, Viveik Kalra, Archie Renaux, Archie Madekwe, and Quintessa Swindell, and follows a group of teenage astronauts sent on a multi-generational mission in the year 2063 to colonize a habitable exoplanet amidst runaway climate change and declining habitability on Earth, who descend into paranoia and social conflict after discovering that their personalities and emotions were being artificially suppressed. It has been described as ""Lord of the Flies in space"". The film was theatrically released on April 9, 2021, by Lionsgate and was a box office bomb, grossing US$4.2 million against a $29 million production budget.",https://www.rottentomatoes.com/m/voyagers,"Released Apr 9, 2021",25.0,55.0,9,Medium
thunderforce,2021,"Melissa McCarthy, Octavia Spencer, Bobby Cannavale, Pom Klementieff, Taylor Mosby, Melissa Leo, Jason Bateman","['Comedy', 'Superhero']","Thunder Force is a 2021 American superhero comedy film written and directed by Ben Falcone, and starring Melissa McCarthy, Octavia Spencer, Bobby Cannavale, Pom Klementieff, Taylor Mosby, with Melissa Leo, and Jason Bateman. It is the fifth collaboration between McCarthy and her husband Falcone, and follows two childhood friends who invent a way to become superheroes in a world where criminals have developed superpowers.",https://www.rottentomatoes.com/m/thunder_force,2021,22.0,23.0,7,Medium
arlothealligatorboy,2021,"Michael J. Woodard, Mary Lambert, Haley Tju, Jonathan Van Ness, Brett Gelman, Tony Hale, Annie Potts, Flea, Jennifer Coolidge, Vincent Rodriguez III","['Adventure', 'Animated', 'Musical']",Arlo the Alligator Boy is a 2021 American 2D animated adventure musical film directed by Ryan Crego in his directorial debut. The film is led by Michael J. Woodard and Mary Lambert in their debut acting roles as Arlo and Bertie respectively.,https://www.rottentomatoes.com/m/arlo_the_alligator_boy,2021,85.0,85.0,10,Medium
monday,2021,"Sebastian Stan, Denise Gough, Yorgos Pirpassopoulos, Dominique Tipper",['Drama'],"Monday is a 2020 drama film directed by Argyris Papadimitropoulos, from a screenplay he co-wrote with Rob Hayes. It stars Sebastian Stan and Denise Gough.",https://www.rottentomatoes.com/m/monday,1999,,86.0,4,Medium
intheearth,2021,"Joel Fry, Reece Shearsmith, Hayley Squires, Ellora Torchia, John Hollingworth, Mark Monero","['Horror', 'Science Fiction']","In the Earth is a 2021 science fiction horror film written and directed by Ben Wheatley. The film stars Joel Fry, Reece Shearsmith, Hayley Squires, Ellora Torchia, John Hollingworth and Mark Monero.",https://www.rottentomatoes.com/m/in_the_earth,"Released Apr 16, 2021",80.0,24.0,6,Medium
mortalkombat,2021,"Lewis Tan, Jessica McNamee, Josh Lawson, Tadanobu Asano, Mehcad Brooks, Ludi Lin, Chin Han, Joe Taslim, Hiroyuki Sanada","['Fantasy', 'Martial Arts']","Mortal Kombat is a 2021 American martial arts fantasy film directed by Simon McQuoid, from a screenplay by Greg Russo and Dave Callaham, and a story by Russo and Oren Uziel. The film is based on the video game franchise of the same name and a reboot of the Mortal Kombat film series. The film stars Lewis Tan, Jessica McNamee, Josh Lawson, Tadanobu Asano, Mehcad Brooks, Ludi Lin, Chin Han, Max Huang, Joe Taslim, and Hiroyuki Sanada. The film follows Cole Young, a washed-up mixed martial arts fighter who is unaware of his hidden lineage or why the assassin Sub-Zero is hunting him down. Concerned for the safety of his family, he seeks out a clique of fighters that were chosen to defend Earthrealm against Outworld.",https://www.rottentomatoes.com/m/mortal_kombat,1995,47.0,57.0,9,Medium
mortalkombat,2021,"Lewis Tan, Jessica McNamee, Josh Lawson, Tadanobu Asano, Mehcad Brooks, Ludi Lin, Chin Han, Joe Taslim, Hiroyuki Sanada","['Fantasy', 'Martial Arts']","Mortal Kombat is a 2021 American martial arts fantasy film directed by Simon McQuoid, from a screenplay by Greg Russo and Dave Callaham, and a story by Russo and Oren Uziel. The film is based on the video game franchise of the same name and a reboot of the Mortal Kombat film series. The film stars Lewis Tan, Jessica McNamee, Josh Lawson, Tadanobu Asano, Mehcad Brooks, Ludi Lin, Chin Han, Max Huang, Joe Taslim, and Hiroyuki Sanada. The film follows Cole Young, a washed-up mixed martial arts fighter who is unaware of his hidden lineage or why the assassin Sub-Zero is hunting him down. Concerned for the safety of his family, he seeks out a clique of fighters that were chosen to defend Earthrealm against Outworld.",https://www.rottentomatoes.com/m/mortal_kombat,1995,47.0,57.0,9,Medium
themitchellsvsthemachines,2021,"Abbi Jacobson, Danny McBride, Maya Rudolph, Mike Rianda, Olivia Colman, Eric Andre, Fred Armisen, Beck Bennett, John Legend, Chrissy Teigen, Blake Griffin, Conan O'Brien","['Animated', 'Comedy', 'Science Fiction']","The Mitchells vs. the Machines is a 2021 computer-animated science fiction comedy film produced by Sony Pictures Animation. The film was directed by Mike Rianda and co-directed by Jeff Rowe, from a screenplay written by both of them. Phil Lord, Christopher Miller, and Kurt Albrecht served as producers. The film follows the dysfunctional Mitchell family that winds up having to save Earth from a global uprising of robots while on a road trip. It stars an ensemble voice cast that includes Abbi Jacobson, Danny McBride, Maya Rudolph, Mike Rianda, Eric André, Olivia Colman, Fred Armisen, Beck Bennett, John Legend, Chrissy Teigen, Blake Griffin, Conan O'Brien, and Doug the Pug.",https://www.rottentomatoes.com/m/the_mitchells_vs_the_machines,"Released Apr 23, 2021",97.0,89.0,12,Medium
vanquish,2021,"Ruby Rose, Morgan Freeman","['Action', 'Thriller']",Vanquish is a 2021 American action thriller film directed by George Gallo. The film stars Morgan Freeman and Ruby Rose.,https://www.rottentomatoes.com/m/vanquish,"Released Apr 16, 2021",5.0,56.0,2,Small
togethertogether,2021,"Ed Helms, Patti Harrison, Tig Notaro",['Comedy'],"Together Together is a 2021 American comedy film written and directed by Nikole Beckwith. The film stars Ed Helms and Patti Harrison. The film had its world premiere at the Sundance Film Festival on January 31, 2021, and was released on April 23, 2021, by Bleecker Street.",https://www.rottentomatoes.com/m/together_together,"Released Apr 23, 2021",91.0,77.0,3,Small
webrokeup,2021,"William Jackson Harper, Aya Cash",['Comedy'],We Broke Up is a 2021 American comedy film directed by Jeff Rosenberg and starring Aya Cash and William Jackson Harper.,https://www.rottentomatoes.com/m/we_broke_up,"Released Apr 16, 2021",59.0,50.0,2,Small
thedeepones,2021,"Gina La Piana, Robert Miano, Johann Urb, Silvia Spross, Jackie Debatin, Nicolas Coster","['Horror', 'Science Fiction']","The Deep Ones is a 2020 American horror science fiction film written and directed by Chad Ferrin and based on H.P. Lovecraft's 1931 novel The Shadow over Innsmouth. The film stars Gina La Piana, Robert Miano, Johann Urb, Silvia Spross, Jackie Debatin, Nicolas Coster and was produced by Chad Ferrin, Gina La Piana, Robert Miano and Jeff Olan. It was premiered at Sitges Film Festival on October 10, 2020. The film is about a couple that is recovering from a recent miscarriage encounters overly friendly locals and strange goings-on at a coastal getaway.",https://www.rottentomatoes.com/m/the_deep_ones,"Released Apr 23, 2021",,,6,Medium
thingsheardseen,2021,"Amanda Seyfried, James Norton, Natalia Dyer, F. Murray Abraham",['Horror'],"Things Heard & Seen is a 2021 American horror film written and directed by Shari Springer Berman and Robert Pulcini, based on the novel All Things Cease to Appear by Elizabeth Brundage. It stars Amanda Seyfried and James Norton. It was released on April 29, 2021, by Netflix, and received mostly negative reviews from critics.",https://www.rottentomatoes.com/m/things_heard_and_seen,2021,38.0,23.0,4,Medium
thevirtuoso,2021,"Anson Mount, Abbie Cornish, Eddie Marsan, David Morse, Anthony Hopkins","['Crime', 'Noir', 'Thriller']","The Virtuoso is a 2021 American neo-noir crime thriller film directed and produced by Nick Stagliano. The film stars Anson Mount, Abbie Cornish, Eddie Marsan, Richard Brake, David Morse, and Anthony Hopkins. It follows a professional assassin who must track down and kill his latest target to satisfy an outstanding debt to his mentor.",https://www.rottentomatoes.com/m/the_virtuoso,"Released Apr 30, 2021",18.0,27.0,5,Medium
fourgooddays,2021,"Glenn Close, Mila Kunis, Stephen Root",['Drama'],"Four Good Days is a 2020 American drama film, directed and produced by Rodrigo García, from a screenplay by García and Eli Saslow, based upon Saslow's 2016 Washington Post article ""How's Amanda? A Story of Truth, Lies and an American Addiction"". It stars Glenn Close, Mila Kunis, and Stephen Root.",https://www.rottentomatoes.com/m/four_good_days,"Released Apr 30, 2021",55.0,81.0,3,Small
separation,2021,"Rupert Friend, Mamie Gummer, Violet McGraw, Brian Cox","['Horror', 'Supernatural']","Separation is a 2021 American supernatural horror film directed by William Brent Bell, from a screenplay by Nick Amadeus and Josh Braun. It stars Rupert Friend, Mamie Gummer, Madeline Brewer, Violet McGraw, Simon Quarterman, and Brian Cox. The film follows a father who must take care of his daughter, after his wife, who filed for divorce, suddenly dies in an accident, as the two become haunted by a mysterious entity.",https://www.rottentomatoes.com/m/separation,1968,,,4,Medium
theresort,2021,"Brock O'Hurn, Avery Pascual, Michael Vlamis, Michelle Randolph, Bianca Haase",['Horror'],"The Resort is a 2021 American horror film written and directed by Taylor Chien. It stars Bianca Haase, Brock O'Hurn, Michael Vlamis, and Michelle Randolph. The movie was shot in 2019, and hip-hop artist Quavo helped produce it after being encouraged by main producer Will Meldman.",https://www.rottentomatoes.com/m/the_resort,2012,,,5,Medium
wrathofman,2021,"Jason Statham, Holt McCallany, Jeffrey Donovan, Josh Hartnett, Laz Alonso, Raúl Castillo, DeObia Oparei, Eddie Marsan, Scott Eastwood, Andy García","['Action', 'Thriller']","Wrath of Man is a 2021 heist action thriller film directed by Guy Ritchie, from a script he co-wrote with Ivan Atkinson and Marn Davies, and is loosely based on 2004 French film Cash Truck written by Nicolas Boukhrief and Éric Besnard, and directed by Boukhrief. It is Ritchie's fourth directorial collaboration with lead actor Jason Statham, and first since Revolver (2005). Statham stars as H, a new cash truck driver in Los Angeles whose thwarting of a robbery leads to his skillset with guns and mysterious past being questioned. Holt McCallany, Jeffrey Donovan, Chris Reilly, Josh Hartnett, Laz Alonso, Raúl Castillo, DeObia Oparei, Eddie Marsan and Scott Eastwood also star.",https://www.rottentomatoes.com/m/wrath_of_man,"Released May 7, 2021",67.0,90.0,10,Medium
monster,2021,"Kelvin Harrison Jr., Jennifer Ehle, Tim Blake Nelson, Nasir ""Nas"" Jones, Rakim ""A$AP Rocky"" Mayers, Paul Ben-Victor, John David Washington, Jennifer Hudson, Jeffrey Wright","['Drama', 'Legal']","Monster is a 2018 American legal drama film directed by Anthony Mandler, from a screenplay by Radha Blank, Cole Wiley, and Janece Shaffer, based on the novel of the same name by Walter Dean Myers. It stars Kelvin Harrison Jr., Jennifer Ehle, Tim Blake Nelson, Nasir ""Nas"" Jones, Rakim ""A$AP Rocky"" Mayers, Paul Ben-Victor, John David Washington, Jennifer Hudson, and Jeffrey Wright. Wright, Jones, and John Legend also serve as executive producers on the film.",https://www.rottentomatoes.com/m/monster,"Released Jan 30, 2004",82.0,81.0,9,Medium
monster,2021,"Kelvin Harrison Jr., Jennifer Ehle, Tim Blake Nelson, Nasir ""Nas"" Jones, Rakim ""A$AP Rocky"" Mayers, Paul Ben-Victor, John David Washington, Jennifer Hudson, Jeffrey Wright","['Drama', 'Legal']","Monster is a 2018 American legal drama film directed by Anthony Mandler, from a screenplay by Radha Blank, Cole Wiley, and Janece Shaffer, based on the novel of the same name by Walter Dean Myers. It stars Kelvin Harrison Jr., Jennifer Ehle, Tim Blake Nelson, Nasir ""Nas"" Jones, Rakim ""A$AP Rocky"" Mayers, Paul Ben-Victor, John David Washington, Jennifer Hudson, and Jeffrey Wright. Wright, Jones, and John Legend also serve as executive producers on the film.",https://www.rottentomatoes.com/m/monster,"Released Jan 30, 2004",82.0,81.0,9,Medium
thepapertigers,2021,"Alain Uy, Ron Yuan, Mykel Shannon Jenkins","['Action', 'Comedy', 'Martial Arts']","The Paper Tigers is a 2020 American martial arts action comedy film written and directed by Bao Tran in his feature film directorial debut. It stars Alain Uy, Ron Yuan and Mykel Shannon Jenkins as three middle-aged former kung fu prodigies who set out to avenge the murder of their master. Yuji Okumoto, an actor on the film The Karate Kid Part II and the series Cobra Kai, served as a producer for the film.",https://www.rottentomatoes.com/m/the_paper_tigers,"Released May 7, 2021",98.0,93.0,3,Small
mainstream,2021,"Andrew Garfield, Maya Hawke, Nat Wolff, Johnny Knoxville, Jason Schwartzman","['Comedy', 'Drama']","Mainstream is a 2020 American comedy-drama film directed by Gia Coppola, who co-wrote the screenplay with Tom Stuart. It stars Andrew Garfield, Maya Hawke, Nat Wolff, Johnny Knoxville and Jason Schwartzman.",https://www.rottentomatoes.com/m/mainstream,"Released May 7, 2021",36.0,41.0,5,Medium
thewaterman,2021,"David Oyelowo, Rosario Dawson, Lonnie Chavis, Amiah Miller, Alfred Molina, Maria Bello",['Drama'],"The Water Man is a 2020 American drama film directed by David Oyelowo, in his feature directorial debut, from a screenplay by Emma Needell. The film stars Oyelowo, Rosario Dawson, Lonnie Chavis, Amiah Miller, Alfred Molina and Maria Bello. Oprah Winfrey serves as an executive producer via her revived Harpo Films banner.",https://www.rottentomatoes.com/m/the_water_man,"Released May 7, 2021",77.0,69.0,6,Medium
heretoday,2021,"Billy Crystal, Tiffany Haddish, Penn Badgley, Laura Benanti, Louisa Krause","['Comedy', 'Drama']","Here Today is a 2021 American comedy-drama film directed and produced by Billy Crystal, from a screenplay that he wrote with Alan Zweibel. It stars Crystal, Tiffany Haddish, Penn Badgley, Laura Benanti, and Louisa Krause. The film was released on May 7, 2021, by Stage 6 Films.",https://www.rottentomatoes.com/m/here_today,2020,,,5,Medium
bennylovesyou,2021,"Karl Holt, Claire Cartwright, David Wayman, George Collie, James Parsons, Lydia Hourihan","['Comedy', 'Horror']","Benny Loves You is a 2019 horror comedy film directed, written, and produced by Karl Holt. It stars Claire Cartwright, George Collie, James Parsons, David Wayman, Lydia Hourihan and Holt himself. The film premiered at the Buenos Aires Rojo Sangre on November 21, 2019.",https://www.rottentomatoes.com/m/benny_loves_you,"Released May 7, 2021",80.0,61.0,6,Medium
oxygen,2021,"Mélanie Laurent, Mathieu Amalric, Malik Zidi","['Science Fiction', 'Thriller']","Oxygen is a 2021 French-language science fiction thriller film, directed and produced by Alexandre Aja, from a screenplay by Christie LeBlanc. As part of an American-French co-production, it stars Mélanie Laurent, Mathieu Amalric, and Malik Zidi. The film was released by Netflix on May 12, 2021.",https://www.rottentomatoes.com/m/oxygen,"Released Nov 12, 1999",77.0,55.0,3,Small
armyofthedead,2021,"Dave Bautista, Ella Purnell, Omari Hardwick, Ana de la Reguera, Theo Rossi, Matthias Schweighöfer, Nora Arnezeder, Hiroyuki Sanada, Tig Notaro, Raúl Castillo, Huma Qureshi, Garret Dillahunt","['Action', 'Horror']","Army of the Dead is a 2021 American zombie heist film directed by Zack Snyder from a screenplay he co-wrote with Shay Hatten and Joby Harold, based on a story he also created. The film features an ensemble cast consisting of Dave Bautista, Ella Purnell, Omari Hardwick, Ana de la Reguera, Theo Rossi, Matthias Schweighöfer, Nora Arnezeder, Hiroyuki Sanada, Tig Notaro, Raúl Castillo, Huma Qureshi, and Garret Dillahunt. It follows a group of mercenaries who plan a Las Vegas casino heist amid a zombie apocalypse.",https://www.rottentomatoes.com/m/army_of_the_dead,2008,,14.0,12,Medium
thosewhowishmedead,2021,"Angelina Jolie, Nicholas Hoult, Finn Little, Aidan Gillen, Jake Weber, Medina Senghore, Jon Bernthal","['Action', 'Thriller']","Those Who Wish Me Dead is a 2021 American action thriller film directed by Taylor Sheridan with a screenplay by Michael Koryta, Charles Leavitt, and Sheridan, based on Koryta's novel of the same name. The film follows a boy who witnesses the murder of his father and goes on the run with a smokejumper in the Montana wilderness to escape a pair of assassins hired to kill him. Jon Bernthal, Medina Senghore, and Jake Weber also appear.",https://www.rottentomatoes.com/m/those_who_wish_me_dead,"Released May 14, 2021",63.0,86.0,7,Medium
thewomaninthewindow,2021,"Amy Adams, Gary Oldman, Anthony Mackie, Fred Hechinger, Wyatt Russell, Brian Tyree Henry, Jennifer Jason Leigh, Julianne Moore",['Thriller'],"The Woman in the Window is a 2021 American psychological thriller film directed by Joe Wright from a screenplay by Tracy Letts, based on the 2018 novel of the same name by pseudonymous author A. J. Finn. The film follows an agoraphobic woman who begins to spy on her new neighbors and is witness to a crime in their apartment. Anthony Mackie, Wyatt Russell, Brian Tyree Henry, and Jennifer Jason Leigh also star.",https://www.rottentomatoes.com/m/woman_in_the_window,"Released Jan 26, 1944",86.0,83.0,8,Medium
spiral,2021,"Chris Rock, Max Minghella, Marisol Nichols, Samuel L. Jackson",['Horror'],"Spiral is a 2021 American horror film directed by Darren Lynn Bousman and written by Josh Stolberg and Peter Goldfinger. It is the ninth installment and spinoff of the Saw film series. The film stars Chris Rock, Max Minghella, Marisol Nichols, and Samuel L. Jackson, and follows police efforts to stop a Jigsaw copycat killer. The original creators of the series, James Wan and Leigh Whannell, as well as Rock and series veteran Kevin Greutert, serve as executive producers.",https://www.rottentomatoes.com/m/spiral,2014,,,4,Medium
georgetown,2021,"Christoph Waltz, Vanessa Redgrave, Annette Bening, Corey Hawkins","['Crime', 'Drama']","Georgetown is a 2019 American crime drama film directed by Christoph Waltz and written by David Auburn. It is based on Franklin Foer's 2012 New York Times Magazine article ""The Worst Marriage in Georgetown"", which details the 2011 murder of 91-year-old socialite Viola Herms Drath by her much-younger second husband in the Georgetown neighborhood of Washington, D.C. Waltz stars alongside Vanessa Redgrave, Annette Bening and Corey Hawkins.",https://www.rottentomatoes.com/m/georgetown,"Released May 14, 2021",62.0,58.0,4,Medium
findingyou,2021,"Rose Reid, Jedidiah Goodacre, Katherine McNamara, Patrick Bergin, Saoirse-Monica Jackson, Judith Hoag, Tom Everett Scott, Vanessa Redgrave","['Comedy', 'Erotic', 'Romance']","Finding You is a 2021 American coming-of-age romantic comedy, Christian-based film written and directed by Brian Baugh, based on the 2011 young adult novel There You'll Find Me by Jenny B. Jones. It stars Rose Reid, Jedidiah Goodacre and Katherine McNamara. It was released theatrically in the United States by Roadside Attractions on May 14, 2021.",https://www.rottentomatoes.com/m/finding_you,"Released May 14, 2021",51.0,91.0,8,Medium
thekillingoftwolovers,2021,"Clayne Crawford, Sepideh Moafi, Chris Coy, Avery Pizzuto, Arri Graham, Ezra Graham",['Drama'],"The Killing of Two Lovers is an 2020 American drama film, written, directed, produced, and edited by Robert Machoian. It stars Clayne Crawford, Sepideh Moafi, Chris Coy, Avery Pizzuto, Arri Graham and Ezra Graham.",https://www.rottentomatoes.com/m/the_killing_of_two_lovers,"Released May 14, 2021",93.0,68.0,6,Medium
616wilfordlane,2021,"John Littlefield, Eric Roberts, Alyson Gorske, Stevonte Hart, Eliza Roberts",['Horror'],"616 Wilford Lane is a 2021 horror film written and directed by Mark S. Allen and Dante Yore. It stars John Littlefield, Eric Roberts, Alyson Gorske, and Jessica Chancellor. The film is about a widower who relocates his two teen daughters to a charming town, and into their dream home, which quickly becomes a nightmare.",https://www.rottentomatoes.com/m/616_wilford_lane,2021,,24.0,5,Medium
dreamhorse,2021,"Toni Collette, Damian Lewis, Owen Teale, Joanna Page, Karl Johnson, Steffan Rhodri, Anthony O'Donnell, Nicholas Farrell, Siân Phillips","['Comedy', 'Drama', 'Sports']","Dream Horse is a 2020 sports comedy-drama film directed by Euros Lyn from a screenplay by Neil McKay. The film stars Toni Collette, Damian Lewis, Owen Teale, Joanna Page, Karl Johnson, Steffan Rhodri, Anthony O'Donnell, Nicholas Farrell, and Siân Phillips, and follows the true story of Dream Alliance, a horse that raced in the Welsh Grand National. It had previously been the subject of the documentary, Dark Horse: The Incredible True Story of Dream Alliance.",https://www.rottentomatoes.com/m/dream_horse,"Released May 21, 2021",88.0,97.0,9,Medium
blastbeat,2021,"Moisés Arias, Mateo Arias, Daniel Dae Kim, Kali Uchis, Ashley Jackson, Diane Guerrero, Wilmer Valderrama","['Dance', 'Drama']","Blast Beat is a 2020 American coming-of-age drama film that premiered on January 26, 2020, at the 2020 Sundance Film Festival. It is about two Colombian brothers in the US in 2000, written by Erick Castrillon and Esteban Arango and directed by Arango. It runs for 105 minutes and was acquired by Sony Pictures for distribution. It is in English and Spanish with English subtitles. There is a lot of ""metal culture"" and dancing in the film. It competed in the Sundance Dramatic Competition. It was released on May 21, 2021, by Vertical Entertainment.",https://www.rottentomatoes.com/m/blast_beat,"Released May 21, 2021",61.0,75.0,7,Medium
aquietplacepartii,2021,"Emily Blunt, Cillian Murphy, Millicent Simmonds, Noah Jupe, Djimon Hounsou, John Krasinski",['Horror'],"A Quiet Place Part II is a 2020 American post-apocalyptic horror film written and directed by John Krasinski. It is the sequel to the 2018 film A Quiet Place, following the family from the first film as they continue to navigate and survive in a post-apocalyptic world inhabited by blind aliens with an acute sense of hearing. Emily Blunt, Millicent Simmonds, and Noah Jupe reprise their roles from the first film, while Cillian Murphy, Djimon Hounsou, and Okieriete Onaodowan join the cast, with Krasinski returning from the first film in a new flashback sequence.",https://www.rottentomatoes.com/m/a_quiet_place_part_ii,"Released May 28, 2021",91.0,92.0,6,Medium
aquietplacepartii,2021,"Emily Blunt, Cillian Murphy, Millicent Simmonds, Noah Jupe, Djimon Hounsou, John Krasinski",['Horror'],"A Quiet Place Part II is a 2020 American post-apocalyptic horror film written and directed by John Krasinski. It is the sequel to the 2018 film A Quiet Place, following the family from the first film as they continue to navigate and survive in a post-apocalyptic world inhabited by blind aliens with an acute sense of hearing. Emily Blunt, Millicent Simmonds, and Noah Jupe reprise their roles from the first film, while Cillian Murphy, Djimon Hounsou, and Okieriete Onaodowan join the cast, with Krasinski returning from the first film in a new flashback sequence.",https://www.rottentomatoes.com/m/a_quiet_place_part_ii,"Released May 28, 2021",91.0,92.0,6,Medium
cruella,2021,"Emma Stone, Emma Thompson, Joel Fry, Paul Walter Hauser, Emily Beecham, Kirby Howell-Baptiste, Mark Strong","['Comedy', 'Crime']","Cruella is a 2021 American crime comedy film based on the character Cruella de Vil from Dodie Smith's 1956 novel The Hundred and One Dalmatians. The film was directed by Craig Gillespie with a screenplay by Dana Fox and Tony McNamara, from a story by Aline Brosh McKenna, Kelly Marcel, and Steve Zissis. It is the third live-action adaptation in the 101 Dalmatians franchise, and serves as a reboot and an alternate origin story for the title character. Emma Stone stars as the title character, with Emma Thompson, Joel Fry, Paul Walter Hauser, Emily Beecham, Kirby Howell-Baptiste, and Mark Strong in supporting roles. Set in London during the punk rock movement of the 1970s, the film revolves around Estella Miller, an aspiring fashion designer, as she explores the path that leads her to become a notorious up-and-coming fashion designer known as Cruella de Vil.",https://www.rottentomatoes.com/m/cruella,"Released May 28, 2021",75.0,97.0,7,Medium
planb,2021,"Kuhoo Verma, Victoria Moroles",['Comedy'],"Plan B is a 2021 American coming-of-age comedy film directed by Natalie Morales from a screenplay by Prathi Srinivasan and Joshua Levy. The film stars Victoria Moroles and Kuhoo Verma. It is titled after the eponymous brand of emergency contraceptive, which plays a significant role in the films plot.",https://www.rottentomatoes.com/m/plan_b,2016,,,2,Small
spirituntamed,2021,"Isabela Merced, Marsai Martin, Mckenna Grace, Julianne Moore, Jake Gyllenhaal, Walton Goggins, Eiza González","['Adventure', 'Animated']","Spirit Untamed is a 2021 American computer-animated adventure film produced by DreamWorks Animation and distributed by Universal Pictures. The film was directed by Elaine Bogan and co-directed by Ennio Torresan Jr., from a screenplay written by Aury Wallington and Kristin Hahn, making this the second theatrical film release of the Spirit franchise and is both a spin-off and a stand-alone sequel of the traditionally animated Spirit: Stallion of the Cimarron (2002) and loosely based on the characters from its Netflix animated spin-off television series Spirit Riding Free, developed by Wallington.",https://www.rottentomatoes.com/m/spirit_untamed,"Released Jun 4, 2021",47.0,95.0,7,Medium
theconjuringthedevilmademedoit,2021,"Patrick Wilson, Vera Farmiga, Ruairi O'Connor, Sarah Catherine Hook, Julian Hilliard","['Horror', 'Supernatural']","The Conjuring: The Devil Made Me Do It is a 2021 American supernatural horror film directed by Michael Chaves, with a screenplay by David Leslie Johnson-McGoldrick from a story by Johnson-McGoldrick and James Wan. The film serves as a sequel to The Conjuring (2013) and The Conjuring 2 (2016), and as the eighth installment in The Conjuring Universe. Patrick Wilson and Vera Farmiga reprise their roles as paranormal investigators and authors Ed and Lorraine Warren, with Ruairi O'Connor, Sarah Catherine Hook, and Julian Hilliard also starring. Wan and Peter Safran return to produce the film, which is based on the trial of Arne Cheyenne Johnson, a murder trial that took place in 1981 Connecticut, in addition to The Devil in Connecticut, a book about the trial written by Gerald Brittle.",https://www.rottentomatoes.com/m/the_conjuring_the_devil_made_me_do_it,"Released Jun 4, 2021",55.0,83.0,5,Medium
gully,2021,"Jacob Latimore, Charlie Plummer, Jonathan Majors, Kelvin Harrison Jr., Amber Heard, Terrence Howard",['Drama'],"Gully is an 2019 American coming-of-age drama film, directed by Nabil Elderkin, from a screenplay by Marcus J. Guillory. It stars Jacob Latimore, Charlie Plummer, Jonathan Majors, Kelvin Harrison Jr., Amber Heard, and Terrence Howard.",https://www.rottentomatoes.com/m/gully,"Released Jun 4, 2021",25.0,80.0,6,Medium
flashback,2021,"Dylan O'Brien, Maika Monroe, Hannah Gross, Emory Cohen, Keir Gilchrist","['Mystery', 'Thriller']","Flashback, alternatively titled The Education of Fredrick Fitzell, is a 2020 Canadian mystery thriller film written and directed by Christopher MacBride. The film stars Dylan O'Brien, Hannah Gross and Maika Monroe. The film premiered at the 2020 Sitges Film Festival.",https://www.rottentomatoes.com/m/flashback,2021,,,5,Medium
flashback,2021,"Dylan O'Brien, Maika Monroe, Hannah Gross, Emory Cohen, Keir Gilchrist","['Mystery', 'Thriller']","Flashback, alternatively titled The Education of Fredrick Fitzell, is a 2020 Canadian mystery thriller film written and directed by Christopher MacBride. The film stars Dylan O'Brien, Hannah Gross and Maika Monroe. The film premiered at the 2020 Sitges Film Festival.",https://www.rottentomatoes.com/m/flashback,2021,,,5,Medium
awake,2021,"Gina Rodriguez, Jennifer Jason Leigh, Barry Pepper, Finn Jones, Gil Bellows","['Science Fiction', 'Thriller']","Awake is a 2021 American science fiction thriller film, directed by Mark Raso, from a screenplay he wrote alongside Joseph Raso. It stars Gina Rodriguez, Jennifer Jason Leigh, Barry Pepper, Finn Jones, Shamier Anderson, Ariana Greenblatt, Frances Fisher, Elias Edraki, Lucius Hoyos and Gil Bellows.",https://www.rottentomatoes.com/m/awake,"Released Nov 30, 2007",23.0,55.0,5,Medium
awake,2021,"Gina Rodriguez, Jennifer Jason Leigh, Barry Pepper, Finn Jones, Gil Bellows","['Science Fiction', 'Thriller']","Awake is a 2021 American science fiction thriller film, directed by Mark Raso, from a screenplay he wrote alongside Joseph Raso. It stars Gina Rodriguez, Jennifer Jason Leigh, Barry Pepper, Finn Jones, Shamier Anderson, Ariana Greenblatt, Frances Fisher, Elias Edraki, Lucius Hoyos and Gil Bellows.",https://www.rottentomatoes.com/m/awake,"Released Nov 30, 2007",23.0,55.0,5,Medium
infinite,2021,"Mark Wahlberg, Chiwetel Ejiofor, Sophie Cookson, Jason Mantzoukas, Rupert Friend, Toby Jones, Dylan O'Brien","['Action', 'Science Fiction']","Infinite is a 2021 American science fiction action film directed by Antoine Fuqua. The screenplay, which was written by Ian Shorr, is based on a story by Todd Stein, which is itself adapted from D. Eric Maikranz's 2009 novel The Reincarnationist Papers. The film stars Mark Wahlberg, Chiwetel Ejiofor, Sophie Cookson, Jason Mantzoukas, Rupert Friend, Toby Jones and Dylan O'Brien.",https://www.rottentomatoes.com/m/infinite,2021,17.0,34.0,7,Medium
peterrabbit2therunaway,2021,"James Corden, Rose Byrne, Domhnall Gleeson, Margot Robbie, Elizabeth Debicki, Lennie James, David Oyelowo","['Adventure', 'Comedy']","Peter Rabbit 2: The Runaway is a 2021 3D adventure comedy film directed and produced by Will Gluck, who co-wrote the screenplay with Patrick Burleigh. The film is a sequel to 2018's Peter Rabbit produced by Sony Pictures Animation, and is based on the stories of Peter Rabbit created by Beatrix Potter. James Corden reprises his role as the title character, alongside Rose Byrne, Domhnall Gleeson, and David Oyelowo in live-action roles, and the voices of Elizabeth Debicki, Lennie James, and Margot Robbie.",https://www.rottentomatoes.com/m/peter_rabbit_2_the_runaway,"Released Jun 10, 2021",67.0,89.0,7,Medium
wishdragon,2021,"Jimmy Wong, John Cho, Constance Wu, Natasha Liu Bordizzo, Jimmy O. Yang, Aaron Yoo, Will Yun Lee, Bobby Lee, Nico Santos, Ronny Chieng","['Animated', 'Comedy', 'Fantasy']","Wish Dragon is a 2021 computer-animated fantasy comedy film written and directed by Chris Appelhans and produced by Sony Pictures Animation and Tencent Pictures. The film stars Jimmy Wong, John Cho, Constance Wu, Natasha Liu Bordizzo, Jimmy O. Yang, Aaron Yoo, Will Yun Lee, and Ronny Chieng. Jackie Chan produced the film and voiced Cho's role in the Chinese Mandarin version.",https://www.rottentomatoes.com/m/wish_dragon,2021,68.0,79.0,10,Medium
themisfits,2021,"Pierce Brosnan, Rami Jaber, Hermione Corfield, Jamie Chung, Mike d Angelo, Tim Roth, Nick Cannon",['Action'],"The Misfits is a 2021 American heist action film directed by Renny Harlin and written by Robert Henny and Kurt Wimmer. The film stars Pierce Brosnan, Rami Jaber, Hermione Corfield, Jamie Chung, Mike d Angelo, Tim Roth, Nick Cannon, and Qais Qandil. It was released in South Korea on June 3, 2021, and was released in the United States on June 11, 2021, by The Avenue Entertainment. The film was a box office disaster and received negative reviews.",https://www.rottentomatoes.com/m/the_misfits,"Released Jun 11, 2021",17.0,46.0,7,Medium
themisfits,2021,"Pierce Brosnan, Rami Jaber, Hermione Corfield, Jamie Chung, Mike d Angelo, Tim Roth, Nick Cannon",['Action'],"The Misfits is a 2021 American heist action film directed by Renny Harlin and written by Robert Henny and Kurt Wimmer. The film stars Pierce Brosnan, Rami Jaber, Hermione Corfield, Jamie Chung, Mike d Angelo, Tim Roth, Nick Cannon, and Qais Qandil. It was released in South Korea on June 3, 2021, and was released in the United States on June 11, 2021, by The Avenue Entertainment. The film was a box office disaster and received negative reviews.",https://www.rottentomatoes.com/m/misfits,"Released Feb 1, 1961",97.0,78.0,7,Medium
12mightyorphans,2021,"Luke Wilson, Vinessa Shaw, Wayne Knight, Jake Austin Walker, Jacob Lofland, Levi Dylan, Robert Duvall, Martin Sheen",['Sports'],"12 Mighty Orphans is a 2021 American sports film which was directed by Ty Roberts from a screenplay by Roberts, Lane Garrison and Kevin Meyer. It is based upon the non fiction book Twelve Mighty Orphans: The Inspiring True Story of the Mighty Mites Who Ruled Texas Football by Jim Dent. The book is based on the Masonic School for Orphans in Fort Worth, Texas.",https://www.rottentomatoes.com/m/12_mighty_orphans,"Released Jun 11, 2021",63.0,94.0,8,Medium
thehousenextdoormeettheblacks2,2021,"Mike Epps, Katt Williams, Bresha Webb, Lil Duval, Zulay Henao, Tyrin Turner, Michael Blackson, Andrew Bachelor, Gary Owen, Danny Trejo","['Comedy', 'Horror', 'Satire']","The House Next Door: Meet the Blacks 2 is a 2021 American parody black comedy horror film directed by Deon Taylor, and written by Taylor and Corey Harrell. A sequel to the 2016 film Meet the Blacks, it stars Mike Epps and Katt Williams, with Bresha Webb, Lil Duval, Zulay Henao, Tyrin Turner, Michael Blackson, Andrew Bachelor, Gary Owen and Danny Trejo in supporting roles. In the film, which primarily satirizes Fright Night, Carl Black (Epps) moves his family back to his childhood home, encountering a mysterious new neighbor (Williams), a pimp who may be a vampire.",https://www.rottentomatoes.com/m/the_house_next_door_meet_the_blacks_2,"Released Jun 11, 2021",17.0,50.0,10,Medium
queenbees,2021,"Ellen Burstyn, James Caan, Ann-Margret, Jane Curtin, Christopher Lloyd, Loretta Devine","['Comedy', 'Romance']","Queen Bees is a 2021 American romantic comedy film directed by Michael Lembeck. It features an ensemble cast, including Ellen Burstyn, James Caan, Ann-Margret, Christopher Lloyd, Jane Curtin, Loretta Devine, and Elizabeth Mitchell. It was released on June 11, 2021, by Gravitas Ventures, and received mixed reviews from critics. Screenwriter Donald Martin was nominated for a 2022 Humanitas Award for his screenplay.",https://www.rottentomatoes.com/m/queen_bees,"Released Jun 11, 2021",53.0,89.0,6,Medium
luca,2021,"Jacob Tremblay, Jack Dylan Grazer, Emma Berman, Saverio Raimondo, Maya Rudolph, Marco Baricelli, Jim Gaffigan, Peter Sohn, Lorenzo Crisci, Marina Massironi, Sandy Martin","['Animated', 'Fantasy']","Luca is a 2021 American computer-animated coming-of-age fantasy film produced by Pixar Animation Studios for Walt Disney Pictures. The film was directed by Enrico Casarosa, produced by Andrea Warren and written by Jesse Andrews and Mike Jones from a story by Casarosa, Andrews, and Simon Stephenson. It stars the voices of Jacob Tremblay and Jack Dylan Grazer, with Emma Berman, Saverio Raimondo, Marco Barricelli, Maya Rudolph, Jim Gaffigan, Peter Sohn, Lorenzo Crisci, Marina Massironi, and Sandy Martin in supporting roles. Set on the Italian Riviera, the film centers on Luca Paguro (Tremblay), a young sea monster boy with the ability to assume human form while on land, who explores the town of Portorosso with his new best friends, Alberto Scorfano and Giulia Marcovaldo (Berman), experiencing a life-changing summer adventure.",https://www.rottentomatoes.com/m/luca,2010,,86.0,11,Medium
fatherhood,2021,"Kevin Hart, Alfre Woodard, Lil Rel Howery, DeWanda Wise, Anthony Carrigan, Melody Hurd, Paul Reiser","['Comedy', 'Drama']","Fatherhood is a 2021 American comedy-drama film directed by Paul Weitz from a screenplay by Weitz and Dana Stevens based on the 2011 memoir Two Kisses for Maddy: A Memoir of Loss and Love by Matthew Logelin. The film stars Kevin Hart, Alfre Woodard, Frankie R. Faison, Lil Rel Howery, DeWanda Wise, Anthony Carrigan, Melody Hurd, and Paul Reiser, and follows a new father who struggles to raise his daughter after the sudden death of his wife.",https://www.rottentomatoes.com/m/father_hood,"Released Aug 27, 1993",10.0,34.0,7,Medium
fatherhood,2021,"Kevin Hart, Alfre Woodard, Lil Rel Howery, DeWanda Wise, Anthony Carrigan, Melody Hurd, Paul Reiser","['Comedy', 'Drama']","Fatherhood is a 2021 American comedy-drama film directed by Paul Weitz from a screenplay by Weitz and Dana Stevens based on the 2011 memoir Two Kisses for Maddy: A Memoir of Loss and Love by Matthew Logelin. The film stars Kevin Hart, Alfre Woodard, Frankie R. Faison, Lil Rel Howery, DeWanda Wise, Anthony Carrigan, Melody Hurd, and Paul Reiser, and follows a new father who struggles to raise his daughter after the sudden death of his wife.",https://www.rottentomatoes.com/m/fatherhood,2018,,,7,Medium
thebirthdaycake,2021,"Shiloh Fernandez, Val Kilmer, Ewan McGregor, Ashley Benson, Lorraine Bracco, David Mazouz","['Crime', 'Thriller']","The Birthday Cake is a 2021 American crime thriller film directed by Jimmy Giannopoulos, from a screenplay by Diomedes Raul Bermudez, Shiloh Fernandez and Giannopoulos. It is the feature directorial debut for Giannopoulos, who previously directed short films and worked with Miley Cyrus, A$AP Rocky, Kid Cudi, and others on music projects. This is the last movie Paul Sorvino starred in at the time of his death on July 25, 2022.",https://www.rottentomatoes.com/m/the_birthday_cake,"Released Jun 18, 2021",22.0,90.0,6,Medium
ritamorenojustagirlwhodecidedtogoforit,2021,"Rita Moreno, Eva Longoria, George Chakiris, Gloria Estefan, Héctor Elizondo, Karen Olivo, Justina Machado, Lin-Manuel Miranda, Mitzi Gaynor, Morgan Freeman, Norman Lear, Terrence McNally, Whoopi Goldberg",['Documentary'],"Rita Moreno: Just a Girl Who Decided to Go for It is a 2021 American documentary film, directed, produced, and edited by Mariem Pérez Riera. The film follows Rita Moreno, focusing on her early life and career. Norman Lear, Lin-Manuel Miranda, and Michael Kantor serve as executive producers.",https://www.rottentomatoes.com/m/rita_moreno_just_a_girl_who_decided_to_go_for_it,"Released Jun 18, 2021",96.0,93.0,13,Medium
thesparksbrothers,2021,"Ron Mael, Russell Mael",['Documentary'],"The Sparks Brothers is a 2021 British-American documentary film about Ron and Russell Mael, members of the pop and rock duo Sparks. The film, directed by Edgar Wright, and produced by Wright, Nira Park, George Hencken and Laura Richardson, premiered at the 2021 Sundance Film Festival and was theatrically released the following summer. It received critical acclaim.",https://www.rottentomatoes.com/m/the_sparks_brothers,"Released Jun 18, 2021",95.0,98.0,2,Small
acrimeonthebayou,2021,"Gary Duncan, Richard Sobol",['Documentary'],"A Crime on the Bayou is a 2020 American documentary film, directed and produced by Nancy Buirski. It follows a young teenager challenging the most powerful white supremacist in 1960s Louisiana with the help of a young attorney. John Legend serves as an executive producer under his Get Lifted Film Company banner.",https://www.rottentomatoes.com/m/a_crime_on_the_bayou,"Released Jun 18, 2021",100.0,88.0,2,Small
goodonpaper,2021,"Iliza Shlesinger, Ryan Hansen, Margaret Cho, Rebecca Rittenhouse","['Comedy', 'Romance']","Good on Paper is a 2021 American romantic comedy film, directed by Kimmy Gatewood in her directorial debut, from a screenplay by Iliza Shlesinger. It stars Shlesinger, Ryan Hansen, Margaret Cho, and Rebecca Rittenhouse. The film was released on June 23, 2021, by Netflix.",https://www.rottentomatoes.com/m/good_on_paper,2021,50.0,37.0,4,Medium
theiceroad,2021,"Liam Neeson, Benjamin Walker, Amber Midthunder, Marcus Thomas, Holt McCallany, Martin Sensmeier, Matt McCoy, Matt Salinger, Laurence Fishburne","['Action', 'Thriller']","The Ice Road is a 2021 American action thriller film written and directed by Jonathan Hensleigh. The film stars Liam Neeson as Mike McCann, and Laurence Fishburne as Jim Goldenrod with Benjamin Walker, Amber Midthunder, Marcus Thomas, Holt McCallany, Martin Sensmeier, Matt McCoy, and Matt Salinger in supporting roles. It marks Hensleigh's first film since 2011's Kill the Irishman. It follows a team of truck drivers on a dangerous mission over frozen lakes and winter roads to deliver a crucial component to save workers trapped in a collapsed diamond mine. The film was digitally released by Netflix in the United States and Canada, and by Amazon Prime Video in the United Kingdom on June 25, 2021. The film received mixed reviews from critics.",https://www.rottentomatoes.com/m/the_ice_road,2021,43.0,30.0,9,Medium
werewolveswithin,2021,"Sam Richardson, Milana Vayntrub, George Basil, Sarah Burns, Michael Chernus, Catherine Curtin, Harvey Guillén, Cheyenne Jackson, Michaela Watkins, Glenn Fleshler","['Comedy', 'Horror', 'Mystery']","Werewolves Within is a 2021 American mystery comedy horror film directed by Josh Ruben from a screenplay by Mishna Wolff, based on the video game of the same name from Red Storm Entertainment. It stars Sam Richardson, Milana Vayntrub, George Basil, Sarah Burns, Michael Chernus, Catherine Curtin, Wayne Duvall, Harvey Guillén, Rebecca Henderson, Cheyenne Jackson, Michaela Watkins, and Glenn Fleshler, and follows a group of people in a small Vermont town who get trapped in a snowstorm only to suspect one of them is a werewolf.",https://www.rottentomatoes.com/m/werewolves_within,"Released Jun 25, 2021",86.0,80.0,10,Medium
falsepositive,2021,"Ilana Glazer, Justin Theroux, Sophia Bush, Josh Hamilton, Pierce Brosnan",['Horror'],"False Positive is a 2021 American horror film, directed by John Lee, from a screenplay by Lee and Ilana Glazer. It stars Glazer, Justin Theroux, Pierce Brosnan, and Sophia Bush.",https://www.rottentomatoes.com/m/false_positive,2021,47.0,19.0,5,Medium
lansky,2021,"Harvey Keitel, Sam Worthington, AnnaSophia Robb, Minka Kelly, David James Elliott, John Magaro","['Crime', 'Drama', 'Biography']","Lansky is a 2021 American biographical crime drama about the famous gangster Meyer Lansky, written and directed by Eytan Rockaway. It stars Harvey Keitel, Sam Worthington, AnnaSophia Robb, Minka Kelly, David James Elliott, John Magaro.",https://www.rottentomatoes.com/m/lansky,1999,40.0,24.0,6,Medium
lansky,2021,"Harvey Keitel, Sam Worthington, AnnaSophia Robb, Minka Kelly, David James Elliott, John Magaro","['Crime', 'Drama', 'Biography']","Lansky is a 2021 American biographical crime drama about the famous gangster Meyer Lansky, written and directed by Eytan Rockaway. It stars Harvey Keitel, Sam Worthington, AnnaSophia Robb, Minka Kelly, David James Elliott, John Magaro.",https://www.rottentomatoes.com/m/lansky,1999,40.0,24.0,6,Medium
icarryyouwithme,2021,"Armando Espitia, Christian Vázquez, Michelle Rodríguez, Ángeles Cruz, Arcelia Ramírez, Michelle González",['Drama'],"I Carry You with Me (Te Llevo Conmigo) is a 2020 Spanish-language drama film directed by Heidi Ewing, from a screenplay by Ewing and Alan Page Arriaga. It stars Armando Espitia, Christian Vázquez, Michelle Rodríguez, Ángeles Cruz, Arcelia Ramírez and Michelle González.",https://www.rottentomatoes.com/m/i_carry_you_with_me,"Released Jun 25, 2021",97.0,84.0,6,Medium
maryjbligesmylife,2021,"Mary J. Blige, Taraji P. Henson, Alicia Keys, Sean Combs",['Documentary'],"Mary J. Blige's My Life is a 2021 American documentary film about the musical career of American recording artist Mary J. Blige directed by Vanessa Roth. Commemorating the 25th anniversary of her 1994 studio album My Life, the film was released on June 25, 2021, on Amazon Prime Video.",https://www.rottentomatoes.com/m/mary_j_bliges_my_life,2021,60.0,40.0,4,Medium
fathom,2021,"Michelle Fournet, Ellen Garland",['Documentary'],"Fathom is a 2021 American documentary film, directed by Drew Xanthopoulos. It follows two researchers of humpback whales who study their communication and how it evolves across oceans and continents.",https://www.rottentomatoes.com/m/fathom,"Released Dec 13, 1967",33.0,41.0,2,Small
americathemotionpicture,2021,"Channing Tatum, Jason Mantzoukas, Olivia Munn, Bobby Moynihan, Judy Greer, Will Forte, Raoul Trujillo, Killer Mike, Simon Pegg, Andy Samberg",['Comedy'],"America: The Motion Picture is a 2021 American comedy film directed by Matt Thompson and written by Dave Callaham. It stars Channing Tatum, Jason Mantzoukas, Olivia Munn, Bobby Moynihan, Judy Greer, Will Forte, Raoul Max Trujillo, Killer Mike, Simon Pegg and Andy Samberg. It is a R-rated, animated parody of George Washington and his fight against the British. The film uses anachronism, ahistoricism, and Americentrism to create a comic effect. Dates, the roles of various historical figures, battles, notable inventions and technologies are changed, reinvented or outright created. Prominent events and figures from the American Revolutionary War period and American history through to the 20th century are moved into the film's 1776 setting. Netflix released America: The Motion Picture on June 30, 2021. It received generally negative reviews from critics, who criticized it as being unfunny.",https://www.rottentomatoes.com/m/america_the_motion_picture,2021,34.0,43.0,10,Medium
zola,2021,"Taylour Paige, Riley Keough, Nicholas Braun, Ari'el Stachel, Colman Domingo","['Comedy', 'Crime']","Zola is a 2020 American black comedy crime film directed by Janicza Bravo and written by Bravo and Jeremy O. Harris. It is based on a viral Twitter thread from 2015 by Aziah ""Zola"" King and the resulting Rolling Stone article ""Zola Tells All: The Real Story Behind the Greatest Stripper Saga Ever Tweeted"" by David Kushner. It stars Taylour Paige as Zola, a part-time stripper who is convinced by her new friend to travel to Tampa, Florida, in order to earn money, only to get in over her head; Colman Domingo, Nicholas Braun, and Ari'el Stachel also star.",https://www.rottentomatoes.com/m/zola,"Released Jun 30, 2021",88.0,68.0,5,Medium
nosuddenmove,2021,"Don Cheadle, Benicio del Toro, David Harbour, Jon Hamm, Amy Seimetz, Brendan Fraser, Kieran Culkin, Noah Jupe, Craig Grant, Julia Fox, Frankie Shaw, Ray Liotta, Bill Duke","['Crime', 'Noir', 'Thriller', 'Historical']","No Sudden Move is a 2021 American neo-noir period crime thriller film directed, photographed and edited by Steven Soderbergh, produced by Casey Silver, and written by Ed Solomon. The film features an ensemble cast including Don Cheadle, Benicio del Toro, David Harbour, Jon Hamm, Amy Seimetz, Brendan Fraser, Kieran Culkin, Noah Jupe, Craig muMs Grant, Julia Fox, Frankie Shaw, Ray Liotta, and Bill Duke. No Sudden Move had its world premiere at the Tribeca Film Festival on June 18, 2021, and was released in the United States on July 1, 2021, by HBO Max. The film received positive reviews from critics with praise for Soderbergh's direction and the performances of the cast.",https://www.rottentomatoes.com/m/no_sudden_move,2021,92.0,59.0,13,Medium
thetomorrowwar,2021,"Chris Pratt, Yvonne Strahovski, J. K. Simmons, Betty Gilpin, Sam Richardson, Edwin Hodge, Jasmine Mathews, Ryan Kiera Armstrong, Keith Powers","['Action', 'Science Fiction', 'War']","The Tomorrow War is a 2021 American military science fiction action film directed by Chris McKay, written by Zach Dean, and starring Chris Pratt. It was produced by David Ellison, Dana Goldberg, Don Granger, David S. Goyer, Jules Daly, and Adam Kolbrenner, with a supporting cast featuring Yvonne Strahovski, J. K. Simmons, Betty Gilpin, Sam Richardson, Edwin Hodge, Jasmine Mathews, Ryan Kiera Armstrong, and Keith Powers. It follows a mix of present-day soldiers and civilians sent into the future to fight an alien army.",https://www.rottentomatoes.com/m/the_tomorrow_war,2021,52.0,76.0,9,Medium
thebossbabyfamilybusiness,2021,"Alec Baldwin, James Marsden, Amy Sedaris, Ariana Greenblatt, Jeff Goldblum, Eva Longoria, Jimmy Kimmel, Lisa Kudrow","['Animated', 'Comedy']","The Boss Baby: Family Business is a 2021 American computer-animated comedy film loosely based on the 2010 picture book The Boss Baby and its 2016 sequel The Bossier Baby by Marla Frazee. Produced by DreamWorks Animation and distributed by Universal Pictures, it is the second installment in The Boss Baby franchise and the sequel to the 2017 film. The film was directed by Tom McGrath from a screenplay by Michael McCullers and a story by McGrath and McCullers. The film stars the voices of Alec Baldwin, James Marsden, Amy Sedaris, Ariana Greenblatt, Jeff Goldblum, Eva Longoria, Jimmy Kimmel, and Lisa Kudrow.",https://www.rottentomatoes.com/m/the_boss_baby_family_business,"Released Jul 2, 2021",46.0,89.0,8,Medium
theforeverpurge,2021,"Ana de la Reguera, Tenoch Huerta, Josh Lucas, Cassidy Freeman, Leven Rambin, Alejandro Edda, Will Patton","['Action', 'Horror']","The Forever Purge is a 2021 American dystopian action horror film directed by Everardo Valerio Gout and written by series creator James DeMonaco, who also produced along with Jason Blum and Michael Bay. Originally intended as the final installment, it serves as the fifth film in the Purge franchise and a direct sequel to 2016's The Purge: Election Year. The film stars Ana de la Reguera, Tenoch Huerta, Josh Lucas, Cassidy Freeman, Leven Rambin, Alejandro Edda, and Will Patton, and follows a group of people who attempt to escape from the United States after an insurrectionist movement continues committing crimes and murders nationwide after the 2049 Purge's ending.",https://www.rottentomatoes.com/m/the_forever_purge,"Released Jul 2, 2021",49.0,78.0,7,Medium
fearstreetpartone1994,2021,"Kiana Madeira, Olivia Scott Welch, Benjamin Flores Jr., Julia Rehwald, Fred Hechinger, Ashley Zukerman, Darrell Britt-Gibson, Maya Hawke, Jordana Spiro, Jordyn DiNatale","['Slasher', 'Supernatural']","Fear Street Part One: 1994 is a 2021 American supernatural slasher film directed by Leigh Janiak, with a script co-written by Phil Graziadei and Janiak, from an original story by Kyle Killen, Graziadei, and Janiak. Based on the book series of the same name by R. L. Stine, it is the first installment in the Fear Street trilogy and stars Kiana Madeira, Olivia Scott Welch, Benjamin Flores Jr., Julia Rehwald, Fred Hechinger, Ashley Zukerman, Darrell Britt-Gibson and Maya Hawke. The film follows a group of teenagers in Shadyside who are terrorized by an ancient evil responsible for a series of brutal murders that have plagued the town for centuries.",https://www.rottentomatoes.com/m/fear_street_part_one_1994,2021,84.0,63.0,10,Medium
tilldeath,2021,"Megan Fox, Eoin Macken, Callan Mulvey, Jack Roth, Aml Ameen",['Thriller'],"Till Death is a 2021 American thriller film directed by S.K. Dale in his directorial debut, from a screenplay by Jason Carvey. It stars Megan Fox, Callan Mulvey, Eoin Macken, Aml Ameen, and Jack Roth.",https://www.rottentomatoes.com/m/till_death,2014,,,5,Medium
letusin,2021,"Mackenzie Moss, Sadie Stanley, Mackenzie Ziegler, Siena Agudong, Tobin Bell","['Family', 'Horror', 'Science Fiction']","Let Us In is a 2021 family science fiction-horror film written and directed by Craig Moss. It stars Makenzie Moss, Sadie Stanley, Mackenzie Ziegler, O'Neill Monahan, Siena Agudong, and Tobin Bell. The film is about a twelve-year-old girl who is ostracized in her small town for something she never did. When there's a rash of missing teenagers, she, along with her nine-year-old best friend, step in to figure out what's going on.",https://www.rottentomatoes.com/m/let_us_in,2020,20.0,20.0,5,Medium
blackwidow,2021,"Scarlett Johansson, Florence Pugh, David Harbour, O-T Fagbenle, Olga Kurylenko, William Hurt, Ray Winstone, Rachel Weisz",['Superhero'],"Black Widow is a 2021 American superhero film based on Marvel Comics featuring the character of the same name. Produced by Marvel Studios and distributed by Walt Disney Studios Motion Pictures, it is the 24th film in the Marvel Cinematic Universe (MCU). The film was directed by Cate Shortland from a screenplay by Eric Pearson, and stars Scarlett Johansson as Natasha Romanoff / Black Widow alongside Florence Pugh, David Harbour, O-T Fagbenle, Olga Kurylenko, William Hurt, Ray Winstone, and Rachel Weisz. Set after the events of Captain America: Civil War (2016), the film sees Romanoff on the run and forced to confront her past as a Russian spy before she became an Avenger.",https://www.rottentomatoes.com/m/black_widow,2019,,,8,Medium
blackwidow,2021,"Scarlett Johansson, Florence Pugh, David Harbour, O-T Fagbenle, Olga Kurylenko, William Hurt, Ray Winstone, Rachel Weisz",['Superhero'],"Black Widow is a 2021 American superhero film based on Marvel Comics featuring the character of the same name. Produced by Marvel Studios and distributed by Walt Disney Studios Motion Pictures, it is the 24th film in the Marvel Cinematic Universe (MCU). The film was directed by Cate Shortland from a screenplay by Eric Pearson, and stars Scarlett Johansson as Natasha Romanoff / Black Widow alongside Florence Pugh, David Harbour, O-T Fagbenle, Olga Kurylenko, William Hurt, Ray Winstone, and Rachel Weisz. Set after the events of Captain America: Civil War (2016), the film sees Romanoff on the run and forced to confront her past as a Russian spy before she became an Avenger.",https://www.rottentomatoes.com/m/black_widow,2019,,,8,Medium
blackwidow,2021,"Scarlett Johansson, Florence Pugh, David Harbour, O-T Fagbenle, Olga Kurylenko, William Hurt, Ray Winstone, Rachel Weisz",['Superhero'],"Black Widow is a 2021 American superhero film based on Marvel Comics featuring the character of the same name. Produced by Marvel Studios and distributed by Walt Disney Studios Motion Pictures, it is the 24th film in the Marvel Cinematic Universe (MCU). The film was directed by Cate Shortland from a screenplay by Eric Pearson, and stars Scarlett Johansson as Natasha Romanoff / Black Widow alongside Florence Pugh, David Harbour, O-T Fagbenle, Olga Kurylenko, William Hurt, Ray Winstone, and Rachel Weisz. Set after the events of Captain America: Civil War (2016), the film sees Romanoff on the run and forced to confront her past as a Russian spy before she became an Avenger.",https://www.rottentomatoes.com/m/black_widow,2019,,,8,Medium
fearstreetparttwo1978,2021,"Sadie Sink, Emily Rudd, Ryan Simpkins, McCabe Slye, Ted Sutherland, Jordana Spiro, Gillian Jacobs, Kiana Madeira, Benjamin Flores Jr., Ashley Zukerman, Olivia Scott Welch, Jordyn DiNatale","['Slasher', 'Supernatural', 'Teen']","Fear Street Part Two: 1978 is a 2021 American teen supernatural slasher film directed by Leigh Janiak, with a script co-written by Janiak and Zak Olkewicz, from an original story by Janiak, Olkewicz and Phil Graziadei. Based on the book series of the same name by R. L. Stine, it is the second installment in the Fear Street trilogy after Part One: 1994 and stars Sadie Sink, Emily Rudd, Ryan Simpkins, McCabe Slye, Ted Sutherland, Gillian Jacobs, Kiana Madeira, Benjamin Flores Jr. and Olivia Scott Welch. The film centers on a group of teenagers in Camp Nightwing who must come together to survive a possessed counselor's murder spree.",https://www.rottentomatoes.com/m/fear_street_part_two_1978,2021,87.0,81.0,12,Medium
summertime,2021,"Tyris Winter, Marquesha Babers, Maia Mayor, Austin Antoine, Bryce Banks","['Comedy', 'Drama']","Summertime is a 2020 American comedy-drama film directed by Carlos López Estrada from a screenplay by Dave Harris, and executive produced by Kelly Marie Tran. It was inspired by a spoken-word showcase with 25 diverse high school performers.",https://www.rottentomatoes.com/m/summertime,"Released Jun 8, 1955",92.0,79.0,5,Medium
gunpowdermilkshake,2021,"Karen Gillan, Lena Headey, Carla Gugino, Chloe Coleman, Michelle Yeoh, Angela Bassett, Paul Giamatti","['Action', 'Thriller']","Gunpowder Milkshake is a 2021 action thriller film directed by Navot Papushado, with a script co-written by Papushado and Ehud Lavski. The film stars Karen Gillan as a young hitwoman who must team up with her estranged mother and her former colleagues in order to save a young girl from rival assassins led by head of the HR department for The Firm, Nathan.",https://www.rottentomatoes.com/m/gunpowder_milkshake,"Released Jul 14, 2021",60.0,48.0,7,Medium
spacejamanewlegacy,2021,"LeBron James, Don Cheadle, Khris Davis, Sonequa Martin-Green, Cedric Joe, Jeff Bergman, Eric Bauza, Zendaya","['Live Action', 'Animated', 'Comedy', 'Sports']","Space Jam: A New Legacy is a 2021 American live-action/animated sports comedy film co-produced by Warner Animation Group, Proximity Media, and The SpringHill Company, and distributed by Warner Bros. Pictures. The film was directed by Malcolm D. Lee from a screenplay by Juel Taylor, Tony Rettenmaier, Keenan Coogler, Terence Nance, Jesse Gordon, and Celeste Ballard, and a story by Taylor, Rettenmaier, Coogler, and Nance. It serves as a standalone sequel to Space Jam (1996) and is the first theatrically released film to feature the Looney Tunes characters since Looney Tunes: Back in Action (2003). The film stars basketball player LeBron James as a fictional version of himself; Don Cheadle, Khris Davis, Sonequa Martin-Green and Cedric Joe star in live-action roles, while Jeff Bergman, Eric Bauza and Zendaya headline the Looney Tunes voice cast. The film follows James enlisting the Looney Tunes' aid to win a basketball game in a Warner Bros.-themed virtual multiverse against a rogue artificial intelligence's avatars after James's son is abducted by the AI.",https://www.rottentomatoes.com/m/space_jam_a_new_legacy,"Released Jul 16, 2021",25.0,79.0,8,Medium
escaperoomtournamentofchampions,2021,"Taylor Russell, Logan Miller, Indya Moore, Holland Roden, Thomas Cocquerel, Carlito Olivero, Isabelle Fuhrman",['Horror'],"Escape Room: Tournament of Champions is a 2021 American survival horror film directed by Adam Robitel and written by Will Honley, Maria Melnik, Daniel Tuch, and Oren Uziel. A sequel to 2019's Escape Room, it stars Taylor Russell, Logan Miller, and Deborah Ann Woll reprising their roles from the first film, alongside new cast members Indya Moore, Holland Roden, Thomas Cocquerel, and Carlito Olivero, and follows a group of six people trying to survive a new series of more deadly escape rooms.",https://www.rottentomatoes.com/m/escape_room_tournament_of_champions,"Released Jul 16, 2021",51.0,75.0,7,Medium
fearstreetpartthree1666,2021,"Kiana Madeira, Ashley Zukerman, Gillian Jacobs, Olivia Scott Welch, Benjamin Flores Jr., Darrell Britt-Gibson, Fred Hechinger, Julia Rehwald, Sadie Sink, Emily Rudd, McCabe Slye, Jordana Spiro, Jordyn DiNatale","['Horror', 'Supernatural']","Fear Street Part Three: 1666 is a 2021 American supernatural horror film directed by Leigh Janiak, who co-wrote the screenplay with Phil Graziadei and Kate Trefry. Based on the book series of the same name by R. L. Stine, it is the third and final installment of the Fear Street trilogy after Part One: 1994 and Part Two: 1978 and stars Kiana Madeira, Ashley Zukerman, Gillian Jacobs, Olivia Scott Welch, Benjamin Flores Jr., and Darrell Britt-Gibson. The film follows the origins of Shadyside's curse in the mid-17th century and the survivors in 1994 who try to put an end to it.",https://www.rottentomatoes.com/m/fear_street_part_three_1666,2021,88.0,76.0,13,Medium
dieinagunfight,2021,"Alexandra Daddario, Diego Boneta, Justin Chatwin, Wade Allain-Marcus, Billy Crudup, Emmanuelle Chriqui, Travis Fimmel","['Crime', 'Thriller', 'Romance']",Die in a Gunfight is a 2021 American romantic crime thriller film directed by Collin Schiffli and written by Andrew Barrer and Gabriel Ferrari. It stars Alexandra Daddario and Diego Boneta. It is described as an updated version of William Shakespeare's Romeo and Juliet.,https://www.rottentomatoes.com/m/die_in_a_gunfight,"Released Jul 16, 2021",16.0,62.0,7,Medium
pig,2021,"Nicolas Cage, Alex Wolff, Adam Arkin",['Drama'],"Pig is a 2021 American drama film written and directed by Michael Sarnoski, from a story by Vanessa Block and Sarnoski. The film stars Nicolas Cage as a truffle-hunter who lives alone in the Oregon wilderness and must return to his past in Portland in search of his beloved foraging pig after she is kidnapped. It also stars Alex Wolff and Adam Arkin.",https://www.rottentomatoes.com/m/pig,2010,,,3,Small
outofdeath,2021,"Bruce Willis, Jaime King, Lala Kent","['Action', 'Thriller']",Out of Death is a 2021 American action thriller film directed by Mike Burns and starring Bruce Willis and Jaime King.,https://www.rottentomatoes.com/m/out_of_death,"Released Jul 16, 2021",0.0,43.0,3,Small
roadrunnerafilmaboutanthonybourdain,2021,Anthony Bourdain,['Documentary'],"Roadrunner: A Film About Anthony Bourdain is a 2021 American documentary film directed and produced by Morgan Neville. The film had its world premiere at the Tribeca Film Festival on June 11, 2021, and was released in the United States on July 16, 2021, by Focus Features. The film grossed $5.5 million at the box office and received critical acclaim, but also garnered controversy over its use of artificial intelligence technology to reproduce Bourdain's voice for some audio clips.",https://www.rottentomatoes.com/m/roadrunner_a_film_about_anthony_bourdain,"Released Jul 16, 2021",91.0,94.0,1,Small
howitends,2021,"Zoe Lister-Jones, Cailee Spaeny, Olivia Wilde, Fred Armisen, Helen Hunt, Lamorne Morris, Nick Kroll","['Comedy', 'Drama']","How It Ends is a 2021 American comedy-drama film written, directed, and produced by Daryl Wein and Zoe Lister-Jones. It stars Lister-Jones and Cailee Spaeny, with cameo appearances by 23 others in a series of vignettes, facilitating the reality of 2020 COVID-19 protocols while serving the underlying plot device of walking through the deserted streets of Los Angeles.",https://www.rottentomatoes.com/m/how_it_ends,2018,16.0,17.0,7,Medium
trollhuntersriseofthetitans,2021,"Emile Hirsch, Lexi Medrano, Charlie Saxton, Kelsey Grammer, Fred Tatasciore, Colin O'Donoghue, Diego Luna, Tatiana Maslany, Steven Yeun, Cole Sand, Alfred Molina, Nick Frost, Nick Offerman","['Animated', 'Fantasy']","Trollhunters: Rise of the Titans is a 2021 American computer-animated science fantasy film directed by Johane Matte, Francisco Ruiz Velasco, and Andrew Schmidt, and written by Guillermo del Toro, Marc Guggenheim and Dan and Kevin Hageman. It is the finale of the Tales of Arcadia franchise by Guillermo del Toro, which features the television series Trollhunters, 3Below and Wizards. Following a year after the events of Wizards, the Guardians of Arcadia reunite for the final time as they battle the nefarious Arcane Order, who have reawakened the primordial Titans.",https://www.rottentomatoes.com/m/trollhunters_rise_of_the_titans,2021,88.0,46.0,13,Medium
snakeeyes,2021,"Henry Golding, Andrew Koji, Úrsula Corberó, Samara Weaving, Iko Uwais, Haruka Abe, Takehiro Hira, Peter Mensah",['Superhero'],"Snake Eyes: G.I. Joe Origins is a 2021 American superhero film based on Hasbro's G.I. Joe toy line character Snake Eyes. It is the third installment in the G.I. Joe film series. The film is directed by Robert Schwentke from a screenplay by Evan Spiliotopoulos, Joe Shrapnel, and Anna Waterhouse. It serves as an origin story for the title character, while also being a reboot of the film series. The film stars Henry Golding as Snake Eyes, with Andrew Koji, Úrsula Corberó, Samara Weaving, and Iko Uwais in supporting roles.",https://www.rottentomatoes.com/m/snake_eyes,"Released Jul 30, 1998",43.0,35.0,8,Medium
snakeeyes,2021,"Henry Golding, Andrew Koji, Úrsula Corberó, Samara Weaving, Iko Uwais, Haruka Abe, Takehiro Hira, Peter Mensah",['Superhero'],"Snake Eyes: G.I. Joe Origins is a 2021 American superhero film based on Hasbro's G.I. Joe toy line character Snake Eyes. It is the third installment in the G.I. Joe film series. The film is directed by Robert Schwentke from a screenplay by Evan Spiliotopoulos, Joe Shrapnel, and Anna Waterhouse. It serves as an origin story for the title character, while also being a reboot of the film series. The film stars Henry Golding as Snake Eyes, with Andrew Koji, Úrsula Corberó, Samara Weaving, and Iko Uwais in supporting roles.",https://www.rottentomatoes.com/m/snake_eyes,"Released Jul 30, 1998",43.0,35.0,8,Medium
old,2021,"Gael García Bernal, Vicky Krieps, Rufus Sewell, Alex Wolff, Thomasin McKenzie, Abbey Lee, Nikki Amuka-Bird, Ken Leung, Eliza Scanlen, Aaron Pierre, Embeth Davidtz, Emun Elliott","['Horror', 'Thriller']","Old is a 2021 American horror thriller film written, directed, and produced by M. Night Shyamalan. It is based on the French-language Swiss graphic novel Sandcastle by Pierre Oscar Levy and Frederik Peeters. The film features an ensemble cast consisting of Gael García Bernal, Vicky Krieps, Rufus Sewell, Alex Wolff, Thomasin McKenzie, Abbey Lee, Nikki Amuka-Bird, Ken Leung, Eliza Scanlen, Aaron Pierre, Embeth Davidtz, and Emun Elliott. The plot follows a group of people who find themselves aging rapidly on a secluded beach.",https://www.rottentomatoes.com/m/old,"Released Jul 23, 2021",50.0,53.0,12,Medium
joebell,2021,"Mark Wahlberg, Reid Miller, Connie Britton, Gary Sinise","['Drama', 'Biography']","Joe Bell is a 2020 American biographical drama road film directed by Reinaldo Marcus Green, from a screenplay by Larry McMurtry and Diana Ossana. The film stars Mark Wahlberg, Reid Miller, and Connie Britton, and follows the true story of a man named Joe Bell, who sets out walking across America to speak out against bullying and honoring his teenage son, Jadin Bell, who died by suicide after he was bullied for being gay. The film was produced by Jake Gyllenhaal’s production company, Nine Stories Productions, with Gyllenhaal himself serving as executive producer.",https://www.rottentomatoes.com/m/joe_bell,"Released Jul 23, 2021",40.0,73.0,4,Medium
jolt,2021,"Scott Wascha (screenwriter), Kate Beckinsale, Bobby Cannavale, Laverne Cox, Stanley Tucci, Jai Courtney, Susan Sarandon","['Action', 'Comedy']","Jolt is a 2021 American action comedy film directed by Tanya Wexler and written by Scott Wascha. The film stars Kate Beckinsale, Bobby Cannavale, Laverne Cox, Stanley Tucci, and Jai Courtney. It was released on July 23, 2021, by Amazon Studios.",https://www.rottentomatoes.com/m/jolt,2021,40.0,38.0,7,Medium
midnightintheswitchgrass,2021,"Megan Fox, Bruce Willis, Emile Hirsch, Machine Gun Kelly, Lukas Haas","['Crime', 'Thriller']","Midnight in the Switchgrass is a 2021 American crime thriller film directed by Randall Emmett in his directorial debut, from a screenplay by Alan Horsnail. It stars Megan Fox, Bruce Willis, Emile Hirsch, Lukas Haas, Colson Baker and Lydia Hull.",https://www.rottentomatoes.com/m/midnight_in_the_switchgrass,"Released Jul 23, 2021",8.0,20.0,5,Medium
brokendiamonds,2021,"Ben Platt, Lola Kirke, Yvette Nicole Brown, Alphonso McAuley, Lynda Boyd",['Drama'],"Broken Diamonds is a 2021 American drama film directed by Peter Sattler from a screenplay by Steve Waverly. It stars Ben Platt, Lola Kirke, Yvette Nicole Brown, Alphonso McAuley, and Lynda Boyd.",https://www.rottentomatoes.com/m/broken_diamonds,"Released Jul 23, 2021",56.0,77.0,5,Medium
val,2021,Val Kilmer,['Documentary'],"Val is a 2021 American documentary film directed and produced by Leo Scott and Ting Poo. It follows the life and career of actor Val Kilmer. The film had its world premiere at the Cannes Film Festival on July 7, 2021, and was released in a limited release on July 23, 2021, prior to digital streaming on Prime Video on August 6, by Amazon Studios.",https://www.rottentomatoes.com/m/val,"Released Jul 23, 2021",93.0,88.0,1,Small
junglecruise,2021,"Dwayne Johnson, Emily Blunt, Édgar Ramírez, Jack Whitehall, Jesse Plemons, Paul Giamatti","['Adventure', 'Fantasy']","Jungle Cruise is a 2021 American fantasy adventure film directed by Jaume Collet-Serra from a screenplay written by Glenn Ficarra, John Requa, and Michael Green. It is based on Walt Disney's eponymous theme park attraction. Produced by Walt Disney Pictures, the film stars Dwayne Johnson, Emily Blunt, Édgar Ramírez, Jack Whitehall, Jesse Plemons, and Paul Giamatti. It tells the alternate history of the captain of a small riverboat who takes a scientist and her brother through a jungle in search of the Tree of Life while competing against a German expedition, and cursed conquistadors.",https://www.rottentomatoes.com/m/jungle_cruise,"Released Jul 30, 2021",62.0,92.0,6,Medium
vivo,2021,"Lin-Manuel Miranda, Ynairaly Simo, Zoe Saldana, Juan de Marcos González, Michael Rooker, Brian Tyree Henry, Nicole Byer, Gloria Estefan","['Animated', 'Comedy', 'Musical']","Vivo is a 2021 American computer-animated musical comedy film produced by Columbia Pictures and Sony Pictures Animation. The film was directed by Kirk DeMicco and co-directed by Brandon Jeffords, from a screenplay written by DeMicco and Quiara Alegría Hudes, based on an original idea by Hudes and Peter Barsocchini; with songs written by Lin-Manuel Miranda, who also voices the title character and serves as one of the executive producers of the film. The film also features the voices of Zoe Saldana, Juan de Marcos, Brian Tyree Henry, Michael Rooker, Nicole Byer, Gloria Estefan, and introduces Ynairaly Simo in her film debut as Gabi. The film marks Sony Pictures Animation's first musical film. The story follows Vivo (Miranda), a music-loving kinkajou, who embarks on the journey of a lifetime to fulfill his destiny and must deliver a love song to Marta Sandoval (Estefan), a retiring singer.",https://www.rottentomatoes.com/m/vivo,2021,86.0,73.0,8,Medium
stillwater,2021,"Matt Damon, Camille Cottin, Abigail Breslin","['Crime', 'Drama']","Stillwater is a 2021 American crime drama film directed by Tom McCarthy, based on a script he co-wrote with Marcus Hinchey, Thomas Bidegain and Noé Debré. It is the first DreamWorks Pictures film to be distributed by Focus Features. It stars Matt Damon as an unemployed oil-rig worker from Oklahoma who sets out with a French woman to prove his convicted daughter's innocence.",https://www.rottentomatoes.com/m/stillwater,2005,,,3,Small
thegreenknight,2021,"Dev Patel, Alicia Vikander, Joel Edgerton, Sarita Choudhury, Sean Harris, Ralph Ineson, Barry Keoghan, Erin Kellyman, Kate Dickie",['Fantasy'],"The Green Knight is a 2021 medieval fantasy film directed, written, edited, and produced by David Lowery, adapted from the 14th-century poem Sir Gawain and the Green Knight. The film stars Dev Patel as Gawain, who sets out on a journey to test his courage and face the Green Knight. It also stars Alicia Vikander, Joel Edgerton, Sarita Choudhury, Sean Harris, and Ralph Ineson.",https://www.rottentomatoes.com/m/the_green_knight,"Released Jul 30, 2021",89.0,50.0,9,Medium
ninedays,2021,"Winston Duke, Zazie Beetz, Benedict Wong, Tony Hale, Bill Skarsgård","['Drama', 'Fantasy']","Nine Days is a 2020 American fantasy drama film written and directed by Edson Oda in his feature debut. It stars an ensemble cast consisting of Winston Duke, Zazie Beetz, Benedict Wong, Tony Hale, Bill Skarsgård, David Rysdahl, and Arianna Ortiz. In the film, Will (Duke) is a reclusive man residing in a house in the pre-existence with his assistant Kyo (Wong). His job is to interview souls hoping to be born and to observe how the souls he has selected are living on Earth. When one of his previous selections suddenly dies, Will becomes dispirited and confused with the true meaning of life as a new batch of souls arrives to be interviewed.",https://www.rottentomatoes.com/m/nine_days,"Released Jul 30, 2021",90.0,72.0,5,Medium
ridetheeagle,2021,"Jake Johnson, D'Arcy Carden, J.K. Simmons, Susan Sarandon",['Comedy'],"Ride the Eagle is a 2021 American comedy film directed by Trent O'Donnell, who co-wrote the screenplay with Jake Johnson. It stars Johnson, Susan Sarandon, J. K. Simmons, and D'Arcy Carden. Produced by The Walcott Company, it was released by Decal theatrically and through video on demand on July 30, 2021.",https://www.rottentomatoes.com/m/ride_the_eagle,"Released Jul 30, 2021",84.0,67.0,4,Medium
theeveninghour,2021,"Philip Ettinger, Stacy Martin, Cosmo Jarvis, Michael Trotter, Kerry Bishé, Lili Taylor",['Drama'],"The Evening Hour is a 2020 American drama film, directed by Braden King from a screenplay by Elizabeth Palmore. It is based upon the 2012 novel of the same name by Carter Sickels. It stars Philip Ettinger, Stacy Martin, Cosmo Jarvis, Michael Trotter, Kerry Bishé and Lili Taylor.",https://www.rottentomatoes.com/m/the_evening_hour,"Released Jul 13, 2021",71.0,60.0,6,Medium
lorelei,2021,"Pablo Schreiber, Jena Malone",['Drama'],"Lorelei is a 2020 American drama film written and directed by Sabrina Doyle in her feature debut. It stars Pablo Schreiber, Jena Malone, Amelia Borgerding, Parker Pascoe-Sheppard, Chancellor Perry and Martin Hernandez.",https://www.rottentomatoes.com/m/lorelei,"Released Jul 30, 2021",90.0,65.0,2,Small
thesuicidesquad,2021,"Idris Elba, Margot Robbie, John Cena, Joel Kinnaman, Sylvester Stallone, Viola Davis, David Dastmalchian, Daniela Melchior, Michael Rooker, Jai Courtney, Peter Capaldi, Alice Braga, Pete Davidson, Nathan Fillion, Sean Gunn, Flula Borg, Mayling Ng",['Superhero'],"The Suicide Squad is a 2021 American superhero film based on the DC Comics team Suicide Squad. Produced by Warner Bros. Pictures, DC Films, Atlas Entertainment, and The Safran Company, and distributed by Warner Bros. Pictures, it is a standalone sequel to Suicide Squad (2016) and the 10th film in the DC Extended Universe (DCEU). It was written and directed by James Gunn and stars an ensemble cast including Margot Robbie, Idris Elba, John Cena, Joel Kinnaman, Sylvester Stallone, Viola Davis, David Dastmalchian, Daniela Melchior, Michael Rooker, Jai Courtney, Peter Capaldi, Alice Braga, and Pete Davidson. In the film, several convicts join a task force known as the ""Suicide Squad"" in exchange for lighter sentences. They are sent to the South American island nation of Corto Maltese to destroy all traces of the giant alien starfish Starro the Conqueror before it falls into the local government's control.",https://www.rottentomatoes.com/m/the_suicide_squad,"Released Aug 6, 2021",90.0,82.0,17,Medium
nakedsingularity,2021,"John Boyega, Olivia Cooke, Bill Skarsgård, Ed Skrein, Linda Lavin, Tim Blake Nelson","['Comedy', 'Crime', 'Thriller']","Naked Singularity is a 2021 American black comedy crime thriller film, directed by Chase Palmer in his directorial debut, from a screenplay by Palmer and David Matthews. It is based upon the 2008 novel of the same name by Sergio De La Pava. It stars John Boyega, Olivia Cooke, Bill Skarsgård, Ed Skrein, Linda Lavin, and Tim Blake Nelson.",https://www.rottentomatoes.com/m/naked_singularity,"Released Aug 6, 2021",28.0,29.0,6,Medium
johnandthehole,2021,"Charlie Shotwell, Michael C. Hall, Jennifer Ehle, Taissa Farmiga",['Thriller'],"John and the Hole is a 2021 American coming-of-age psychological thriller film directed by Pascual Sisto and written by Nicolás Giacobone. A feature-length adaptation of Giacobone's short story, El Pozo, the film stars Charlie Shotwell, Michael C. Hall, Jennifer Ehle, and Taissa Farmiga. The film revolves around a boy who discovers an unfinished bunker in the neighboring woods of his home.",https://www.rottentomatoes.com/m/john_and_the_hole,"Released Aug 6, 2021",60.0,27.0,4,Medium
swansong,2021,"Udo Kier, Jennifer Coolidge, Linda Evans, Michael Urie, Ira Hawkins, Stephanie McVay",['Drama'],"Swan Song is a 2021 American drama film, written, directed, and produced by Todd Stephens. It stars Udo Kier, Jennifer Coolidge, Linda Evans, Michael Urie, Ira Hawkins, and Stephanie McVay.",https://www.rottentomatoes.com/m/swan_song,1986,,,6,Medium
swansong,2021,"Udo Kier, Jennifer Coolidge, Linda Evans, Michael Urie, Ira Hawkins, Stephanie McVay",['Drama'],"Swan Song is a 2021 American drama film, written, directed, and produced by Todd Stephens. It stars Udo Kier, Jennifer Coolidge, Linda Evans, Michael Urie, Ira Hawkins, and Stephanie McVay.",https://www.rottentomatoes.com/m/swan_song,1986,,,6,Medium
thekissingbooth3,2021,"Joey King, Joel Courtney, Jacob Elordi, Taylor Zakhar Perez, Maisie Richardson-Sellers, Meganne Young, Molly Ringwald","['Comedy', 'Teen', 'Romance']","The Kissing Booth 3 is a 2021 American teen romantic comedy film directed by Vince Marcello and written by Marcello and Jay Arnold. The third and final installment in The Kissing Booth trilogy based on Beth Reekles' novel of the same name, the film stars Joey King, Joel Courtney, Jacob Elordi, Taylor Zakhar Perez, Maisie Richardson-Sellers, Meganne Young and Molly Ringwald.",https://www.rottentomatoes.com/m/the_kissing_booth_3,2021,24.0,20.0,7,Medium
freeguy,2021,"Ryan Reynolds, Jodie Comer, Lil Rel Howery, Utkarsh Ambudkar, Joe Keery, Taika Waititi","['Action', 'Comedy']","Free Guy is a 2021 American action comedy film directed and produced by Shawn Levy from a screenplay by Matt Lieberman and Zak Penn, and a story by Lieberman. The film stars Ryan Reynolds, Jodie Comer, Lil Rel Howery, Utkarsh Ambudkar, Joe Keery, and Taika Waititi. It tells the story of a bank teller who discovers that he is a non-player character in a massively multiplayer online game who then partners with a player to find evidence that a gaming company's CEO stole the player's game's source code.",https://www.rottentomatoes.com/m/free_guy,"Released Aug 13, 2021",80.0,94.0,6,Medium
respect,2021,"Jennifer Hudson, Forest Whitaker, Marlon Wayans, Audra McDonald, Marc Maron, Tituss Burgess, Mary J. Blige","['Drama', 'Musical', 'Biography']","Respect is a 2021 American biographical musical drama film directed by Liesl Tommy, written by Tracey Scott Wilson and Callie Khouri, based on the life of American singer Aretha Franklin. The film stars Jennifer Hudson as Franklin, with Forest Whitaker, Marlon Wayans, Audra McDonald, Marc Maron, Tituss Burgess, and Mary J. Blige in supporting roles. The film follows the first three decades of Franklin's life, from being born as a musical prodigy in an affluent African-American family, the repercussions of losing her mother at age 10 to her arduous rise to international musical stardom, while enduring an abusive marriage, ultimately concluding with the recording of her influential live album Amazing Grace (1972).",https://www.rottentomatoes.com/m/respect,2010,,,7,Medium
beckett,2021,"John David Washington, Boyd Holbrook, Vicky Krieps, Alicia Vikander","['Action', 'Thriller']","Beckett is a 2021 action thriller film directed by Ferdinando Cito Filomarino and produced by Luca Guadagnino. The film stars John David Washington as an American tourist vacationing in Greece who becomes the target of a manhunt after an accident, and must reach the embassy to clear his name; Boyd Holbrook, Vicky Krieps, and Alicia Vikander also star.",https://www.rottentomatoes.com/m/beckett,2021,48.0,33.0,4,Medium
dontbreathe2,2021,"Stephen Lang, Brendan Sexton III, Madelyn Grace","['Horror', 'Thriller']","Don't Breathe 2 is a 2021 American horror thriller film directed by Rodo Sayagues in his directorial debut, from a screenplay he co-wrote with Fede Álvarez. The sequel to 2016's Don't Breathe, it was produced by Álvarez, Sam Raimi and Robert Tapert. The film stars Stephen Lang, reprising his role as Norman Nordstrom / ""The Blind Man"", with Brendan Sexton III and Madelyn Grace in supporting roles.",https://www.rottentomatoes.com/m/dont_breathe_2,"Released Aug 13, 2021",43.0,85.0,3,Small
reminiscence,2021,"Hugh Jackman, Rebecca Ferguson, Thandiwe Newton, Cliff Curtis, Marina de Tavira, Daniel Wu","['Noir', 'Science Fiction', 'Thriller']","Reminiscence is a 2021 American neo-noir science fiction thriller film written, directed and produced by Lisa Joy in her feature directorial debut. Starring Hugh Jackman, Rebecca Ferguson, Thandiwe Newton, Cliff Curtis, Marina de Tavira and Daniel Wu, it follows a man who uses a machine that can see people's memories to try to find his missing love. Joy co-produced with her husband and creative partner Jonathan Nolan.",https://www.rottentomatoes.com/m/reminiscence,2023,,,6,Medium
sweetgirl,2021,"Jason Momoa, Isabela Merced, Manuel Garcia-Rulfo, Raza Jaffrey, Justin Bartha, Lex Scott Davis, Michael Raymond-James, Adria Arjona, Amy Brenneman","['Action', 'Thriller']","Sweet Girl is a 2021 American action thriller film directed by Brian Andrew Mendoza in his feature directorial debut and written by Philip Eisner and Gregg Hurwitz. The film stars Jason Momoa, Isabela Merced, Manuel Garcia-Rulfo, Adria Arjona, Raza Jaffrey, Justin Bartha, Lex Scott Davis, Michael Raymond-James and Amy Brenneman.",https://www.rottentomatoes.com/m/sweet_girl,2021,23.0,49.0,9,Medium
theloudhousemovie,2021,"Asher Bishop, David Tennant, Michelle Gomez, Jill Talley, Brian Stepanek, Catherine Taber, Liliana Mumy, Nika Futterman, Cristina Pucelli, Jessica DiCicco, Grey Griffin, Lara Jill Miller, Katy Townsend, Andre Robinson","['Animated', 'Comedy', 'Musical']","The Loud House Movie is a 2021 American animated musical comedy film based on and featuring characters from the Nickelodeon series The Loud House. Produced by Nickelodeon Movies, it was directed by Dave Needham in his directorial debut, from a screenplay by Kevin Sullivan and Chris Viscardi, and starring the voices of David Tennant, Michelle Gomez, Katy Townsend, and the regular voice cast of the series; consisting of Asher Bishop, Jill Talley, Brian Stepanek, Catherine Taber, Liliana Mumy, Nika Futterman, Cristina Pucelli, Jessica DiCicco, Grey Griffin, Lara Jill Miller, and Andre Robinson, who reprise their respective roles. The first film in the franchise, set between the fourth and fifth seasons of The Loud House, it tells the story of the Louds going to Scotland, where they learn that they are descended from royalty and own a castle, while contending with an evil plot.",https://www.rottentomatoes.com/m/the_loud_house_movie,2021,,64.0,14,Medium
thenighthouse,2021,"Rebecca Hall, Sarah Goldberg, Evan Jonigkeit, Stacy Martin, Vondie Curtis-Hall","['Horror', 'Supernatural']","The Night House is a 2020 supernatural psychological horror film directed by David Bruckner and written by Ben Collins and Luke Piotrowski. It stars Rebecca Hall as a widow who discovers a dark secret about the house her recently deceased architect husband built. Other cast members are Sarah Goldberg, Evan Jonigkeit, Stacy Martin, and Vondie Curtis-Hall.",https://www.rottentomatoes.com/m/the_night_house,"Released Aug 20, 2021",88.0,69.0,5,Medium
cryptozoo,2021,"Lake Bell, Michael Cera, Angeliki Papoulia, Zoe Kazan, Peter Stormare, Grace Zabriskie, Louisa Krause, Thomas Jay Ryan, Alex Karpovsky","['Animated', 'Drama', 'Erotic']","Cryptozoo is a 2021 American adult animated drama film written and directed by Dash Shaw. It features an ensemble cast as Lake Bell, Michael Cera, Angeliki Papoulia, Zoe Kazan, Peter Stormare, Grace Zabriskie, Louisa Krause and Thomas Jay Ryan. The film had its world premiere at the Sundance Film Festival on January 29, 2021 and was released by Magnolia Pictures in the United States on August 20, 2021.",https://www.rottentomatoes.com/m/cryptozoo,"Released Aug 20, 2021",71.0,,9,Medium
habit,2021,"Josie Ho, Bella Thorne, Gavin Rossdale, Hana Mae Lee, Paris Jackson","['Comedy', 'Thriller']","Habit is a 2021 American comedy thriller film directed by Janell Shirtcliff in her feature directorial debut, from a screenplay by Shirtcliff and Libby Mintz. It stars Bella Thorne, Gavin Rossdale, Libby Mintz, Andreja Pejić, Ione Skye, Jamie Hince, Alison Mosshart, Paris Jackson and Josie Ho.",https://www.rottentomatoes.com/m/habit,"Released Nov 14, 1997",75.0,62.0,5,Medium
thewitchernightmareofthewolf,2021,"Theo James, Lara Pulver, Graham McTavish, Mary McDonnell","['Animated', 'Fantasy', 'Erotic']","The Witcher: Nightmare of the Wolf is an adult animated dark fantasy film for Netflix, produced by Lauren Schmidt Hissrich, and starring Theo James, Lara Pulver, Graham McTavish, and Mary McDonnell. The film serves as a spin-off of the Netflix series The Witcher. It focuses on the origin story of Geralt's mentor and fellow witcher Vesemir. The film premiered on August 23, 2021.",https://www.rottentomatoes.com/m/the_witcher_nightmare_of_the_wolf,2021,100.0,83.0,4,Medium
reallylove,2021,"Kofi Siriboe, Yootha Wong-Loi-Sing, Blair Underwood, Uzo Aduba, Tristan Wilds","['Drama', 'Romance']","Really Love is a 2020 American romantic drama film directed by Angel Kristi Williams and co-written with Felicia Pride. The film is set in Washington, D.C. and centers the romance between a struggling artist and an ambitious law student. Really Love debuted in October 2020 at AFI Film Festival. It received mainly positive critical reception and holds an 86% rating on Rotten Tomatoes.",https://www.rottentomatoes.com/m/really_love,2020,88.0,82.0,5,Medium
candyman,2021,"Yahya Abdul-Mateen II, Teyonah Parris, Nathan Stewart-Jarrett, Colman Domingo, Kyle Kaminsky, Vanessa Estelle Williams","['Slasher', 'Supernatural']","Candyman is a 2021 American supernatural slasher film directed by Nia DaCosta and written by Jordan Peele, Win Rosenfeld, and DaCosta. The film is a direct sequel to the 1992 film of the same name and the fourth film in the Candyman film series, based on the short story ""The Forbidden"" by Clive Barker. The film stars Yahya Abdul-Mateen II, Teyonah Parris, Nathan Stewart-Jarrett, and Colman Domingo with Vanessa Williams, Virginia Madsen, and Tony Todd reprising their roles from the original film.",https://www.rottentomatoes.com/m/candyman,"Released Oct 16, 1992",79.0,63.0,6,Medium
candyman,2021,"Yahya Abdul-Mateen II, Teyonah Parris, Nathan Stewart-Jarrett, Colman Domingo, Kyle Kaminsky, Vanessa Estelle Williams","['Slasher', 'Supernatural']","Candyman is a 2021 American supernatural slasher film directed by Nia DaCosta and written by Jordan Peele, Win Rosenfeld, and DaCosta. The film is a direct sequel to the 1992 film of the same name and the fourth film in the Candyman film series, based on the short story ""The Forbidden"" by Clive Barker. The film stars Yahya Abdul-Mateen II, Teyonah Parris, Nathan Stewart-Jarrett, and Colman Domingo with Vanessa Williams, Virginia Madsen, and Tony Todd reprising their roles from the original film.",https://www.rottentomatoes.com/m/candyman,"Released Oct 16, 1992",79.0,63.0,6,Medium
vacationfriends,2021,"John Cena, Lil Rel Howery, Yvonne Orji, Meredith Hagner, Lynn Whitfield, Andrew Bachelor",['Comedy'],"Vacation Friends is a 2021 American buddy comedy film directed by Clay Tarver, and co-written by Tom Mullen, Tim Mullen, Jonathan Goldstein and John Francis Daley.The film stars Lil Rel Howery, John Cena, Yvonne Orji, Meredith Hagner, Robert Wisdom, Lynn Whitfield, and Andrew Bachelor.",https://www.rottentomatoes.com/m/vacation_friends,2021,57.0,54.0,6,Medium
hesallthat,2021,"Addison Rae, Tanner Buchanan, Madison Pettis, Rachael Leigh Cook, Peyton Meyer, Matthew Lillard","['Comedy', 'Teen', 'Romance']","He's All That is a 2021 American teen romantic comedy film directed by Mark Waters, from a screenplay by R. Lee Fleming Jr. The film is a gender-swapped remake of the 1999 film She's All That, which was a modern adaptation of George Bernard Shaw's 1913 play Pygmalion and George Cukor's 1964 film My Fair Lady. It stars Addison Rae, Tanner Buchanan, Madison Pettis, and Peyton Meyer, as well as Rachael Leigh Cook and Matthew Lillard, who starred in She's All That, appearing in different roles.",https://www.rottentomatoes.com/m/hes_all_that,2021,28.0,22.0,6,Medium
nomanofgod,2021,"Elijah Wood, Luke Kirby, Aleksa Palladino, Robert Patrick","['Crime', 'Mystery']","No Man of God is a 2021 American crime mystery film directed by Amber Sealey and written by C. Robert Cargill, under the pseudonym of Kit Lesser. The film stars Elijah Wood, Luke Kirby, Aleksa Palladino and Robert Patrick. It is based on real life transcripts selected from conversations between serial killer Ted Bundy and FBI Special Agent Bill Hagmaier that happened between 1984 and 1989, and the complicated relationship that formed between them during Bundy's final years on death row.",https://www.rottentomatoes.com/m/no_man_of_god,"Released Aug 27, 2021",80.0,62.0,4,Medium
rushed,2021,"Siobhan Fallon Hogan, Robert Patrick, Jake Weary, Peri Gilpin","['Drama', 'Mystery', 'Thriller']",Rushed is a 2021 American mystery thriller drama film directed by Vibeke Muasya and starring Siobhan Fallon Hogan and Robert Patrick.,https://www.rottentomatoes.com/m/rushed,"Released Aug 27, 2021",90.0,88.0,4,Medium
afterlifeoftheparty,2021,"Victoria Justice, Midori Francis, Timothy Renouf, Adam Garcia, Gloria Garcia, Spencer Sutherland","['Comedy', 'Supernatural']","Afterlife of the Party is a 2021 American supernatural comedy film directed by Stephen Herek and written by Carrie Freedle. The film stars Victoria Justice as Cassie and Midori Francis as Lisa, two friends who experience challenges in their relationship upon reaching adulthood. The film also stars Timothy Renouf, Adam Garcia, Gloria Garcia and Spencer Sutherland.",https://www.rottentomatoes.com/m/afterlife_of_the_party,2021,56.0,71.0,6,Medium
cinderella,2021,"screenwriter), Camila Cabello, Idina Menzel, Nicholas Galitzine, Minnie Driver, Pierce Brosnan, Billy Porter","['Musical', 'Romance']","Cinderella is a 2021 romantic musical film based on the fairy tale of the same name by Charles Perrault. Written and directed by Kay Cannon, it stars singer Camila Cabello as the title character in her acting debut, alongside Idina Menzel, Minnie Driver, Nicholas Galitzine, Billy Porter, and Pierce Brosnan. It is a jukebox musical, featuring pop and rock hits, in addition to several original songs.",https://www.rottentomatoes.com/m/cinderella,"Released Feb 15, 1950",98.0,80.0,7,Medium
cinderella,2021,"screenwriter), Camila Cabello, Idina Menzel, Nicholas Galitzine, Minnie Driver, Pierce Brosnan, Billy Porter","['Musical', 'Romance']","Cinderella is a 2021 romantic musical film based on the fairy tale of the same name by Charles Perrault. Written and directed by Kay Cannon, it stars singer Camila Cabello as the title character in her acting debut, alongside Idina Menzel, Minnie Driver, Nicholas Galitzine, Billy Porter, and Pierce Brosnan. It is a jukebox musical, featuring pop and rock hits, in addition to several original songs.",https://www.rottentomatoes.com/m/cinderella,"Released Feb 15, 1950",98.0,80.0,7,Medium
cinderella,2021,"screenwriter), Camila Cabello, Idina Menzel, Nicholas Galitzine, Minnie Driver, Pierce Brosnan, Billy Porter","['Musical', 'Romance']","Cinderella is a 2021 romantic musical film based on the fairy tale of the same name by Charles Perrault. Written and directed by Kay Cannon, it stars singer Camila Cabello as the title character in her acting debut, alongside Idina Menzel, Minnie Driver, Nicholas Galitzine, Billy Porter, and Pierce Brosnan. It is a jukebox musical, featuring pop and rock hits, in addition to several original songs.",https://www.rottentomatoes.com/m/cinderella,"Released Feb 15, 1950",98.0,80.0,7,Medium
cinderella,2021,"screenwriter), Camila Cabello, Idina Menzel, Nicholas Galitzine, Minnie Driver, Pierce Brosnan, Billy Porter","['Musical', 'Romance']","Cinderella is a 2021 romantic musical film based on the fairy tale of the same name by Charles Perrault. Written and directed by Kay Cannon, it stars singer Camila Cabello as the title character in her acting debut, alongside Idina Menzel, Minnie Driver, Nicholas Galitzine, Billy Porter, and Pierce Brosnan. It is a jukebox musical, featuring pop and rock hits, in addition to several original songs.",https://www.rottentomatoes.com/m/cinderella,"Released Feb 15, 1950",98.0,80.0,7,Medium
cinderella,2021,"screenwriter), Camila Cabello, Idina Menzel, Nicholas Galitzine, Minnie Driver, Pierce Brosnan, Billy Porter","['Musical', 'Romance']","Cinderella is a 2021 romantic musical film based on the fairy tale of the same name by Charles Perrault. Written and directed by Kay Cannon, it stars singer Camila Cabello as the title character in her acting debut, alongside Idina Menzel, Minnie Driver, Nicholas Galitzine, Billy Porter, and Pierce Brosnan. It is a jukebox musical, featuring pop and rock hits, in addition to several original songs.",https://www.rottentomatoes.com/m/cinderella,"Released Feb 15, 1950",98.0,80.0,7,Medium
cinderella,2021,"screenwriter), Camila Cabello, Idina Menzel, Nicholas Galitzine, Minnie Driver, Pierce Brosnan, Billy Porter","['Musical', 'Romance']","Cinderella is a 2021 romantic musical film based on the fairy tale of the same name by Charles Perrault. Written and directed by Kay Cannon, it stars singer Camila Cabello as the title character in her acting debut, alongside Idina Menzel, Minnie Driver, Nicholas Galitzine, Billy Porter, and Pierce Brosnan. It is a jukebox musical, featuring pop and rock hits, in addition to several original songs.",https://www.rottentomatoes.com/m/cinderella,"Released Feb 15, 1950",98.0,80.0,7,Medium
worth,2021,"Michael Keaton, Stanley Tucci, Amy Ryan, Tate Donovan, Shunori Ramanathan, Laura Benanti, Marc Maron",['Biography'],"Worth is a 2020 biographical film directed by Sara Colangelo from a screenplay by Max Borenstein and starring Michael Keaton, Amy Ryan, Stanley Tucci, Tate Donovan, Shunori Ramanathan, and Laura Benanti. The film depicts Kenneth Feinberg's handling of the September 11th Victim Compensation Fund. The picture had its world premiere at the Sundance Film Festival on January 24, 2020 and was exhibited in a limited theatrical release and on Netflix beginning September 3, 2021.",https://www.rottentomatoes.com/m/worth,"Released Sep 3, 2021",81.0,76.0,7,Medium
thegateway,2021,"Shea Whigham, Olivia Munn, Frank Grillo, Bruce Dern, Keith David","['Crime', 'Thriller']","The Gateway is an American crime thriller film directed by Michele Civetta and starring Shea Whigham, Olivia Munn and Frank Grillo. The screenplay, written by Alexander Felix and originally titled Where Angels Die, was included in the 2013 Black List. The film was released in theaters and on VOD on September 3, 2021.",https://www.rottentomatoes.com/m/the_gateway,"Released Sep 3, 2021",51.0,40.0,5,Medium
wildindian,2021,"Michael Greyeyes, Chaske Spencer, Jesse Eisenberg, Kate Bosworth",['Thriller'],Wild Indian is a 2021 American thriller film written and directed by Lyle Mitchell Corbine Jr. The film stars Michael Greyeyes and Chaske Spencer with Jesse Eisenberg and Kate Bosworth. The film was supported by the Sundance Institute through the Writers and Directors Labs.,https://www.rottentomatoes.com/m/wild_indian,"Released Sep 3, 2021",90.0,58.0,4,Medium
weneedtodosomething,2021,"Max Booth III (screenwriter), Sierra McCormick, Vinessa Shaw, Pat Healy, Ozzy Osbourne",['Horror'],"We Need to Do Something is a 2021 American psychological horror film directed by Sean King O'Grady and starring Sierra McCormick, Vinessa Shaw, Lisette Alexis, Pat Healy, and Ozzy Osbourne. Based on the novella of the same name, the film centers on a family trapped in their bathroom during a tornado. The film was shot during the COVID-19 pandemic and is the first film production from Spin a Black Yarn Productions, with its co-founders Josh Malerman and Ryan Lewis serving as producers.",https://www.rottentomatoes.com/m/we_need_to_do_something,"Released Sep 3, 2021",55.0,24.0,5,Medium
kate,2021,"Mary Elizabeth Winstead, Miku Martineau, Woody Harrelson, Tadanobu Asano, Michiel Huisman, Miyavi, Jun Kunimura","['Action', 'Thriller']","Kate is a 2021 American action thriller film directed by Cedric Nicolas-Troyan and written by Umair Aleem. The film stars Mary Elizabeth Winstead, Miku Martineau, Woody Harrelson, Tadanobu Asano, Michiel Huisman, Miyavi, and Jun Kunimura. The film follows Kate (Winstead), an assassin, whose mentor and handler (Harrelson) assigns her to kill a high-ranking yakuza boss. During Kate's final mission, she finds out that she has been poisoned and has at most a day to live, so she uses her last hours to get revenge and find out who set her up.",https://www.rottentomatoes.com/m/kate,"Released Sep 10, 2021",46.0,51.0,7,Medium
malignant,2021,"Annabelle Wallis, Maddie Hasson, George Young, Michole Briana White, Jacqueline McKenzie",['Horror'],"Malignant is a 2021 American horror film directed by James Wan from a screenplay by Akela Cooper, based on a story by Wan, Ingrid Bisu, and Cooper. The film stars Annabelle Wallis as a woman who begins to have visions of people being murdered, only to realize the events are happening in real life. Maddie Hasson, George Young, Michole Briana White, and Jacqueline McKenzie also star.",https://www.rottentomatoes.com/m/malignant,2013,,40.0,5,Medium
queenpins,2021,"Kristen Bell, Kirby Howell-Baptiste, Paul Walter Hauser, Bebe Rexha, Vince Vaughn",['Comedy'],"Queenpins is a 2021 American comedy film written and directed by Aron Gaudet and Gita Pullapilly. It stars Kristen Bell, Kirby Howell-Baptiste, Paul Walter Hauser, Bebe Rexha, and Vince Vaughn. Ben Stiller serves as an executive producer under his Red Hour Productions banner.",https://www.rottentomatoes.com/m/queenpins,"Released Sep 10, 2021",48.0,82.0,5,Medium
thecardcounter,2021,"Oscar Isaac, Tiffany Haddish, Tye Sheridan, Willem Dafoe","['Crime', 'Drama']","The Card Counter is a 2021 American crime drama film written and directed by Paul Schrader. It stars Oscar Isaac, Tiffany Haddish, Tye Sheridan, and Willem Dafoe. Martin Scorsese is an executive producer.",https://www.rottentomatoes.com/m/the_card_counter,"Released Sep 10, 2021",87.0,42.0,4,Medium
comefromaway,2021,"Petrina Bromley, Jenn Colella, De'Lon Grant, Joel Hatch, Tony LePage, Caesar Samayoa, Q. Smith, Astrid Van Wieren, Emily Walton, Jim Walton, Sharon Wheatley, Paul Whitty",['Musical'],"Come from Away is a 2021 American-Canadian musical film comprising a live stage recording of Irene Sankoff and David Hein's 2017 musical of the same name, which tells the true story of 7,000 airline passengers who were stranded in a small town in Newfoundland, where they were housed and welcomed, after the September 11, 2001 terrorist attacks. The film, produced in response to the shutdown of Broadway caused by the COVID-19 pandemic in the spring of 2020, was directed by Christopher Ashley and filmed in front of an audience of frontline workers and 9/11 survivors on May 2021 at the Gerald Schoenfeld Theater in New York City, featuring members of the Broadway cast.",https://www.rottentomatoes.com/m/come_from_away,2021,98.0,95.0,12,Medium
thevoyeurs,2021,"Sydney Sweeney, Justice Smith, Ben Hardy, Natasha Liu Bordizzo","['Erotic', 'Thriller']","The Voyeurs is a 2021 American erotic thriller film written and directed by Michael Mohan. Shot and set in Montreal, Quebec, Canada, it stars Sydney Sweeney and Justice Smith as a young couple who spy on and become obsessed by the lives of their neighbors across the street. Greg Gilreath and Adam Hendricks serve as producers under their Divide/Conquer banner.",https://www.rottentomatoes.com/m/the_voyeurs,2007,,,4,Medium
smallenginerepair,2021,"Jon Bernthal, Shea Whigham, Jordana Spiro, John Pollono, Ciara Bravo, Spencer House","['Comedy', 'Drama']",Small Engine Repair is a 2021 American black comedy drama film written and directed by John Pollono based on Pollono's play of the same name.,https://www.rottentomatoes.com/m/small_engine_repair,2006,88.0,73.0,6,Medium
languagelessons,2021,"Natalie Morales, Mark Duplass, Desean Terry",['Drama'],"Language Lessons is a 2021 American drama film directed by Natalie Morales and written by Morales and Mark Duplass. The film stars Morales, Duplass and Desean Terry.",https://www.rottentomatoes.com/m/language_lessons,"Released Sep 10, 2021",96.0,83.0,3,Small
showmethefather,2021,"Sherman Smith, Tony Evans, Steven Kendrick, Alex Kendrick, Deland McCullough, Jim Daly, Eddie George",['Documentary'],"Show Me the Father is a 2021 American Christian documentary film by director Rick Altizer, presenting five fatherhood-related stories connected with commentary by Tony Evans, produced by Mark Miller and executive produced by the Kendrick brothers. It is the Kendrick brothers' seventh film and their third through their subsidiary, Kendrick Brothers Productions. It was theatrically released on September 10, 2021.",https://www.rottentomatoes.com/m/show_me_the_father,"Released Sep 10, 2021",,97.0,7,Medium
badcandy,2021,"Zach Galligan, Derek Russo, Corey Taylor",['Horror'],"Bad Candy is a 2021 American anthology horror film directed by Scott B. Hansen and Desiree Connell. It stars Zach Galligan, Derek Russo, and Corey Taylor.",https://www.rottentomatoes.com/m/bad_candy,"Released Sep 10, 2021",50.0,28.0,3,Small
myson,2021,"James McAvoy, Claire Foy, Gary Lewis, Tom Cullen","['Mystery', 'Thriller']","My Son is a 2021 mystery thriller film written and directed by Christian Carion. It is an English-language remake of Carion's 2017 French film Mon garçon, and stars James McAvoy and Claire Foy. McAvoy was not supplied with a script or dialogue, and improvises his way through the film.",https://www.rottentomatoes.com/m/my_son,2007,,80.0,4,Medium
nightbooks,2021,"Winslow Fegley, Lidya Jewett, Krysten Ritter",['Fantasy'],"Nightbooks is a 2021 American dark fantasy film directed by David Yarovesky and written by Mikki Daughtry and Tobias Iaconis. It is based on the 2018 horror-fantasy children's book of the same name by J. A. White. The film stars Winslow Fegley, Lidya Jewett, and Krysten Ritter.",https://www.rottentomatoes.com/m/nightbooks,2021,88.0,58.0,3,Small
thestarling,2021,"Matt Harris (screenpaly), Melissa McCarthy, Chris O'Dowd, Timothy Olyphant, Daveed Diggs, Skyler Gisondo, Laura Harrier, Rosalind Chao, Loretta Devine, Kevin Kline","['Comedy', 'Drama', 'Fantasy']","The Starling is a 2021 American fantasy comedy-drama film directed by Theodore Melfi and written by Matt Harris. The film stars Melissa McCarthy, Chris O'Dowd, Timothy Olyphant, Kim Quinn, Skyler Gisondo, Loretta Devine, Ravi Kapoor, Daveed Diggs, Rosalind Chao, Laura Harrier, and Kevin Kline.",https://www.rottentomatoes.com/m/the_starling,"Released Sep 17, 2021",19.0,71.0,10,Medium
theeyesoftammyfaye,2021,"Jessica Chastain, Andrew Garfield, Cherry Jones, Vincent D'Onofrio","['Drama', 'Biography']","The Eyes of Tammy Faye is a 2021 American biographical drama film directed by Michael Showalter from a screenplay by Abe Sylvia, based on the 2000 documentary of the same name by Fenton Bailey and Randy Barbato of World of Wonder. The film tells the story of Tammy Faye Bakker, from her humble beginnings growing up in International Falls, Minnesota, through the rise and fall of her televangelism career and marriage to Jim Bakker. Cherry Jones and Vincent D'Onofrio also star. The film is produced by Chastain's production company, Freckle Films.",https://www.rottentomatoes.com/m/the_eyes_of_tammy_faye,"Released Jan 25, 2000",87.0,72.0,4,Medium
theeyesoftammyfaye,2021,"Jessica Chastain, Andrew Garfield, Cherry Jones, Vincent D'Onofrio","['Drama', 'Biography']","The Eyes of Tammy Faye is a 2021 American biographical drama film directed by Michael Showalter from a screenplay by Abe Sylvia, based on the 2000 documentary of the same name by Fenton Bailey and Randy Barbato of World of Wonder. The film tells the story of Tammy Faye Bakker, from her humble beginnings growing up in International Falls, Minnesota, through the rise and fall of her televangelism career and marriage to Jim Bakker. Cherry Jones and Vincent D'Onofrio also star. The film is produced by Chastain's production company, Freckle Films.",https://www.rottentomatoes.com/m/eyes_of_tammy_faye,"Released Jan 25, 2000",87.0,72.0,4,Medium
crymacho,2021,"Clint Eastwood, Dwight Yoakam, Eduardo Minett","['Drama', 'Western']","Cry Macho is a 2021 American neo-Western drama film directed and produced by Clint Eastwood and written by Nick Schenk and the late N. Richard Nash, based on Nash's 1975 novel. It stars Eastwood as a former rodeo star hired to reunite a young boy in Mexico with his father in the United States. There were many attempts to adapt Nash's novel into a film over the years. Most notably, Arnold Schwarzenegger came on board to star in 2011 but canceled after a scandal. In 2020, Eastwood's adaptation was announced; he produced the film with Albert S. Ruddy, Tim Moore, and Jessica Meier.",https://www.rottentomatoes.com/m/cry_macho,"Released Sep 17, 2021",57.0,64.0,3,Small
copshop,2021,"Gerard Butler, Frank Grillo, Alexis Louder, Toby Huss","['Action', 'Thriller']","Copshop is a 2021 American action thriller film directed by Joe Carnahan and written by Kurt McLeod and Carnahan, based on a story by McLeod and Mark Williams. The film stars Gerard Butler, Frank Grillo, and Alexis Louder, and is set in a small-town police station that becomes the battleground between a hitman, a novice police officer, and a con artist.",https://www.rottentomatoes.com/m/copshop,"Released Sep 17, 2021",82.0,74.0,4,Medium
bluebayou,2021,"Justin Chon, Alicia Vikander, Mark O'Brien, Linh Dan Pham, Sydney Kowalske, Vondie Curtis-Hall, Emory Cohen",['Drama'],"Blue Bayou is a 2021 American drama film written and directed by Justin Chon. The film stars Chon, Alicia Vikander, Mark O'Brien, Linh Dan Pham, Sydney Kowalske, Vondie Curtis-Hall and Emory Cohen.",https://www.rottentomatoes.com/m/blue_bayou,1990,,,7,Medium
prisonersoftheghostland,2021,"Nicolas Cage, Sofia Boutella, Bill Moseley, Nick Cassavetes, Tak Sakaguchi, Ed Skrein","['Horror', 'Western']","Prisoners of the Ghostland is a 2021 American horror Western film directed by Sion Sono, from a script by Aaron Hendry and Reza Sixo Safai. It stars Nicolas Cage, Sofia Boutella, and Bill Moseley. Its plot revolves around a notorious criminal, Hero, who is sent to rescue the governor's adopted granddaughter, who has disappeared into a dark region called Ghostland.",https://www.rottentomatoes.com/m/prisoners_of_the_ghostland,"Released Sep 17, 2021",61.0,51.0,6,Medium
bestsellers,2021,"Michael Caine, Aubrey Plaza, Scott Speedman, Ellen Wong, Veronica Ferres, Cary Elwes","['Comedy', 'Drama']","Best Sellers is a 2021 comedy-drama film directed by Lina Roessler and written by Anthony Grieco. It stars Michael Caine, Aubrey Plaza, Scott Speedman, Ellen Wong, Veronica Ferres, and Cary Elwes.",https://www.rottentomatoes.com/m/best_sellers,"Released Sep 17, 2021",53.0,52.0,6,Medium
ladyofthemanor,2021,"Melanie Lynskey, Judy Greer, Justin Long, Ryan Phillippe, Luis Guzmán",['Comedy'],"Lady of the Manor is a 2021 American buddy comedy film written and directed by brothers Justin Long and Christian Long in their directorial debuts. It stars Melanie Lynskey, Judy Greer, Justin Long, Ryan Phillippe, Luis Guzmán, and Patrick Duffy. The film premiered at the Gasparilla International Film Festival, and was released by Lionsgate on September 17, 2021.",https://www.rottentomatoes.com/m/lady_of_the_manor,"Released Sep 17, 2021",25.0,39.0,5,Medium
thenowhereinn,2021,"Annie Clark, Carrie Brownstein, Dakota Johnson","['Comedy', 'Thriller', 'Satire']","The Nowhere Inn is a 2020 American mockumentary psychological thriller-comedy film, directed by Bill Benz, from a screenplay by Annie Clark and Carrie Brownstein. It stars Clark, Brownstein, and Dakota Johnson.",https://www.rottentomatoes.com/m/the_nowhere_inn,"Released Sep 17, 2021",68.0,75.0,3,Small
thekillingofkennethchamberlain,2021,"Frankie Faison, Steve O'Connell, Enrico Natale, Ben Marten, LaRoyce Hawkins, Anika Noni Rose","['Drama', 'Thriller']","The Killing of Kenneth Chamberlain is a 2019 American thriller drama film written, produced and directed by David Midell and starring Frankie Faison as the real life titular character. It is based on the police shooting of Chamberlain that occurred on November 29, 2011, in White Plains, New York. Morgan Freeman and Lori McCreary serve as executive producers of the film.",https://www.rottentomatoes.com/m/the_killing_of_kenneth_chamberlain,"Released Sep 17, 2021",97.0,85.0,6,Medium
intrusion,2021,"Freida Pinto, Logan Marshall-Green, Robert John Burke",['Thriller'],"Intrusion is a 2021 American psychological thriller film directed by Adam Salky and written by Christopher Sparling, starring Freida Pinto and Logan Marshall-Green. It was released on September 22, 2021, by Netflix. It is about a couple who move from Boston to a small town in New Mexico to live a quieter life, only to find themselves the victims of a burglary and a deadly home invasion.",https://www.rottentomatoes.com/m/intrusion,2008,,,3,Small
mylittleponyanewgeneration,2021,"Vanessa Hudgens, Kimiko Glenn, James Marsden, Sofia Carson, Liza Koshy, Ken Jeong, Elizabeth Perkins, Jane Krakowski, Michael McKean, Phil LaMarr","['Animated', 'Comedy', 'Fantasy']","My Little Pony: A New Generation is a 2021 computer-animated fantasy comedy film directed by Robert Cullen and José L. Ucha, co-directed by Mark Fattibene with Cecil Kramer and Peter Lewis as producers, and written by Gillian Berrow and Tim Sullivan from a story by Cullen, Ucha and Sullivan. Based on Hasbro's My Little Pony franchise, the film marks the start of the fifth incarnation of the franchise, which is set to serve as the official sequel to the previous generation, a first for the franchise.",https://www.rottentomatoes.com/m/my_little_pony_a_new_generation,2021,92.0,82.0,10,Medium
dearevanhansen,2021,"Ben Platt, Kaitlyn Dever, Amandla Stenberg, Nik Dodani, Colton Ryan, Danny Pino, Julianne Moore, Amy Adams",['Musical'],"Dear Evan Hansen is a 2021 American coming-of-age musical film directed by Stephen Chbosky from a screenplay by Steven Levenson, based on the stage musical of the same name by Levenson, Benj Pasek, and Justin Paul. Ben Platt plays the title role, reprising the performance that he originated on stage six years earlier. The ensemble cast also includes Kaitlyn Dever, Amandla Stenberg, Nik Dodani, Colton Ryan, Danny Pino, Julianne Moore, and Amy Adams.",https://www.rottentomatoes.com/m/dear_evan_hansen,"Released Sep 24, 2021",29.0,88.0,8,Medium
theguilty,2021,"Jake Gyllenhaal, Ethan Hawke, Riley Keough, Christina Vidal, Eli Goree, Da'Vine Joy Randolph, Paul Dano, Peter Sarsgaard","['Crime', 'Thriller']","The Guilty is a 2021 American crime thriller film directed and produced by Antoine Fuqua, from a screenplay by Nic Pizzolatto. A remake of the 2018 Danish film of the same name, the film stars Jake Gyllenhaal and Christina Vidal, with the voices of Ethan Hawke, Riley Keough, Eli Goree, Da'Vine Joy Randolph, Paul Dano, and Peter Sarsgaard.",https://www.rottentomatoes.com/m/guilty,2000,40.0,41.0,8,Medium
birdsofparadise,2021,"Kristine Froseth, Diana Silvers, Jacqueline Bisset, Stav Strashko","['Dance', 'Drama']","Birds of Paradise is a 2021 American dance drama film written and directed by Sarah Adina Smith, based upon the 2019 novel Bright Burning Stars by A.K. Small. It stars Kristine Frøseth, Diana Silvers, Caroline Goodall, Eva Lomby, and Jacqueline Bisset. It was released on September 24, 2021, by Amazon Studios.",https://www.rottentomatoes.com/m/birds_of_paradise,2008,,,4,Medium
afterwefell,2021,"Josephine Langford, Hero Fiennes Tiffin, Louise Lombard, Rob Estes, Arielle Kebbel, Chance Perdomo, Frances Turner, Kiana Madeira, Carter Jenkins, Stephen Moyer, Mira Sorvino","['Drama', 'Romance']","After We Fell is a 2021 American romantic drama film directed by Castille Landon, from a screenplay by Sharon Soboil. Based on the 2014 novel of the same name by Anna Todd, it serves as a sequel to After We Collided, and is the third installment overall in the After film series. Starring Josephine Langford and Hero Fiennes-Tiffin, reprising their roles as Tessa Young and Hardin Scott, respectively; the plot includes Tessa's preparations for a job in Seattle, the arrival of Tessa's father and revelations about Hardin's family, all of which threaten the couple's relationship. Louise Lombard, Rob Estes, Arielle Kebbel, Chance Perdomo, Frances Turner, Kiana Madeira, Carter Jenkins and Mira Sorvino appear in supporting roles.",https://www.rottentomatoes.com/m/after_we_fell,2021,8.0,37.0,11,Medium
venomlettherebecarnage,2021,"Tom Hardy, Michelle Williams, Naomie Harris, Reid Scott, Stephen Graham, Woody Harrelson",['Superhero'],"Venom: Let There Be Carnage is a 2021 American superhero film featuring the Marvel Comics character Venom, produced by Columbia Pictures in association with Marvel. Distributed by Sony Pictures Releasing, it is the second film in Sony's Spider-Man Universe and the sequel to Venom (2018). The film was directed by Andy Serkis from a screenplay by Kelly Marcel, based on a story she wrote with Tom Hardy, who stars as Eddie Brock and Venom alongside Michelle Williams, Naomie Harris, Reid Scott, Stephen Graham, and Woody Harrelson. In the film, Brock and the alien symbiote Venom must face serial killer Cletus Kasady (Harrelson) after he becomes the host of an offshoot of Venom named Carnage.",https://www.rottentomatoes.com/m/venom_let_there_be_carnage,"Released Oct 1, 2021",57.0,84.0,6,Medium
venomlettherebecarnage,2021,"Tom Hardy, Michelle Williams, Naomie Harris, Reid Scott, Stephen Graham, Woody Harrelson",['Superhero'],"Venom: Let There Be Carnage is a 2021 American superhero film featuring the Marvel Comics character Venom, produced by Columbia Pictures in association with Marvel. Distributed by Sony Pictures Releasing, it is the second film in Sony's Spider-Man Universe and the sequel to Venom (2018). The film was directed by Andy Serkis from a screenplay by Kelly Marcel, based on a story she wrote with Tom Hardy, who stars as Eddie Brock and Venom alongside Michelle Williams, Naomie Harris, Reid Scott, Stephen Graham, and Woody Harrelson. In the film, Brock and the alien symbiote Venom must face serial killer Cletus Kasady (Harrelson) after he becomes the host of an offshoot of Venom named Carnage.",https://www.rottentomatoes.com/m/venom_let_there_be_carnage,"Released Oct 1, 2021",57.0,84.0,6,Medium
themanysaintsofnewark,2021,"Alessandro Nivola, Michael Gandolfini, Leslie Odom Jr., Jon Bernthal, Corey Stoll, Billy Magnussen, Michela De Rossi, John Magaro, Ray Liotta, Vera Farmiga","['Crime', 'Drama']","The Many Saints of Newark is a 2021 American crime drama film directed by Alan Taylor and written by David Chase and Lawrence Konner. A prequel to Chase's HBO crime drama series The Sopranos, it takes place during the 1960s and 1970s in Newark, New Jersey. The film follows a violent gang war from the perspectives of mobster Dickie Moltisanti and his teenage nephew, Tony Soprano, in the midst of the city's 1967 riots. It stars Alessandro Nivola as Dickie and Michael Gandolfini as Tony, the character originated by his father in the series, with Leslie Odom Jr., Jon Bernthal, Corey Stoll, Billy Magnussen, Michela De Rossi, John Magaro, Ray Liotta, and Vera Farmiga in supporting roles.",https://www.rottentomatoes.com/m/the_many_saints_of_newark,"Released Oct 1, 2021",71.0,59.0,10,Medium
theaddamsfamily2,2021,"Oscar Isaac, Charlize Theron, Chloë Grace Moretz, Nick Kroll, Javon Walton, Wallace Shawn, Snoop Dogg, Bette Midler, Bill Hader","['Animated', 'Comedy', 'Supernatural']","The Addams Family 2 is a 2021 computer-animated supernatural black comedy road film directed by Greg Tiernan and Conrad Vernon, co-directed by Laura Brousseau and Kevin Pavlovic, written by Dan Hernandez, Benji Samit, Ben Queen, and Susanna Fogel with a story by Hernandez and Samit, and based on the characters created by Charles Addams. It is the sequel to the 2019 film The Addams Family and stars the voices of Oscar Isaac, Charlize Theron, Chloë Grace Moretz, Nick Kroll, Javon Walton, Wallace Shawn, Snoop Dogg, Bette Midler, and Bill Hader. It tells the story of the Addams family as they go on a road trip.",https://www.rottentomatoes.com/m/the_addams_family_2,"Released Oct 1, 2021",28.0,69.0,9,Medium
bingohell,2021,"L. Scott Caldwell, Adriana Barraza, Joshua Caleb Johnson","['Comedy', 'Horror']","Bingo Hell is a 2021 American comedy horror film directed by Gigi Saul Guerrero from a screenplay that she co-wrote with Shane McKenzie and Perry Blackshear. The film is the fifth installment in the anthological Welcome to the Blumhouse film series. The film stars Adriana Barraza, L. Scott Caldwell, and Joshua Caleb Johnson.",https://www.rottentomatoes.com/m/bingo_hell,2021,66.0,30.0,3,Small
blackasnight,2021,"Ashja Cooper, Theodus Crane, Kenneisha Thompson, Al Mitchell",['Horror'],"Black as Night is a 2021 American horror film written by Sherman Payne and directed by Maritte Lee Go. It stars Asjha Cooper, Frabizio Guido, Mason Beauchamp, Abbie Gayle, Craig Tate and Keith David. The film is the sixth installment in the anthological Welcome to the Blumhouse film series.",https://www.rottentomatoes.com/m/black_as_night,2021,70.0,31.0,4,Medium
oldhenry,2021,"Tim Blake Nelson, Scott Haze, Gavin Lewis, Trace Adkins, Stephen Dorff","['Action', 'Drama', 'Western']","Old Henry is a 2021 American western action drama film written and directed by Potsy Ponciroli. It stars Tim Blake Nelson as the titular character, a farmer who must protect his son from outlaws, with Scott Haze, Gavin Lewis, Trace Adkins, and Stephen Dorff in supporting roles. The film had its world premiere at the Venice Film Festival on September 7, 2021, and was theatrically released in the United States by Shout! Studios on October 1. It was critically acclaimed, with praise to the story, Ponciroli's direction, and Nelson's performance. The National Board of Review selected the film in its annual list of the Top Ten Independent Films of the year.",https://www.rottentomatoes.com/m/old_henry,"Released Oct 1, 2021",95.0,92.0,5,Medium
thejesusmusic,2021,"Amy Grant, Michael W. Smith, TobyMac, Kirk Franklin, Lauren Daigle",['Documentary'],"The Jesus Music is a 2021 American documentary film distributed by Lionsgate and directed by the Erwin brothers, detailing the history of contemporary Christian music as a musical and cultural phenomenon.",https://www.rottentomatoes.com/m/the_jesus_music,"Released Oct 1, 2021",63.0,97.0,5,Medium
mayday,2021,"Grace Van Patten, Mia Goth, Havana Rose Liu, Soko, Juliette Lewis","['Action', 'Drama']","Mayday is a 2021 American action drama film, written and directed by Karen Cinorre, in her directorial debut. It stars Grace Van Patten, Mia Goth, Juliette Lewis, Soko and Havana Rose Liu. It had its world premiere at the 2021 Sundance Film Festival on January 31, 2021.",https://www.rottentomatoes.com/m/mayday,2005,,43.0,5,Medium
godsnotdeadwethepeople,2021,"David A. R. White, Antonio Sabàto Jr., Francesca Battistelli, William Forsythe, Isaiah Washington, Jeanine Pirro",['Drama'],"God's Not Dead: We the People is a 2021 American Christian drama film directed by Vance Null, with a script written by Tommy Blaze, from an original story co-authored by Cary Solomon and Chuck Konzelman. The sequel to God's Not Dead: A Light in Darkness and the fourth installment in the God's Not Dead series, the plot centers around Rev. David ""Dave"" Hill's role in presenting a case for God before Congress. The film was released on October 4, 2021, in a three-night theatrical engagement, and grossed over $1.1 million in the domestic box office.",https://www.rottentomatoes.com/m/gods_not_dead_we_the_people,"Released Oct 4, 2021",,100.0,6,Medium
theressomeoneinsideyourhouse,2021,"Sydney Park, Theodore Pellerin, Asjha Cooper, Jesse LaTourette, Diego Josef",['Slasher'],"There's Someone Inside Your House is a 2021 American slasher film directed by Patrick Brice and written by Henry Gayden. It is an adaptation of the 2017 novel of the same name by Stephanie Perkins and stars Sydney Park, Théodore Pellerin, Asjha Cooper, Jesse LaTourette, and Diego Josef. The plot follows Makani Young (Park), a senior transfer student from Hawaii who finds herself in the center of gruesome murder cases in her newly acquainted town of Osborne, Nebraska.",https://www.rottentomatoes.com/m/theres_someone_inside_your_house,2021,47.0,17.0,5,Medium
notimetodie,2021,"Daniel Craig, Rami Malek, Léa Seydoux, Lashana Lynch, Ben Whishaw, Naomie Harris, Billy Magnussen, Ana de Armas, David Dencik, Jeffrey Wright, Christoph Waltz, Ralph Fiennes",['Spy'],"No Time to Die is a 2021 spy film and the twenty-fifth in the James Bond series produced by Eon Productions, starring Daniel Craig in his fifth and final portrayal of fictional British MI6 agent James Bond. It was directed by Cary Joji Fukunaga from a screenplay by Neal Purvis, Robert Wade, Fukunaga and Phoebe Waller-Bridge. Léa Seydoux, Ben Whishaw, Naomie Harris, Jeffrey Wright, Christoph Waltz, Rory Kinnear and Ralph Fiennes reprise their roles from previous films, with Rami Malek, Lashana Lynch, Billy Magnussen, Ana de Armas, David Dencik and Dali Benssalah also starring. In No Time to Die, Bond has left active service with MI6 and is recruited by the CIA to find a kidnapped scientist, which leads to a showdown with a powerful adversary.",https://www.rottentomatoes.com/m/no_time_to_die,1985,,,12,Medium
notimetodie,2021,"Daniel Craig, Rami Malek, Léa Seydoux, Lashana Lynch, Ben Whishaw, Naomie Harris, Billy Magnussen, Ana de Armas, David Dencik, Jeffrey Wright, Christoph Waltz, Ralph Fiennes",['Spy'],"No Time to Die is a 2021 spy film and the twenty-fifth in the James Bond series produced by Eon Productions, starring Daniel Craig in his fifth and final portrayal of fictional British MI6 agent James Bond. It was directed by Cary Joji Fukunaga from a screenplay by Neal Purvis, Robert Wade, Fukunaga and Phoebe Waller-Bridge. Léa Seydoux, Ben Whishaw, Naomie Harris, Jeffrey Wright, Christoph Waltz, Rory Kinnear and Ralph Fiennes reprise their roles from previous films, with Rami Malek, Lashana Lynch, Billy Magnussen, Ana de Armas, David Dencik and Dali Benssalah also starring. In No Time to Die, Bond has left active service with MI6 and is recruited by the CIA to find a kidnapped scientist, which leads to a showdown with a powerful adversary.",https://www.rottentomatoes.com/m/no_time_to_die,1985,,,12,Medium
mass,2021,"Reed Birney, Ann Dowd, Jason Isaacs, Martha Plimpton",['Drama'],"Mass is a 2021 American drama film written and directed by Fran Kranz in his directorial debut. It stars Reed Birney, Ann Dowd, Jason Isaacs, and Martha Plimpton as grieving parents who meet to discuss a tragedy involving their sons. The film had its world premiere at the 2021 Sundance Film Festival on January 30, 2021, and was released on October 8, 2021, by Bleecker Street. At the BAFTA Awards, Dowd received a nomination for Best Actress in a Supporting Role.",https://www.rottentomatoes.com/m/mass,2004,,50.0,4,Medium
southofheaven,2021,"Jason Sudeikis, Evangeline Lilly, Shea Whigham, Mike Colter",['Crime'],South of Heaven is a 2021 American crime film directed by Aharon Keshales and starring Jason Sudeikis and Evangeline Lilly.,https://www.rottentomatoes.com/m/south_of_heaven,2008,,55.0,4,Medium
themanor,2021,"screenwriter), Barbara Hershey, Bruce Davison, Stacey Travis, Ciera Payton, Jill Larson, Mark Steger","['Horror', 'Supernatural']","The Manor is a 2021 American gothic supernatural horror film written and directed by Axelle Carolyn. The film stars Barbara Hershey, Bruce Davison, Stacey Travis, Ciera Payton, Jill Larson and Mark Steger.",https://www.rottentomatoes.com/m/the_manor,2013,89.0,57.0,7,Medium
madres,2021,"Elpidia Carrillo, Tenoch Huerta",['Horror'],"Madres is a 2021 American horror film written by Mario Miscione and Marcella Ochoa directed by Ryan Zaragoza. It stars Ariana Guerra, Tenoch Huerta, Elpidia Carrillo, Kerry Cahill, Jennifer Patino, Britton Webb, and Evelyn Gonzalez. The film is the seventh installment in the anthological Welcome to the Blumhouse film series.",https://www.rottentomatoes.com/m/madres,2007,,,2,Small
justinbieberourworld,2021,"Justin Bieber, Hailey Bieber","['Documentary', 'Performance']","Justin Bieber: Our World is a 2021 American documentary film centering on Canadian singer Justin Bieber as he prepares for his first full concert in three years, directed by Michael D. Ratner. It was released on Amazon Prime Video on October 8, 2021. At the 65th Annual Grammy Awards ""Justin Bieber: Our world"" received a nomination for Best Music Film",https://www.rottentomatoes.com/m/justin_bieber_our_world,2021,57.0,86.0,2,Small
survivethegame,2021,"Chad Michael Murray, Bruce Willis","['Action', 'Thriller']","Survive the Game is a 2021 American action thriller film directed by James Cullen Bressack, and starring Bruce Willis and Chad Michael Murray.",https://www.rottentomatoes.com/m/survive_the_game,"Released Oct 8, 2021",14.0,69.0,2,Small
halloweenkills,2021,"Jamie Lee Curtis, Judy Greer, Andi Matichak, Will Patton, Thomas Mann, Anthony Michael Hall",['Slasher'],"Halloween Kills is a 2021 American slasher film directed by David Gordon Green and co-written by Green, Danny McBride and Scott Teems. It is the sequel to 2018's Halloween and the twelfth installment in the Halloween franchise. The film stars Jamie Lee Curtis and James Jude Courtney, who reprise their roles as Laurie Strode and Michael Myers respectively. Judy Greer, Andi Matichak, and Will Patton also reprise their roles from the previous film, with Anthony Michael Hall and Thomas Mann joining the cast. The film, which begins where the previous film ended, sees Strode and her family continuing to fend off Myers, this time with the help of the Haddonfield community.",https://www.rottentomatoes.com/m/halloween_kills,"Released Oct 15, 2021",39.0,66.0,6,Medium
thelastduel,2021,"Matt Damon, Adam Driver, Jodie Comer, Ben Affleck","['Action', 'Drama', 'Historical']","The Last Duel is a 2021 historical action drama film directed by Ridley Scott from a screenplay by Nicole Holofcener, Ben Affleck, and Matt Damon, based on the 2004 book The Last Duel: A True Story of Crime, Scandal, and Trial by Combat in Medieval France by Eric Jager. Set in medieval France, the film stars Damon as Jean de Carrouges, a knight who challenges his former friend, squire Jacques Le Gris to a judicial duel after Jean's wife, Marguerite, accuses Jacques of raping her. The events leading up to the duel are divided into three distinct chapters, reflecting the contradictory perspectives of the three main characters. Affleck also stars in a supporting role as Count Pierre d'Alençon.",https://www.rottentomatoes.com/m/the_last_duel,1989,,,4,Medium
needleinatimestack,2021,"Leslie Odom Jr., Freida Pinto, Cynthia Erivo, Orlando Bloom","['Science Fiction', 'Romance']","Needle in a Timestack is a 2021 American romantic science fiction film written and directed by John Ridley, based on the short story of the same name by Robert Silverberg. The film stars Leslie Odom Jr., Freida Pinto, Cynthia Erivo, Orlando Bloom, and Jadyn Wong.",https://www.rottentomatoes.com/m/needle_in_a_timestack,"Released Oct 15, 2021",38.0,50.0,4,Medium
hardlucklovesong,2021,"Michael Dorman, Sophia Bush, Dermot Mulroney, Eric Roberts, Brian Sacca, Melora Walters, RZA","['Drama', 'Romance']","Hard Luck Love Song is a 2020 American romantic drama film directed by Justin Corsbie in his feature directorial debut and starring Michael Dorman, Sophia Bush, Dermot Mulroney, Eric Roberts, Brian Sacca, Melora Walters and RZA. It is based on the song ""Just Like Old Times"" by Todd Snider.",https://www.rottentomatoes.com/m/hard_luck_love_song,"Released Oct 15, 2021",37.0,89.0,7,Medium
introducingselmablair,2021,Selma Blair,['Documentary'],"Introducing, Selma Blair is a 2021 American documentary film, directed by Rachel Fleit. It follows Selma Blair, adapting to new ways of living after revealing her multiple sclerosis diagnosis.",https://www.rottentomatoes.com/m/introducing_selma_blair,"Released Oct 15, 2021",100.0,71.0,1,Small
nightteeth,2021,"Jorge Lendeborg Jr., Debby Ryan, Lucy Fry, Alfie Allen, Raúl Castillo, Alexander Ludwig",['Thriller'],"Night Teeth is a 2021 American vampire thriller film directed by Adam Randall from a screenplay by Brent Dillon. The film stars Jorge Lendeborg Jr., Debby Ryan, Lucy Fry, Raul Castillo, Sydney Sweeney, Megan Fox, and Alfie Allen.",https://www.rottentomatoes.com/m/night_teeth,2021,37.0,48.0,6,Medium
ronsgonewrong,2021,"Zach Galifianakis, Jack Dylan Grazer, Ed Helms, Justice Smith, Rob Delaney, Kylie Cantrall, Ricardo Hurtado, Olivia Colman","['Animated', 'Comedy', 'Science Fiction']","Ron's Gone Wrong is a 2021 British-American computer-animated science fiction comedy film directed by Sarah Smith and Jean-Philippe Vine, co-directed by Octavio E. Rodriguez and written by Peter Baynham and Smith. The film features the voice of Jack Dylan Grazer as Barney, a socially awkward middle-schooler who befriends a defective robot he names Ron, voiced by Zach Galifianakis. Barney must find a way to protect Ron, who comes under danger from corporate employees. Additional voices include Ed Helms, Justice Smith, Rob Delaney, Kylie Cantrall, Ricardo Hurtado, and Olivia Colman.",https://www.rottentomatoes.com/m/rons_gone_wrong,"Released Oct 22, 2021",81.0,94.0,8,Medium
thefrenchdispatch,2021,"Benicio del Toro, Adrien Brody, Tilda Swinton, Léa Seydoux, Frances McDormand, Timothée Chalamet, Lyna Khoudri, Jeffrey Wright, Mathieu Amalric, Stephen Park, Bill Murray, Owen Wilson","['Comedy', 'Drama']","The French Dispatch of the Liberty, Kansas Evening Sun, or simply The French Dispatch, is a 2021 American anthology comedy drama film written, directed, and produced by Wes Anderson from a story he conceived with Roman Coppola, Hugo Guinness, and Jason Schwartzman. It features an expansive ensemble cast and follows three different storylines as the French foreign bureau of the fictional Liberty, Kansas Evening Sun newspaper publishes its final issue.",https://www.rottentomatoes.com/m/the_french_dispatch,"Released Oct 29, 2021",75.0,76.0,12,Medium
thehardertheyfall,2021,"Jonathan Majors, Idris Elba, Zazie Beetz, Regina King, Delroy Lindo, Lakeith Stanfield, RJ Cyler, Danielle Deadwyler, Edi Gathegi, Deon Cole",['Western'],"The Harder They Fall is a 2021 American Western film directed by Jeymes Samuel, who co-wrote the screenplay with Boaz Yakin. The film stars Jonathan Majors, Idris Elba, Zazie Beetz, Regina King, Delroy Lindo, Lakeith Stanfield, RJ Cyler, Danielle Deadwyler, Edi Gathegi, and Deon Cole. It is one of few Westerns whose principal cast members are all black. Its characters are loosely based on real cowboys, lawmen, and outlaws of the nineteenth-century American West.",https://www.rottentomatoes.com/m/the_harder_they_fall,"Released Oct 22, 2021",88.0,93.0,10,Medium
theelectricallifeoflouiswain,2021,"Benedict Cumberbatch, Claire Foy, Andrea Riseborough, Toby Jones, Olivia Colman","['Comedy', 'Drama', 'Biography']","The Electrical Life of Louis Wain is a 2021 biographical comedy-drama film directed by Will Sharpe, from a story by Simon Stephenson, and screenplay by Stephenson and Sharpe. The film stars Benedict Cumberbatch, Claire Foy, Andrea Riseborough and Toby Jones.",https://www.rottentomatoes.com/m/the_electrical_life_of_louis_wain,"Released Oct 22, 2021",69.0,71.0,5,Medium
warning,2021,"Alex Pettyfer, Alice Eve, Annabelle Wallis, Benedict Samuel, Charlotte Le Bon, Thomas Jane","['Science Fiction', 'Thriller']","Warning is a 2021 science fiction thriller film directed by Agata Alexander in her directorial debut, from a screenplay by Alexander, Jason Kaye and Rob Michaelson. It stars Alex Pettyfer, Alice Eve, Annabelle Wallis, Benedict Samuel, Charlotte Le Bon, Thomas Jane, Patrick Schwarzenegger, Rupert Everett, Tomasz Kot, Kylie Bunbury and Garance Marillier. The film premiered at the 2021 Sitges Film Festival.",https://www.rottentomatoes.com/m/warning,2013,,29.0,6,Medium
hypnotic,2021,"Kate Siegel, Jason O'Mara, Dulé Hill",['Thriller'],"Hypnotic is a 2021 American thriller film directed by Matt Angel and Suzanne Coote, written by Richard D'Ovidio and starring Kate Siegel, Jason O'Mara, and Dulé Hill. It was released on October 27, 2021, by Netflix.",https://www.rottentomatoes.com/m/hypnotic,2021,24.0,24.0,3,Small
hypnotic,2021,"Kate Siegel, Jason O'Mara, Dulé Hill",['Thriller'],"Hypnotic is a 2021 American thriller film directed by Matt Angel and Suzanne Coote, written by Richard D'Ovidio and starring Kate Siegel, Jason O'Mara, and Dulé Hill. It was released on October 27, 2021, by Netflix.",https://www.rottentomatoes.com/m/hypnotic,2021,24.0,24.0,3,Small
antlers,2021,"Keri Russell, Jesse Plemons, Jeremy T. Thomas, Graham Greene, Scott Haze, Rory Cochrane, Amy Madigan","['Horror', 'Supernatural']","Antlers is a 2021 supernatural horror film directed by Scott Cooper, and starring Keri Russell, Jesse Plemons, Jeremy T. Thomas, Graham Greene, Scott Haze, Rory Cochrane, and Amy Madigan. The screenplay was adapted from Nick Antosca's short story ""The Quiet Boy"". The film follows a school teacher who suspects one of her students is suffering from personal problems in his home life, not knowing that he is harboring an evil demon in his house.",https://www.rottentomatoes.com/m/antlers,"Released Oct 29, 2021",59.0,67.0,7,Medium
armyofthieves,2021,"Matthias Schweighöfer, Nathalie Emmanuel, Ruby O. Fee, Stuart Martin, Guz Khan, Jonathan Cohen","['Comedy', 'Action']","Army of Thieves is a 2021 heist comedy film directed by Matthias Schweighöfer from a screenplay by Shay Hatten, based on a story he wrote with Zack Snyder. A prequel to Army of the Dead (2021), it is the second installment in the Army of the Dead franchise; the film stars Schweighöfer, who reprises his role as Ludwig Dieter, alongside a supporting cast that includes Nathalie Emmanuel, Ruby O. Fee, Stuart Martin, Guz Khan, and Jonathan Cohen. Filming began in Germany and the Czech Republic in October 2020, and concluded by December 2020.",https://www.rottentomatoes.com/m/army_of_thieves,2021,69.0,69.0,6,Medium
amouthfulofair,2021,"Amanda Seyfried, Finn Wittrock, Jennifer Carpenter, Michael Gaston, Amy Irving, Paul Giamatti",['Drama'],"A Mouthful of Air is a 2021 American psychological drama film written, directed and produced by Amy Koppelman, based on her 2003 novel of the same name. It stars Amanda Seyfried, Finn Wittrock, Jennifer Carpenter, Michael Gaston, Amy Irving, and Paul Giamatti.",https://www.rottentomatoes.com/m/a_mouthful_of_air,"Released Oct 29, 2021",68.0,80.0,6,Medium
thesouvenirpartii,2021,"Honor Swinton Byrne, Jaygann Ayeh, Richard Ayoade, Ariane Labed, James Spencer Ashworth, Harris Dickinson, Charlie Heaton, Joe Alwyn, Tilda Swinton",['Drama'],"The Souvenir Part II is a 2021 drama film, written and directed by Joanna Hogg. It is a sequel to The Souvenir (2019). It stars Honor Swinton Byrne, Jaygann Ayeh, Richard Ayoade, James Spencer Ashworth, Harris Dickinson, Charlie Heaton, Joe Alwyn, and Tilda Swinton.",https://www.rottentomatoes.com/m/the_souvenir_part_ii,"Released Oct 29, 2021",90.0,86.0,9,Medium
paranormalactivitynextofkin,2021,"Emily Bader, Roland Buck III, Dan Lippert, Henry Ayres-Brown","['Found Footage', 'Horror', 'Supernatural']","Paranormal Activity: Next of Kin is a 2021 American found footage supernatural horror film directed by William Eubank, written by Christopher Landon, and produced by Jason Blum and Oren Peli. Serving as the seventh installment of the Paranormal Activity series, the film stars Emily Bader, Roland Buck III, Dan Lippert, Henry Ayres-Brown, and Tom Nowicki, and follows a group who attempt to make a documentary on an Amish community, only for them to discover the horrific secrets the town holds.",https://www.rottentomatoes.com/m/paranormal_activity_next_of_kin,2021,30.0,37.0,4,Medium
thespineofnight,2021,"Richard E. Grant, Lucy Lawless, Patton Oswalt, Betty Gabriel, Joe Manganiello","['Animated', 'Fantasy', 'Horror', 'Erotic']","The Spine of Night is a 2021 American adult animated dark fantasy horror film written and directed by Philip Gelatt and Morgan Galen King. It stars Richard E. Grant, Lucy Lawless, Patton Oswalt, Betty Gabriel, and Joe Manganiello.",https://www.rottentomatoes.com/m/the_spine_of_night,"Released Oct 29, 2021",80.0,62.0,5,Medium
violet,2021,"Olivia Munn, Luke Bracey, Justin Theroux",['Drama'],"Violet is a 2021 American drama film written, directed, and co-produced by Justine Bateman in her feature film directorial debut. It stars Olivia Munn, Luke Bracey and Justin Theroux.",https://www.rottentomatoes.com/m/violet,2000,,,3,Small
heartofchampions,2021,"Michael Shannon, Alexander Ludwig, Charles Melton",['Drama'],"Heart of Champions is a 2021 American drama film directed by Michael Mailer, from a screenplay by Vojin Gjaja. It stars Michael Shannon, Alexander Ludwig, Charles Melton, David James Elliott and Ash Santos.",https://www.rottentomatoes.com/m/heart_of_champions,"Released Oct 29, 2021",29.0,75.0,3,Small
eternals,2021,"Gemma Chan, Richard Madden, Kumail Nanjiani, Lia McHugh, Brian Tyree Henry, Lauren Ridloff, Barry Keoghan, Don Lee, Harish Patel, Bill Skarsgård, Kit Harington, Salma Hayek, Angelina Jolie",['Superhero'],"Eternals is a 2021 American superhero film based on the Marvel Comics race of the same name. Produced by Marvel Studios and distributed by Walt Disney Studios Motion Pictures, it is the 26th film in the Marvel Cinematic Universe (MCU). The film is directed by Chloé Zhao, who wrote the screenplay with Patrick Burleigh, Ryan Firpo, and Kaz Firpo. It stars an ensemble cast including Gemma Chan, Richard Madden, Kumail Nanjiani, Lia McHugh, Brian Tyree Henry, Lauren Ridloff, Barry Keoghan, Don Lee, Kit Harington, Salma Hayek, and Angelina Jolie. In the film, the Eternals, immortal alien beings, emerge from hiding after thousands of years to protect Earth from their ancient counterparts, the Deviants.",https://www.rottentomatoes.com/m/eternals,"Released Nov 5, 2021",47.0,77.0,13,Medium
eternals,2021,"Gemma Chan, Richard Madden, Kumail Nanjiani, Lia McHugh, Brian Tyree Henry, Lauren Ridloff, Barry Keoghan, Don Lee, Harish Patel, Bill Skarsgård, Kit Harington, Salma Hayek, Angelina Jolie",['Superhero'],"Eternals is a 2021 American superhero film based on the Marvel Comics race of the same name. Produced by Marvel Studios and distributed by Walt Disney Studios Motion Pictures, it is the 26th film in the Marvel Cinematic Universe (MCU). The film is directed by Chloé Zhao, who wrote the screenplay with Patrick Burleigh, Ryan Firpo, and Kaz Firpo. It stars an ensemble cast including Gemma Chan, Richard Madden, Kumail Nanjiani, Lia McHugh, Brian Tyree Henry, Lauren Ridloff, Barry Keoghan, Don Lee, Kit Harington, Salma Hayek, and Angelina Jolie. In the film, the Eternals, immortal alien beings, emerge from hiding after thousands of years to protect Earth from their ancient counterparts, the Deviants.",https://www.rottentomatoes.com/m/eternals,"Released Nov 5, 2021",47.0,77.0,13,Medium
rednotice,2021,"Dwayne Johnson, Ryan Reynolds, Gal Gadot, Chris Diamantopoulos, Ritu Arya","['Action', 'Comedy']","Red Notice is a 2021 American action comedy film written and directed by Rawson Marshall Thurber starring Dwayne Johnson alongside Ryan Reynolds and Gal Gadot and Ritu Arya. It marks the third collaboration between Thurber and Johnson, following Central Intelligence (2016) and Skyscraper (2018). In the film, an FBI agent reluctantly teams up with a renowned art robber in order to catch an even more notorious robber.",https://www.rottentomatoes.com/m/red_notice,"Released Nov 5, 2021",36.0,92.0,5,Medium
dangerous,2021,"Mel Gibson, Scott Eastwood, Tyrese Gibson, Famke Janssen, Kevin Durand","['Action', 'Thriller']","Dangerous is a 2021 action thriller film directed by David Hackl and starring Scott Eastwood, Tyrese Gibson, Famke Janssen, Kevin Durand, and Mel Gibson. The film was released on November 5, 2021. It was David Hackl's fifth film as director. Dangerous was produced by Kevin DeWalt, Ben DeWalt and Doug Falconer under the banners of Mind's Eye Entertainment and Falconer Pictures; and marks the last film of Falconer as a producer - he suddenly died in July 2021 before the release of the film. The film was distributed in the United States and the United Kingdom by Lionsgate. It received negative reviews from critics for its plot and action.",https://www.rottentomatoes.com/m/dangerous,"Released Nov 5, 2021",29.0,68.0,5,Medium
lovehard,2021,"Nina Dobrev, Jimmy O. Yang, Darren Barnet","['Comedy', 'Romance']","Love Hard is a 2021 American romantic comedy film directed by Hernán Jiménez and written by Danny Mackey and Rebecca Ewing. Starring Nina Dobrev, Jimmy O. Yang and Darren Barnet, it is about a young woman who travels to her online crush's hometown for Christmas but discovers she's been catfished. It was produced by Wonderland Sound and Vision and filmed in Vancouver from October to November 2020. It released by Netflix on November 5, 2021.",https://www.rottentomatoes.com/m/love_hard,2021,52.0,90.0,3,Small
thebetatest,2021,"Jim Cummings, Virginia Newcomb, PJ McCabe, Jessie Barr","['Comedy', 'Thriller']",The Beta Test is a 2021 dark comedy thriller film written and directed by Jim Cummings and PJ McCabe. It follows a talent agent whose life is turned upside-down after taking part in a secret sex pact; Cummings and McCabe star alongside Virginia Newcomb and Jessie Barr.,https://www.rottentomatoes.com/m/the_beta_test,"Released Nov 5, 2021",92.0,,4,Medium
cliffordthebigreddog,2021,"Jack Whitehall, Darby Camp, Tony Hale, Sienna Guillory, David Alan Grier, Russell Wong, Kenan Thompson, John Cleese","['Action', 'Animated', 'Comedy', 'Fantasy', 'Family']","Clifford the Big Red Dog is a 2021 live-action animated fantasy comedy film directed by Walt Becker from a screenplay by Blaise Hemingway and the writing team of Jay Scherick and David Ronn, and a story by Justin Malen and Ellen Rapoport, based on the children's book series of the same name by Norman Bridwell. The film stars Jack Whitehall, Darby Camp, Tony Hale, Sienna Guillory, David Alan Grier, Russell Wong, Izaac Wang, Kenan Thompson and John Cleese.",https://www.rottentomatoes.com/m/clifford_the_big_red_dog,"Released Nov 10, 2021",58.0,94.0,8,Medium
ticktickboom,2021,"Andrew Garfield, Alexandra Shipp, Robin de Jesús, Joshua Henry, Judith Light, Vanessa Hudgens, Bradley Whitford","['Musical', 'Biography']","Tick, Tick... Boom! is a 2021 American biographical musical film directed by Lin-Manuel Miranda in his feature directorial debut. Written by Steven Levenson, who also serves as an executive producer, it is based on the stage musical of the same name by Jonathan Larson, a semi-autobiographical story about Larson writing a musical to enter into the theater industry. The film stars Andrew Garfield as Larson, alongside Robin de Jesús, Alexandra Shipp, Joshua Henry, Judith Light, and Vanessa Hudgens.",https://www.rottentomatoes.com/m/tick_tick_boom,"Released Nov 12, 2021",87.0,96.0,7,Medium
homesweethomealone,2021,"Ellie Kemper, Rob Delaney, Archie Yates, Aisling Bea, Pete Holmes, Kenan Thompson, Ally Maki, Chris Parnell",['Comedy'],"Home Sweet Home Alone is a 2021 American Christmas comedy film directed by Dan Mazer, written by Mikey Day and Streeter Seidell, and starring Ellie Kemper, Rob Delaney, Archie Yates, Aisling Bea, Kenan Thompson, Pete Holmes, Ally Maki, and Chris Parnell. The sixth film in the Home Alone franchise, Home Sweet Home Alone was produced by 20th Century Studios as an original title for Disney+, the first 20th Century Studios film to be produced for the streaming service. The film was announced after The Walt Disney Company acquired 21st Century Fox and inherited the rights to the Home Alone franchise.",https://www.rottentomatoes.com/m/home_sweet_home_alone,2021,15.0,12.0,8,Medium
apex,2021,"Neal McDonough, Bruce Willis","['Action', 'Science Fiction', 'War']","Apex, titled Apex Predator in the UK, is a 2021 American science fiction action film directed by Edward John Drake and written by John Drake and Corey William Large. It stars Neal McDonough and Bruce Willis and was released on November 12, 2021.",https://www.rottentomatoes.com/m/apex,1994,,23.0,2,Small
thepowerofthedog,2021,"Benedict Cumberbatch, Kirsten Dunst, Jesse Plemons, Kodi Smit-McPhee, Thomasin McKenzie, Genevieve Lemon, Keith Carradine, Frances Conroy","['Drama', 'Western']","The Power of the Dog is a 2021 revisionist Western psychological drama film written and directed by Jane Campion. It is based on Thomas Savage's 1967 novel of the same title. The film stars Benedict Cumberbatch, Kirsten Dunst, Jesse Plemons, and Kodi Smit-McPhee. Set in Montana and shot mostly within rural Otago, the film is an international co-production among New Zealand, the United Kingdom, Canada, and Australia.",https://www.rottentomatoes.com/m/the_power_of_the_dog,"Released Nov 17, 2021",94.0,76.0,8,Medium
bruised,2021,"Halle Berry, Shamier Anderson, Adan Canto, Sheila Atim, Valentina Shevchenko, Stephen McKinley Henderson","['Drama', 'Sports']","Bruised is a 2020 sports drama film starring and directed by Halle Berry in her directorial debut, who also served as the producer. It co-stars Shamier Anderson, Adan Canto, Sheila Atim, Stephen McKinley Henderson and Adriane Lenox. The screenplay was written by Michelle Rosenfarb.",https://www.rottentomatoes.com/m/bruised,"Released Nov 17, 2021",50.0,56.0,6,Medium
theprincessswitch3romancingthestar,2021,"Vanessa Hudgens, Sam Palladio, Nick Sagar","['Comedy', 'Romance']","The Princess Switch 3: Romancing the Star is a 2021 American Christmas romantic comedy film directed by Mike Rohl and written by Robin Bernheim Burger, based on the characters created by Burger and Megan Metzger. The third film in The Princess Switch franchise, stars Vanessa Hudgens, Sam Palladio, Suanne Braun, Nick Sagar and Hazel Beattie. The story follows Margaret Delacourt, Queen of Montenaro, Stacy Juliette DeNovo Wyndham, Princess of Belgravia and Lady Fiona Pembroke, Margaret’s cousin. When a priceless Christmas relic is stolen, the trio come together and track down a mysterious jewel thief.",https://www.rottentomatoes.com/m/the_princess_switch_3_romancing_the_star,2021,53.0,41.0,3,Small
ghostbustersafterlife,2021,"Carrie Coon, Finn Wolfhard, Mckenna Grace, Paul Rudd, Logan Kim, Celeste O'Connor, Bill Murray, Dan Aykroyd, Ernie Hudson, Sigourney Weaver, Annie Potts","['Comedy', 'Supernatural']","Ghostbusters: Afterlife is a 2021 American supernatural comedy film directed by Jason Reitman from a screenplay he co-wrote with Gil Kenan. It is the sequel to Ghostbusters (1984) and Ghostbusters II (1989), and the fourth film in the Ghostbusters franchise. The film stars Carrie Coon, Finn Wolfhard, Mckenna Grace, and Paul Rudd, alongside Bill Murray, Dan Aykroyd, Ernie Hudson, Annie Potts, and Sigourney Weaver reprising their characters from the earlier films. Set 32 years after the events of Ghostbusters II, it follows a single mother and her children who move to an Oklahoma farm they inherited from her estranged father Egon Spengler, a member of the original Ghostbusters.",https://www.rottentomatoes.com/m/ghostbusters_afterlife,"Released Nov 19, 2021",63.0,94.0,11,Medium
ghostbustersafterlife,2021,"Carrie Coon, Finn Wolfhard, Mckenna Grace, Paul Rudd, Logan Kim, Celeste O'Connor, Bill Murray, Dan Aykroyd, Ernie Hudson, Sigourney Weaver, Annie Potts","['Comedy', 'Supernatural']","Ghostbusters: Afterlife is a 2021 American supernatural comedy film directed by Jason Reitman from a screenplay he co-wrote with Gil Kenan. It is the sequel to Ghostbusters (1984) and Ghostbusters II (1989), and the fourth film in the Ghostbusters franchise. The film stars Carrie Coon, Finn Wolfhard, Mckenna Grace, and Paul Rudd, alongside Bill Murray, Dan Aykroyd, Ernie Hudson, Annie Potts, and Sigourney Weaver reprising their characters from the earlier films. Set 32 years after the events of Ghostbusters II, it follows a single mother and her children who move to an Oklahoma farm they inherited from her estranged father Egon Spengler, a member of the original Ghostbusters.",https://www.rottentomatoes.com/m/ghostbusters_afterlife,"Released Nov 19, 2021",63.0,94.0,11,Medium
kingrichard,2021,"Will Smith, Aunjanue Ellis, Saniyya Sidney, Demi Singleton, Tony Goldwyn, Jon Bernthal, Dylan McDermott","['Drama', 'Sports', 'Biography']","King Richard is a 2021 American biographical sports drama film directed by Reinaldo Marcus Green and written by Zach Baylin. The film stars Will Smith as Richard Williams, the father and coach of famed tennis players Venus and Serena Williams, with Aunjanue Ellis, Saniyya Sidney, Demi Singleton, Tony Goldwyn, and Jon Bernthal in supporting roles.",https://www.rottentomatoes.com/m/king_richard,"Released Nov 19, 2021",90.0,98.0,7,Medium
extinct,2021,"Adam DeVine, Rachel Bloom, Zazie Beetz, Ken Jeong, Jim Jefferies, Catherine O'Hara, Tom Hollander, Reggie Watts, Henry Winkler, Benedict Wong, Nick Frost, Alex Borstein","['Animated', 'Comedy', 'Science Fiction']","Extinct is a 2021 computer-animated science fiction comedy film directed by David Silverman, and co-directed by Raymond S. Persi, from a screenplay by Joel Cohen, John Frink, and Rob LaZebnik. It features the voices of Rachel Bloom, Adam Devine, Zazie Beetz, Ken Jeong, Catherine O'Hara, Benedict Wong, Reggie Watts, and Jim Jefferies in a story following two flummels, an extinct bunny-like species with giant holes in the center, that find themselves transported from their island home in the year 1835 to modern day Shanghai.",https://www.rottentomatoes.com/m/extinct,2021,43.0,41.0,12,Medium
cmoncmon,2021,"Joaquin Phoenix, Gaby Hoffmann, Woody Norman, Scoot McNairy, Molly Webster, Jaboukie Young-White",['Drama'],"C'mon C'mon is a 2021 American black-and-white drama film written and directed by Mike Mills, and starring Joaquin Phoenix, Gaby Hoffmann, Scoot McNairy, Molly Webster, Jaboukie Young-White, and Woody Norman. It had its world premiere at the 48th Telluride Film Festival on September 2, 2021, and was given a limited theatrical release by A24 starting on November 19, 2021. The film received critical acclaim, with praise for its performances, direction, and cinematography.",https://www.rottentomatoes.com/m/cmon_cmon,"Released Nov 19, 2021",94.0,78.0,6,Medium
blackfriday,2021,"Devon Sawa, Ivana Baquero, Ryan Lee, Michael Jai White, Bruce Campbell","['Comedy', 'Horror']","Black Friday is a 2021 American horror comedy film written by Andy Greskoviak and directed by Casey Tebo. It stars Devon Sawa, Ivana Baquero, Ryan Lee, Stephen Peck, Michael Jai White, and Bruce Campbell.",https://www.rottentomatoes.com/m/black_friday,"Released Apr 12, 1940",100.0,52.0,5,Medium
zerosandones,2021,"Ethan Hawke, Valerio Mastandrea",['Thriller'],Zeros and Ones is a 2021 American-Italian thriller film written and directed by Abel Ferrara and starring Ethan Hawke.,https://www.rottentomatoes.com/m/zeros_and_ones,"Released Nov 19, 2021",54.0,9.0,2,Small
friendoftheworld,2021,"Nick Young, Alexandra Slade, Michael C. Burgess, Kathryn Schott, Kevin Smith, Luke Pensabene",['Independent'],"Friend of the World is a 2020 American independent black-and-white film written and directed by Brian Patrick Butler in his feature film debut, starring Nick Young and Alexandra Slade. The surreal experimental film takes place post-apocalypse and tells the story of a young filmmaker and a military general trapped in a bunker with a mysterious threat. The film has been categorized as a psychedelic film, a surrealist film, and an end of the world film.",https://www.rottentomatoes.com/m/friend_of_the_world,2020,91.0,95.0,6,Medium
houseofgucci,2021,"Lady Gaga, Adam Driver, Jared Leto, Jeremy Irons, Jack Huston, Salma Hayek, Al Pacino","['Crime', 'Drama', 'Biography']","House of Gucci is a 2021 American biographical crime drama film directed by Ridley Scott, based on the 2001 book The House of Gucci: A Sensational Story of Murder, Madness, Glamour, and Greed by Sara Gay Forden. The film follows Patrizia Reggiani and Maurizio Gucci, as their romance transforms into a fight for control of the Italian fashion brand Gucci. Jared Leto, Jeremy Irons, Jack Huston, Salma Hayek, and Al Pacino also star.",https://www.rottentomatoes.com/m/house_of_gucci,"Released Nov 24, 2021",62.0,83.0,7,Medium
theunforgivable,2021,"Sandra Bullock, Vincent D'Onofrio, Jon Bernthal, Richard Thomas, Linda Emond, Aisling Franciosi, Rob Morgan, Viola Davis",['Drama'],"The Unforgivable is a 2021 drama film directed by Nora Fingscheidt and written by Peter Craig, Hillary Seitz, and Courtenay Miles, based on the 2009 British miniseries Unforgiven written by Sally Wainwright. The film stars Sandra Bullock as a woman who, following her release from prison after serving twenty years for committing murder, is determined to reunite with her estranged younger sister. Vincent D'Onofrio, Jon Bernthal, Richard Thomas, Linda Emond, Aisling Franciosi, Rob Morgan, and Viola Davis also star.",https://www.rottentomatoes.com/m/the_unforgivable,"Released Nov 24, 2021",39.0,75.0,8,Medium
residentevilwelcometoraccooncity,2021,"Kaya Scodelario, Hannah John-Kamen, Robbie Amell, Tom Hopper, Avan Jogia, Donal Logue, Neal McDonough","['Action', 'Horror']","Resident Evil: Welcome to Raccoon City is a 2021 action horror film written and directed by Johannes Roberts. Adapted from the stories of the first and second games by Capcom, it serves as a reboot of the Resident Evil film series and is the seventh live-action film based on the video game series. The film stars Kaya Scodelario, Hannah John-Kamen, Robbie Amell, Tom Hopper, Avan Jogia, Donal Logue, and Neal McDonough. Set in 1998, it follows a group of survivors trying to survive during a zombie outbreak in the small town of Raccoon City.",https://www.rottentomatoes.com/m/resident_evil_welcome_to_raccoon_city,"Released Nov 24, 2021",30.0,65.0,7,Medium
thehumans,2021,"Richard Jenkins, Jayne Houdyshell, Amy Schumer, Beanie Feldstein, Steven Yeun, June Squibb",['Drama'],"The Humans is a 2021 American psychological drama film written and directed by Stephen Karam in his feature directorial debut, and based on his one-act play of the same name. It stars Richard Jenkins, Jayne Houdyshell, Amy Schumer, Beanie Feldstein, Steven Yeun, and June Squibb. It had its world premiere at the 2021 Toronto International Film Festival on September 12, 2021. The film was released by A24 on November 24, 2021, both in theaters and on Showtime.",https://www.rottentomatoes.com/m/the_humans,"Released Nov 24, 2021",92.0,45.0,6,Medium
southparkpostcovid,2021,"Matt Stone, Mona Marshall, Kimberly Brooks, Adrien Beard, Delilah Kujala, Betty Boogie","['Animated', 'Comedy', 'Erotic']","""South Park: Post Covid"" is a 2021 American adult animated comedy television special episode written and directed by Trey Parker. It is the first in a series of South Park television specials for the streaming service Paramount+ and premiered on November 25, 2021. It is also considered to be the 310th episode overall of the television series.",https://www.rottentomatoes.com/m/south_park_post_covid,2021,,72.0,6,Medium
licoricepizza,2021,"Alana Haim, Cooper Hoffman, Sean Penn, Tom Waits, Bradley Cooper, Benny Safdie","['Comedy', 'Drama']","Licorice Pizza is a 2021 American comedy-drama film written and directed by Paul Thomas Anderson. It stars Alana Haim and Cooper Hoffman in their film debuts, alongside an ensemble supporting cast including Sean Penn, Tom Waits, Bradley Cooper, and Benny Safdie. Set in 1973, the film follows the development of a young couple's relationship.",https://www.rottentomatoes.com/m/licorice_pizza,"Released Dec 25, 2021",90.0,66.0,6,Medium
singlealltheway,2021,"Michael Urie, Philemon Chambers, Luke Macfarlane, Barry Bostwick, Kathy Najimy, Jennifer Coolidge","['Comedy', 'Romance']","Single All the Way is a 2021 Canadian Christmas romantic comedy film directed by Michael Mayer and written by Chad Hodge. The plot follows a man who convinces his best friend to pretend to be his boyfriend when he goes home for Christmas, only to be set up on a blind date by his mother. Luke Macfarlane, Barry Bostwick, Jennifer Robertson, and Jennifer Coolidge also star.",https://www.rottentomatoes.com/m/single_all_the_way,2021,68.0,67.0,6,Medium
backtotheoutback,2021,"Isla Fisher, Tim Minchin, Eric Bana, Guy Pearce, Miranda Tapsell, Angus Imrie, Keith Urban, Jacki Weaver","['Adventure', 'Animated', 'Comedy']","Back to the Outback is a 2021 computer-animated adventure comedy film directed by Clare Knight and Harry Cripps, in both their directorial debuts, from a screenplay written by Cripps, and a story by Gregory Lessans and Cripps. The voice cast includes Isla Fisher, Tim Minchin, Eric Bana, Guy Pearce, Miranda Tapsell, Angus Imrie, Keith Urban, and Jacki Weaver. Produced by Weed Road Pictures, Reel FX Creative Studios, Netflix Animation, and distributed by Netflix.",https://www.rottentomatoes.com/m/back_to_the_outback,Now Playing,82.0,70.0,8,Medium
diaryofawimpykid,2021,"Brady Noon, Ethan William Childress, Chris Diamantopoulos, Erica Cerra, Hunter Dillon","['Animated', 'Comedy']","Diary of a Wimpy Kid is a 2021 computer-animated comedy film directed by Swinton Scott from a screenplay by Jeff Kinney, based on his 2007 book of the same name. It is the second film adaptation of the book, following the 2010 live-action film, while serving as the first fully-animated reboot in the Diary of a Wimpy Kid film series, and the fifth installment overall. The film stars the voices of Brady Noon, Ethan William Childress, Chris Diamantopoulos, Erica Cerra, and Hunter Dillon.",https://www.rottentomatoes.com/m/diary_of_a_wimpy_kid,"Released Mar 19, 2010",54.0,49.0,5,Medium
diaryofawimpykid,2021,"Brady Noon, Ethan William Childress, Chris Diamantopoulos, Erica Cerra, Hunter Dillon","['Animated', 'Comedy']","Diary of a Wimpy Kid is a 2021 computer-animated comedy film directed by Swinton Scott from a screenplay by Jeff Kinney, based on his 2007 book of the same name. It is the second film adaptation of the book, following the 2010 live-action film, while serving as the first fully-animated reboot in the Diary of a Wimpy Kid film series, and the fifth installment overall. The film stars the voices of Brady Noon, Ethan William Childress, Chris Diamantopoulos, Erica Cerra, and Hunter Dillon.",https://www.rottentomatoes.com/m/diary_of_a_wimpy_kid,"Released Mar 19, 2010",54.0,49.0,5,Medium
encounter,2021,"Riz Ahmed, Octavia Spencer, Janina Gavankar, Rory Cochrane, Misha Collins, Lucian-River Chauhan, Aditya Geddada","['Crime', 'Drama', 'Thriller']","Encounter is a 2021 crime drama thriller film, directed by Michael Pearce from a screenplay by Pearce and Joe Barton. The film stars Riz Ahmed, Octavia Spencer, Janina Gavankar, Rory Cochrane, Lucian-River Chauhan, and Aditya Geddada.",https://www.rottentomatoes.com/m/encounter,2017,,,7,Medium
mixtape,2021,"Gemma Brooke Allen, Jackson Rathbone, Nick Thune, Julie Bowen",['Comedy'],"Mixtape is a 2021 American comedy film directed by Valerie Weiss from a screenplay by Stacey Menear. It stars Gemma Brooke Allen, Nick Thune, and Julie Bowen.",https://www.rottentomatoes.com/m/mixtape,2021,100.0,78.0,4,Medium
deadlock,2021,"Patrick Muldoon, Bruce Willis, Matthew Marsden","['Action', 'Thriller']","Deadlock is a 2021 American action thriller film directed by Jared Cohn, starring Patrick Muldoon and Bruce Willis. It was released in the United States on December 3, 2021, by Saban Films.",https://www.rottentomatoes.com/m/deadlock,1988,,,3,Small
westsidestory,2021,"Ansel Elgort, Rachel Zegler, Ariana DeBose, David Alvarez, Mike Faist, Rita Moreno, Brian d'Arcy James, Corey Stoll","['Drama', 'Musical', 'Romance']","West Side Story is a 2021 American musical romantic drama film directed and co-produced by Steven Spielberg from a screenplay by Tony Kushner. It is the second feature-length adaptation of the 1957 stage musical of the same name. It stars Ansel Elgort and Rachel Zegler in her film debut with Ariana DeBose, David Alvarez, Mike Faist, and Rita Moreno in supporting roles. Moreno, who starred in the 1961 film adaptation, also served as an executive producer alongside Kushner. The film features music composed by Leonard Bernstein with lyrics by Stephen Sondheim.",https://www.rottentomatoes.com/m/west_side_story,"Released Oct 18, 1961",92.0,84.0,8,Medium
dontlookup,2021,"Leonardo DiCaprio, Jennifer Lawrence, Rob Morgan, Jonah Hill, Mark Rylance, Tyler Perry, Ron Perlman, Timothée Chalamet, Ariana Grande, Scott Mescudi, Himesh Patel, Melanie Lynskey, Cate Blanchett, Meryl Streep","['Comedy', 'Political', 'Satire']","Don't Look Up is a 2021 American apocalyptic political satire black comedy film written, co-produced, and directed by Adam McKay from a story he co-wrote with David Sirota. It stars an ensemble cast featuring Leonardo DiCaprio, Jennifer Lawrence, Rob Morgan, Jonah Hill, Mark Rylance, Tyler Perry, Timothée Chalamet, Ron Perlman, Ariana Grande, Kid Cudi, Cate Blanchett, and Meryl Streep. The film tells the story of two astronomers attempting to warn humanity about an approaching comet that will destroy human civilization. The impact event is an allegory for climate change, and the film is a satire of government, political, celebrity, and media indifference to the climate crisis.",https://www.rottentomatoes.com/m/dont_look_up,2009,,6.0,14,Medium
nationalchampions,2021,"Stephan James, J. K. Simmons, Alexander Ludwig, Lil Rel Howery, Tim Blake Nelson, Andrew Bachelor, Jeffrey Donovan, David Koechner, Kristin Chenoweth, Timothy Olyphant, Uzo Aduba","['Drama', 'Sports']","National Champions is a 2021 American sports drama film directed by Ric Roman Waugh, based on the play of the same name by Adam Mervis. The film stars Stephan James, J. K. Simmons, Alexander Ludwig, Lil Rel Howery, Tim Blake Nelson, Andrew Bachelor, Jeffrey Donovan, David Koechner, Kristin Chenoweth, Timothy Olyphant, and Uzo Aduba.",https://www.rottentomatoes.com/m/national_champions,"Released Dec 10, 2021",66.0,79.0,11,Medium
beingthericardos,2021,"Nicole Kidman, Javier Bardem, J. K. Simmons, Nina Arianda, Tony Hale, Alia Shawkat, Jake Lacy, Clark Gregg","['Drama', 'Biography']","Being the Ricardos is a 2021 American biographical drama film written and directed by Aaron Sorkin, about the relationship between I Love Lucy stars Lucille Ball and Desi Arnaz. Nicole Kidman and Javier Bardem star as Ball and Arnaz, while J. K. Simmons, Nina Arianda, Tony Hale, Alia Shawkat, Jake Lacy, and Clark Gregg are featured in supporting roles.",https://www.rottentomatoes.com/m/being_the_ricardos,"Released Dec 10, 2021",68.0,75.0,8,Medium
redrocket,2021,"Simon Rex, Bree Elrod, Suzanna Son","['Comedy', 'Drama']","Red Rocket is a 2021 American black comedy drama film directed by Sean Baker from a screenplay co-written with Chris Bergoch. It stars Simon Rex, Bree Elrod, and Suzanna Son. The plot follows a porn star (Rex) who returns to his hometown and begins a relationship with an adolescent girl (Son).",https://www.rottentomatoes.com/m/red_rocket,"Released Dec 3, 2021",90.0,75.0,3,Small
thehatinggame,2021,"Lucy Hale, Austin Stowell, Damon Daunno, Sakina Jaffrey, Corbin Bernsen","['Comedy', 'Romance']","The Hating Game is a 2021 American romantic comedy film directed by Peter Hutchings. It is based on the novel of the same name by Sally Thorne, and stars Lucy Hale and Austin Stowell in the lead roles. It was released in theaters and video on demand on December 10, 2021, by Vertical Entertainment. The film received generally positive reviews from critics.",https://www.rottentomatoes.com/m/the_hating_game,"Released Dec 10, 2021",69.0,77.0,5,Medium
southparkpostcovidthereturnofcovid,2021,"Matt Stone, Mona Marshall, Kimberly Brooks, Adrien Beard, Delilah Kujala, Betty Boogie","['Animated', 'Comedy', 'Erotic']","""South Park: Post Covid: The Return of Covid"" is a 2021 American adult animated comedy television special episode written and directed by Trey Parker. It is the second in a series of South Park television specials for the streaming service Paramount+ and premiered on December 16, 2021. It is a direct sequel to and continues the storyline of the previous special, ""South Park: Post Covid"". It is also the 311th episode of the series.",https://www.rottentomatoes.com/m/south_park_post_covid_the_return_of_covid,2021,,68.0,6,Medium
nightmarealley,2021,"Bradley Cooper, Cate Blanchett, Toni Collette, Willem Dafoe, Richard Jenkins, Rooney Mara, Ron Perlman, Mary Steenburgen, David Strathairn","['Noir', 'Thriller']","Nightmare Alley is a 2021 neo-noir psychological thriller film co-written and directed by Guillermo del Toro, and based on the 1946 novel of the same name by William Lindsay Gresham. It is the second feature film adaptation of Gresham's novel, following the 1947 version. A co-production between Searchlight Pictures, TSG Entertainment, and Double Dare You Productions, the film stars Bradley Cooper as a charming and ambitious carnival worker with a mysterious past who takes big risks to boost his career. Cate Blanchett, Toni Collette, Willem Dafoe, Richard Jenkins, Rooney Mara, Ron Perlman, Mary Steenburgen, and David Strathairn also star.",https://www.rottentomatoes.com/m/nightmare_alley,"Released Oct 9, 1947",88.0,86.0,9,Medium
thelostdaughter,2021,"Olivia Colman, Dakota Johnson, Jessie Buckley, Paul Mescal, Dagmara Domińczyk, Jack Farthing, Oliver Jackson-Cohen, Peter Sarsgaard, Ed Harris",['Drama'],"The Lost Daughter is a 2021 psychological drama film adapted for the screen and directed by Maggie Gyllenhaal based on the 2006 novel of the same name by Elena Ferrante. The film stars Olivia Colman, Dakota Johnson, Jessie Buckley, Paul Mescal, Dagmara Domińczyk, Jack Farthing, Oliver Jackson-Cohen, Peter Sarsgaard, and Ed Harris. Colman also serves as an executive producer.",https://www.rottentomatoes.com/m/the_lost_daughter,"Released Dec 31, 2021",94.0,56.0,9,Medium
swansong,2021,"Mahershala Ali, Naomie Harris, Glenn Close, Awkwafina, Adam Beach","['Drama', 'Science Fiction', 'Romance']","Swan Song is a 2021 American science fiction romantic drama film written and directed by Benjamin Cleary. The film stars Mahershala Ali, Naomie Harris, Awkwafina, Glenn Close, and Adam Beach.",https://www.rottentomatoes.com/m/swan_song,1986,,,5,Medium
swansong,2021,"Mahershala Ali, Naomie Harris, Glenn Close, Awkwafina, Adam Beach","['Drama', 'Science Fiction', 'Romance']","Swan Song is a 2021 American science fiction romantic drama film written and directed by Benjamin Cleary. The film stars Mahershala Ali, Naomie Harris, Awkwafina, Glenn Close, and Adam Beach.",https://www.rottentomatoes.com/m/swan_song,1986,,,5,Medium
fortress,2021,"Jesse Metcalfe, Bruce Willis, Chad Michael Murray",['Action'],"Fortress is a 2021 American action film directed by James Cullen Bressack and written by Alan Horsnail, based on a story by Emile Hirsch and Randall Emmett. It stars Jesse Metcalfe, Bruce Willis, Chad Michael Murray, Kelly Greyson, Ser'Darius Blain, and Shannen Doherty. The film was released in select theaters and on video on demand by Lionsgate Films on December 17, 2021.",https://www.rottentomatoes.com/m/fortress,1985,,74.0,3,Small
fortress,2021,"Jesse Metcalfe, Bruce Willis, Chad Michael Murray",['Action'],"Fortress is a 2021 American action film directed by James Cullen Bressack and written by Alan Horsnail, based on a story by Emile Hirsch and Randall Emmett. It stars Jesse Metcalfe, Bruce Willis, Chad Michael Murray, Kelly Greyson, Ser'Darius Blain, and Shannen Doherty. The film was released in select theaters and on video on demand by Lionsgate Films on December 17, 2021.",https://www.rottentomatoes.com/m/fortress,1985,,74.0,3,Small
sing2,2021,"Matthew McConaughey, Reese Witherspoon, Scarlett Johansson, Taron Egerton, Tori Kelly, Bobby Cannavale, Nick Kroll, Halsey, Pharrell Williams, Nick Offerman, Letitia Wright, Eric Andre, Chelsea Peretti, Bono","['Animated', 'Comedy', 'Musical']","Sing 2 is a 2021 American computer-animated jukebox musical comedy film produced by Illumination and distributed by Universal Pictures. The sequel to Sing (2016) and the second film in the franchise, it was again written and directed by Garth Jennings, co-directed by Christophe Lourdelet, and produced by Chris Meledandri and Janet Healy.",https://www.rottentomatoes.com/m/sing_2,Now Playing,72.0,98.0,14,Medium
sing2,2021,"Matthew McConaughey, Reese Witherspoon, Scarlett Johansson, Taron Egerton, Tori Kelly, Bobby Cannavale, Nick Kroll, Halsey, Pharrell Williams, Nick Offerman, Letitia Wright, Eric Andre, Chelsea Peretti, Bono","['Animated', 'Comedy', 'Musical']","Sing 2 is a 2021 American computer-animated jukebox musical comedy film produced by Illumination and distributed by Universal Pictures. The sequel to Sing (2016) and the second film in the franchise, it was again written and directed by Garth Jennings, co-directed by Christophe Lourdelet, and produced by Chris Meledandri and Janet Healy.",https://www.rottentomatoes.com/m/sing_2,Now Playing,72.0,98.0,14,Medium
thematrixresurrections,2021,"Keanu Reeves, Carrie-Anne Moss, Yahya Abdul-Mateen II, Jessica Henwick, Jonathan Groff, Neil Patrick Harris, Priyanka Chopra Jonas, Jada Pinkett-Smith","['Action', 'Science Fiction']","The Matrix Resurrections is a 2021 American science fiction action film produced, co-written, and directed by Lana Wachowski, and being the first in Matrix franchise to be directed solely by Lana, without her sister, Lilly. It is the sequel to The Matrix Revolutions (2003) and the fourth installment in The Matrix film franchise. The film stars Keanu Reeves, Carrie-Anne Moss, Yahya Abdul-Mateen II, Jessica Henwick, Jonathan Groff, Neil Patrick Harris, Priyanka Chopra Jonas, Christina Ricci, and Jada Pinkett Smith. The film is set sixty years after Revolutions and follows Neo, who lives a seemingly ordinary life as a video game developer having trouble with distinguishing fantasy from reality. A group of rebels, with the help of a programmed version of Morpheus, free Neo from a new version of the Matrix and fight a new enemy that holds Trinity captive.",https://www.rottentomatoes.com/m/the_matrix_resurrections,"Released Dec 22, 2021",63.0,63.0,8,Medium
thekingsman,2021,"Ralph Fiennes, Gemma Arterton, Rhys Ifans, Matthew Goode, Tom Hollander, Harris Dickinson, Daniel Brühl, Djimon Hounsou, Charles Dance","['Action', 'Spy']","The King's Man is a 2021 spy action film directed by Matthew Vaughn from a screenplay by Vaughn and Karl Gajdusek and a story by Vaughn. The third installment in the British Kingsman film series, which is based on the comic book The Secret Service by Mark Millar and Dave Gibbons, it is a prequel to Kingsman: The Secret Service (2014) and Kingsman: The Golden Circle (2017). Its ensemble cast includes Ralph Fiennes, Gemma Arterton, Rhys Ifans, Matthew Goode, Tom Hollander, Harris Dickinson, Daniel Brühl, Djimon Hounsou, and Charles Dance. It focuses on several events during World War I and the birth of the Kingsman organisation.",https://www.rottentomatoes.com/m/the_kings_man,"Released Dec 22, 2021",41.0,80.0,9,Medium
ajournalforjordan,2021,"Michael B. Jordan, Chanté Adams, Jalon Christian, Robert Wisdom, Tamara Tunie","['Drama', 'Romance']","A Journal for Jordan is a 2021 American romantic drama film directed and co-produced by Denzel Washington from a screenplay written by Virgil Williams, based on the memoir A Journal for Jordan: A Story of Love and Honor by Dana Canedy. The film stars Michael B. Jordan and Chanté Adams in the lead roles, along with Jalon Christian, Robert Wisdom, and Tamara Tunie in supporting roles.",https://www.rottentomatoes.com/m/a_journal_for_jordan,"Released Dec 25, 2021",39.0,95.0,5,Medium
americanunderdog,2021,"Zachary Levi, Anna Paquin, Dennis Quaid","['Sports', 'Biography']","American Underdog is a 2021 American biographical sports film about National Football League (NFL) quarterback Kurt Warner. Directed by Andrew and Jon Erwin, the film follows Warner's journey as an undrafted player who ascended to winning Super Bowl XXXIV. It stars Zachary Levi as Warner, alongside Anna Paquin as his wife Brenda and Dennis Quaid as his head coach Dick Vermeil.",https://www.rottentomatoes.com/m/american_underdog,"Released Dec 25, 2021",76.0,98.0,3,Small
memoria,2021,"acreenplay), Tilda Swinton, Elkin Díaz, Jeanne Balibar, Juan Pablo Urrego, Daniel Giménez Cacho","['Drama', 'Fantasy', 'Mystery']","Memoria is a 2021 fantasy drama mystery film written, directed and co-produced by Apichatpong Weerasethakul, starring Tilda Swinton, Elkin Díaz, Jeanne Balibar, Juan Pablo Urrego and Daniel Giménez Cacho.",https://www.rottentomatoes.com/m/memoria,2017,,,6,Medium
the355,2022,"Jessica Chastain, Lupita Nyong'o, Penélope Cruz, Diane Kruger, Fan Bingbing, Sebastian Stan, Édgar Ramírez","['Action', 'Spy', 'Thriller']","The 355 is a 2022 American action spy thriller film directed by Simon Kinberg from a screenplay by Theresa Rebeck and Kinberg, and a story by Rebeck. The film features an ensemble cast, starring Jessica Chastain, Penélope Cruz, Fan Bingbing, Diane Kruger, and Lupita Nyong'o as a group of international spies who must work together to stop a terrorist organization from starting World War III. Édgar Ramírez and Sebastian Stan also star. The title is derived from Agent 355, the codename of a female spy for the Patriots during the American Revolution.",https://www.rottentomatoes.com/m/the_355,"Released Jan 7, 2022",24.0,86.0,7,Medium
the355,2022,"Jessica Chastain, Lupita Nyong'o, Penélope Cruz, Diane Kruger, Fan Bingbing, Sebastian Stan, Édgar Ramírez","['Action', 'Spy', 'Thriller']","The 355 is a 2022 American action spy thriller film directed by Simon Kinberg from a screenplay by Theresa Rebeck and Kinberg, and a story by Rebeck. The film features an ensemble cast, starring Jessica Chastain, Penélope Cruz, Fan Bingbing, Diane Kruger, and Lupita Nyong'o as a group of international spies who must work together to stop a terrorist organization from starting World War III. Édgar Ramírez and Sebastian Stan also star. The title is derived from Agent 355, the codename of a female spy for the Patriots during the American Revolution.",https://www.rottentomatoes.com/m/355,"Released Jan 7, 2022",24.0,86.0,7,Medium
thelegendoflallorona,2022,"Autumn Reeser, Antonio Cupo, Danny Trejo",['Horror'],"The Legend of La Llorona is a 2022 American Horror film directed by Patricia Harris Seeley and written by José Prendes, Cameron Larson and Patricia Harris Seeley. The film stars Autumn Reeser, Danny Trejo, Antonio Cupo and Zamia Fardiño. The film was released on January 7, 2022.",https://www.rottentomatoes.com/m/the_legend_of_la_llorona,"Released Jan 7, 2022",7.0,28.0,3,Small
thecommando,2022,"Mickey Rourke, Michael Jai White","['Action', 'Crime', 'Thriller']",The Commando is a 2022 American action crime thriller film directed by Asif Akbar and starring Mickey Rourke and Michael Jai White.,https://www.rottentomatoes.com/m/the_commando,"Released Jan 7, 2022",,18.0,2,Small
americansiege,2022,"Timothy V. Murphy, Bruce Willis",['Action'],"American Siege is a 2022 American action film written and directed by Edward Drake. It stars Timothy V. Murphy, Bruce Willis, Rob Gough, Johann Urb, Anna Hindman, Johnny Messner, Cullen G. Chambers, and Janet Jones. The film was released by Shout! Studios on January 7, 2022. American Siege was panned by critics.",https://www.rottentomatoes.com/m/american_siege,"Released Jan 7, 2022",8.0,91.0,2,Small
scream,2022,"Melissa Barrera, Mason Gooding, Jenna Ortega, Jack Quaid, Marley Shelton, Courteney Cox, David Arquette, Neve Campbell",['Slasher'],"Scream is a 2022 American slasher film directed by Matt Bettinelli-Olpin and Tyler Gillett, and written by James Vanderbilt and Guy Busick. It is the fifth installment in the Scream film series; though billed as a relaunch of the film series, the film is a direct sequel to Scream 4 (2011). The first film in the series to not be directed by Wes Craven, following his death in 2015, the film is dedicated to Craven at the beginning of the closing credits. The film stars Melissa Barrera, Kyle Gallner, Mason Gooding, Mikey Madison, Dylan Minnette, Jenna Ortega, Jack Quaid, Jasmin Savoy Brown, and Sonia Ammar, with Marley Shelton, Skeet Ulrich, Roger L. Jackson, Heather Matarazzo, Courteney Cox, David Arquette, and Neve Campbell reprising their roles from previous installments. The plot takes place twenty-five years after the original Woodsboro murders from Scream (1996), when yet another Ghostface appears and begins targeting a group of teenagers who are each somehow linked to the original killings. Similar to previous entries, Scream combines the violence of the slasher genre with elements of black comedy and ""whodunit"" mystery to satirize the trend of reboots and legacy sequels (""requels""). The film also provides commentary on the horror fandom culture, particularly the divide between ""elevated horror"" and classic slasher films.",https://www.rottentomatoes.com/m/scream,"Released Jan 14, 2022",76.0,82.0,8,Medium
scream,2022,"Melissa Barrera, Mason Gooding, Jenna Ortega, Jack Quaid, Marley Shelton, Courteney Cox, David Arquette, Neve Campbell",['Slasher'],"Scream is a 2022 American slasher film directed by Matt Bettinelli-Olpin and Tyler Gillett, and written by James Vanderbilt and Guy Busick. It is the fifth installment in the Scream film series; though billed as a relaunch of the film series, the film is a direct sequel to Scream 4 (2011). The first film in the series to not be directed by Wes Craven, following his death in 2015, the film is dedicated to Craven at the beginning of the closing credits. The film stars Melissa Barrera, Kyle Gallner, Mason Gooding, Mikey Madison, Dylan Minnette, Jenna Ortega, Jack Quaid, Jasmin Savoy Brown, and Sonia Ammar, with Marley Shelton, Skeet Ulrich, Roger L. Jackson, Heather Matarazzo, Courteney Cox, David Arquette, and Neve Campbell reprising their roles from previous installments. The plot takes place twenty-five years after the original Woodsboro murders from Scream (1996), when yet another Ghostface appears and begins targeting a group of teenagers who are each somehow linked to the original killings. Similar to previous entries, Scream combines the violence of the slasher genre with elements of black comedy and ""whodunit"" mystery to satirize the trend of reboots and legacy sequels (""requels""). The film also provides commentary on the horror fandom culture, particularly the divide between ""elevated horror"" and classic slasher films.",https://www.rottentomatoes.com/m/scream,"Released Jan 14, 2022",76.0,82.0,8,Medium
scream,2022,"Melissa Barrera, Mason Gooding, Jenna Ortega, Jack Quaid, Marley Shelton, Courteney Cox, David Arquette, Neve Campbell",['Slasher'],"Scream is a 2022 American slasher film directed by Matt Bettinelli-Olpin and Tyler Gillett, and written by James Vanderbilt and Guy Busick. It is the fifth installment in the Scream film series; though billed as a relaunch of the film series, the film is a direct sequel to Scream 4 (2011). The first film in the series to not be directed by Wes Craven, following his death in 2015, the film is dedicated to Craven at the beginning of the closing credits. The film stars Melissa Barrera, Kyle Gallner, Mason Gooding, Mikey Madison, Dylan Minnette, Jenna Ortega, Jack Quaid, Jasmin Savoy Brown, and Sonia Ammar, with Marley Shelton, Skeet Ulrich, Roger L. Jackson, Heather Matarazzo, Courteney Cox, David Arquette, and Neve Campbell reprising their roles from previous installments. The plot takes place twenty-five years after the original Woodsboro murders from Scream (1996), when yet another Ghostface appears and begins targeting a group of teenagers who are each somehow linked to the original killings. Similar to previous entries, Scream combines the violence of the slasher genre with elements of black comedy and ""whodunit"" mystery to satirize the trend of reboots and legacy sequels (""requels""). The film also provides commentary on the horror fandom culture, particularly the divide between ""elevated horror"" and classic slasher films.",https://www.rottentomatoes.com/m/scream,"Released Jan 14, 2022",76.0,82.0,8,Medium
hoteltransylvaniatransformania,2022,"Andy Samberg, Selena Gomez, Kathryn Hahn, Jim Gaffigan, Steve Buscemi, Molly Shannon, David Spade, Keegan-Michael Key, Brian Hull, Fran Drescher, Brad Abrell, Asher Blinkoff, Tyler ""Ninja"" Blevins, Zoe Berri","['Adventure', 'Animated', 'Comedy']","Hotel Transylvania: Transformania is a 2022 American computer-animated adventure comedy film produced by Columbia Pictures and Sony Pictures Animation and released by Amazon Studios. The fourth and final installment in the Hotel Transylvania franchise and the sequel to Hotel Transylvania 3: Summer Vacation (2018), the film is directed by Derek Drymon and Jennifer Kluska from a screenplay by Amos Vernon, Nunzio Randazzo and Genndy Tartakovsky. It stars the voices of Andy Samberg, Selena Gomez, Kathryn Hahn, Jim Gaffigan, Steve Buscemi, Molly Shannon, David Spade, Keegan-Michael Key, Brian Hull, Fran Drescher, Brad Abrell, Asher Blinkoff, Tyler ""Ninja"" Blevins and Zoe Berri. In the film, Dracula and Johnny, who transformed into a human and monster, must find the way to South America to revert, before their transformations become permanent.",https://www.rottentomatoes.com/m/hotel_transylvania_transformania,2022,47.0,44.0,14,Medium
shattered,2022,"Cameron Monaghan, Frank Grillo, Lilly Krug, John Malkovich",['Thriller'],"Shattered is a 2022 American thriller film directed by Luis Prieto, written by David Loughery, and starring Cameron Monaghan, Frank Grillo, Lilly Krug, and John Malkovich.",https://www.rottentomatoes.com/m/shattered,2007,,61.0,4,Medium
shattered,2022,"Cameron Monaghan, Frank Grillo, Lilly Krug, John Malkovich",['Thriller'],"Shattered is a 2022 American thriller film directed by Luis Prieto, written by David Loughery, and starring Cameron Monaghan, Frank Grillo, Lilly Krug, and John Malkovich.",https://www.rottentomatoes.com/m/shattered,2007,,61.0,4,Medium
theroyaltreatment,2022,"Laura Marano, Mena Massoud",['Romance'],"The Royal Treatment is a 2022 American romance film directed by Rick Jacobson and written by Holly Hester. It stars Laura Marano as Manhattan hairdresser Izzy, who is given an opportunity to work at the wedding of Prince Thomas, played by Mena Massoud.",https://www.rottentomatoes.com/m/the_royal_treatment,2022,33.0,37.0,2,Small
redeeminglove,2022,"Abigail Cowen, Tom Lewis, Logan Marshall-Green, Ke-Xi Wu, Famke Janssen, Nina Dobrev, Eric Dane","['Romance', 'Western']","Redeeming Love is a 2022 American Christian Western romance film directed by D.J. Caruso, who co-wrote the screenplay with Francine Rivers. The film is based on Rivers' 1991 novel of the same name, which was based on the Biblical story of Hosea, and is set in the American Old West during the California Gold Rush. It stars Abigail Cowen, Tom Lewis and Logan Marshall-Green.",https://www.rottentomatoes.com/m/redeeming_love,"Released Jan 21, 2022",11.0,95.0,7,Medium
thetigerrising,2022,"Christian Convery, Dennis Quaid, Queen Latifah, Madalen Mills, Katharine McPhee, Sam Trammell",['Drama'],"The Tiger Rising is a 2022 American drama film written and directed by Ray Giarratana and starring Christian Convery, Madalen Mills, Katharine McPhee, Sam Trammell, Dennis Quaid and Queen Latifah. It is based on the 2001 book of the same name by Kate DiCamillo.",https://www.rottentomatoes.com/m/the_tiger_rising,"Released Jan 21, 2022",18.0,73.0,6,Medium
hellblazers,2022,"Bruce Dern, Billy Zane, Tony Todd, Adrienne Barbeau","['Action', 'Horror']","Hellblazers is a 2022 American action horror film directed by Justin Lee and starring Bruce Dern, Billy Zane, Tony Todd and Adrienne Barbeau.",https://www.rottentomatoes.com/m/hellblazers,"Released Jan 21, 2022",,,4,Medium
hometeam,2022,"Kevin James, Taylor Lautner, Rob Schneider, Jackie Sandler, Tait Blum","['Comedy', 'Sports', 'Biography']","Home Team is a 2022 American biographical sports comedy film directed by Charles and Daniel Kinnane, written by Chris Titone and Keith Blum, and starring Kevin James in the lead role, Taylor Lautner, Rob Schneider, Jackie Sandler, and Tait Blum. Inspired by actual events, the film tells the story of New Orleans Saints head coach Sean Payton who coached his 12-year-old son's football team during his one-year suspension from the NFL.",https://www.rottentomatoes.com/m/home_team,1999,,12.0,5,Medium
theiceageadventuresofbuckwild,2022,"Simon Pegg, Utkarsh Ambudkar, Justina Machado, Vincent Tong","['Adventure', 'Animated', 'Comedy']","The Ice Age Adventures of Buck Wild is a 2022 computer-animated adventure comedy film directed by John C. Donkin, in his feature directorial debut, with a screenplay by Jim Hecht, Ray DeLaurentis, and William Schifrin. It serves as a spin-off of the Ice Age franchise and is set after the events of Ice Age: Collision Course. The film stars the voices of Simon Pegg, Vincent Tong, Aaron Harris, Utkarsh Ambudkar, and Justina Machado also starring in the film.",https://www.rottentomatoes.com/m/the_ice_age_adventures_of_buck_wild,2022,19.0,33.0,4,Medium
clean,2022,"Adrien Brody, Glenn Fleshler, Mykelti Williamson, RZA","['Action', 'Thriller']","Clean is a 2021 American action thriller film directed by Paul Solet and starring Adrien Brody, who also produced and wrote the film.",https://www.rottentomatoes.com/m/clean,2006,,,4,Medium
sundown,2022,"Tim Roth, Charlotte Gainsbourg",['Drama'],"Sundown is a 2021 drama film written and directed by Michel Franco. It stars Tim Roth, Charlotte Gainsbourg and Iazua Larios. The plot follows a wealthy man (Roth) who attempts to abandon his family on vacation after the death of his mother. The film had its world premiere at the Venice Film Festival on 5 September 2021, and was released in the United States by Bleecker Street on 28 January 2022. The film was met with generally positive reviews.",https://www.rottentomatoes.com/m/sundown,"Released Oct 31, 1941",,9.0,2,Small
jackassforever,2022,"Johnny Knoxville, Steve-O, Chris Pontius, Dave England, Wee Man, Danger Ehren, Preston Lacy",['Comedy'],"Jackass Forever is a 2022 American stunt comedy film directed and produced by Jeff Tremaine, along with producers Spike Jonze and Johnny Knoxville, and was released by Paramount Pictures. It is the fourth main installment in the Jackass film series, following Jackass 3D (2010). The film stars original Jackass members Knoxville, Steve-O, Dave England, Wee Man, Danger Ehren, Chris Pontius, Preston Lacy, newcomers to the Jackass crew, and celebrity guests. This is the first Jackass film not to feature Ryan Dunn since his death in 2011 and the first without Bam Margera being a primary cast member as he was fired during production, appearing briefly in one skit.",https://www.rottentomatoes.com/m/jackass_forever,"Released Feb 4, 2022",85.0,91.0,7,Medium
moonfall,2022,"Halle Berry, Patrick Wilson, John Bradley, Michael Peña, Charlie Plummer, Kelly Yu, Donald Sutherland","['Disaster', 'Science Fiction']","Moonfall is a 2022 science fiction disaster film co-written, directed, and produced by Roland Emmerich. It stars Halle Berry, Patrick Wilson, John Bradley, Michael Peña, Charlie Plummer, Kelly Yu, Carolina Bartczak and Donald Sutherland. It follows two former astronauts alongside a conspiracy theorist who discover the hidden truth about Earth's moon when it suddenly leaves its orbit. Shot in Montreal on a $138–146 million budget, it is one of the most expensive independently produced films ever made.",https://www.rottentomatoes.com/m/moonfall,"Released Feb 4, 2022",35.0,70.0,7,Medium
lastlooks,2022,"Charlie Hunnam, Mel Gibson, Morena Baccarin, Rupert Friend, Dominic Monaghan, Jacob Scipio, Clancy Brown","['Mystery', 'War']","Last Looks is a 2022 American-British mystery film, directed by Tim Kirkby, from a screenplay by Howard Michael Gould based on his novel of the same name. It stars Charlie Hunnam, Mel Gibson, Morena Baccarin, Lucy Fry, Rupert Friend, Dominic Monaghan, Jacob Scipio and Clancy Brown.",https://www.rottentomatoes.com/m/last_looks,"Released Feb 4, 2022",67.0,70.0,7,Medium
thelongnight,2022,"Scout Taylor-Compton, Nolan Gerard Funk, Jeff Fahey, Deborah Kara Unger",['Horror'],"The Long Night is a 2022 American horror film written by Robert Sheppe and Mark Young and directed Rich Ragsdale. It stars Scout Taylor-Compton, Nolan Gerard Funk, Jeff Fahey, Deborah Kara Unger. The film is about a couple whose quiet weekend takes a bizarre turn when a nightmarish cult and their maniacal leader come to fulfill an apocalyptic prophesy.",https://www.rottentomatoes.com/m/the_long_night,1976,,,4,Medium
thelongnight,2022,"Scout Taylor-Compton, Nolan Gerard Funk, Jeff Fahey, Deborah Kara Unger",['Horror'],"The Long Night is a 2022 American horror film written by Robert Sheppe and Mark Young and directed Rich Ragsdale. It stars Scout Taylor-Compton, Nolan Gerard Funk, Jeff Fahey, Deborah Kara Unger. The film is about a couple whose quiet weekend takes a bizarre turn when a nightmarish cult and their maniacal leader come to fulfill an apocalyptic prophesy.",https://www.rottentomatoes.com/m/long_night,"Released May 28, 1947",,51.0,4,Medium
kimi,2022,"Zoë Kravitz, Rita Wilson, Byron Bowers",['Thriller'],"Kimi is a 2022 American thriller film directed by Steven Soderbergh and written and produced by David Koepp. The film stars Zoë Kravitz. It was released on HBO Max on February 10, 2022, to generally positive reviews.",https://www.rottentomatoes.com/m/kimi,2022,92.0,60.0,3,Small
shutin,2022,"Rainey Qualley, Jake Horowitz, Luciana VanDette, Vincent Gallo",['Thriller'],"Shut In is a 2022 American thriller film directed by D.J. Caruso, written by Melanie Toast, and starring Rainey Qualley, Jake Horowitz, Luciana VanDette and Vincent Gallo. Shut In is The Daily Wire's first original film and their third to be released on their streaming platform.",https://www.rottentomatoes.com/m/shut_in,"Released Nov 11, 2016",4.0,23.0,4,Medium
deathonthenile,2022,"Tom Bateman, Annette Bening, Kenneth Branagh, Russell Brand, Ali Fazal, Dawn French, Gal Gadot, Armie Hammer, Rose Leslie, Emma Mackey, Sophie Okonedo, Jennifer Saunders, Letitia Wright",['Mystery'],"Death on the Nile is a 2022 mystery film directed by Kenneth Branagh from a screenplay by Michael Green, based on the 1937 novel of the same name by Agatha Christie, and the second big screen adaptation of Christie's novel, following the 1978 film. It was produced by Branagh, Ridley Scott, Judy Hofflund and Kevin J. Walsh, as a sequel to 2017’s Murder on the Orient Express. It stars an ensemble cast with Branagh and Tom Bateman reprising their roles as Hercule Poirot and Bouc, respectively, alongside Annette Bening, Russell Brand, Ali Fazal, Dawn French, Gal Gadot, Armie Hammer, Rose Leslie, Emma Mackey, Sophie Okonedo, Jennifer Saunders and Letitia Wright.",https://www.rottentomatoes.com/m/death_on_the_nile,"Released Sep 29, 1978",80.0,79.0,13,Medium
deathonthenile,2022,"Tom Bateman, Annette Bening, Kenneth Branagh, Russell Brand, Ali Fazal, Dawn French, Gal Gadot, Armie Hammer, Rose Leslie, Emma Mackey, Sophie Okonedo, Jennifer Saunders, Letitia Wright",['Mystery'],"Death on the Nile is a 2022 mystery film directed by Kenneth Branagh from a screenplay by Michael Green, based on the 1937 novel of the same name by Agatha Christie, and the second big screen adaptation of Christie's novel, following the 1978 film. It was produced by Branagh, Ridley Scott, Judy Hofflund and Kevin J. Walsh, as a sequel to 2017’s Murder on the Orient Express. It stars an ensemble cast with Branagh and Tom Bateman reprising their roles as Hercule Poirot and Bouc, respectively, alongside Annette Bening, Russell Brand, Ali Fazal, Dawn French, Gal Gadot, Armie Hammer, Rose Leslie, Emma Mackey, Sophie Okonedo, Jennifer Saunders and Letitia Wright.",https://www.rottentomatoes.com/m/death_on_the_nile,"Released Sep 29, 1978",80.0,79.0,13,Medium
marryme,2022,"Jennifer Lopez, Owen Wilson, Maluma, John Bradley, Chloe Coleman, Sarah Silverman","['Comedy', 'Drama', 'Romance']","Marry Me is a 2022 American romantic comedy-drama film directed by Kat Coiro, with a screenplay by John Rogers, Tami Sagher, and Harper Dill. Based on the 2012 graphic novel of the same title by Bobby Crosby, it stars Jennifer Lopez as Kat Valdez, a pop star, who decides to marry Charlie Gilbert, a math teacher holding a ""Marry Me"" sign, after learning that her on-stage bridegroom Bastian (Maluma) has been having an affair. John Bradley, Sarah Silverman, Ricky Guillart, and Chloe Coleman also star in supporting roles.",https://www.rottentomatoes.com/m/marry_me,2005,,,6,Medium
iwantyouback,2022,"Charlie Day, Jenny Slate, Scott Eastwood, Manny Jacinto, Gina Rodriguez","['Comedy', 'Romance']","I Want You Back is a 2022 American romantic comedy film directed by Jason Orley from a screenplay by Isaac Aptaker and Elizabeth Berger. It stars Charlie Day and Jenny Slate as two recently dumped strangers who team up to sabotage the new relationships of their exes. Manny Jacinto, Clark Backo, and Mason Gooding also star.",https://www.rottentomatoes.com/m/i_want_you_back,2022,87.0,71.0,5,Medium
tallgirl2,2022,"Ava Michelle, Griffin Gluck, Sabrina Carpenter, Anjelika Washington, Angela Kinsey, Steve Zahn","['Comedy', 'Teen', 'Romance']","Tall Girl 2 is a 2022 American teen romantic comedy film directed by Emily Ting from a screenplay by Sam Wolfson. The film stars Ava Michelle, Sabrina Carpenter, Griffin Gluck, and Steve Zahn. It is the sequel to the 2019 film Tall Girl. The film was released on February 11, 2022 and received mixed reviews.",https://www.rottentomatoes.com/m/tall_girl_2,2022,63.0,27.0,6,Medium
theskyiseverywhere,2022,"Grace Kaufman, Pico Alexander, Jacques Colimon, Cherry Jones, Jason Segel","['Drama', 'Romance']","The Sky Is Everywhere is a 2022 American coming-of-age romantic drama film directed by Josephine Decker and written by Jandy Nelson, based on the 2010 novel of the same name. The film stars Grace Kaufman, Pico Alexander, Jacques Colimon, Cherry Jones, and Jason Segel.",https://www.rottentomatoes.com/m/the_sky_is_everywhere,"Released Feb 11, 2022",65.0,60.0,5,Medium
theinbetween,2022,"Joey King, Kyle Allen, Kim Dickens, John Ortiz","['Romance', 'Science Fiction']","The In Between is a 2022 American science fiction romance film directed by Arie Posin, written by Marc Klein, and starring Joey King and Kyle Allen. The film was released on February 11, 2022 on Paramount+ and on April 8, 2022 on Netflix.",https://www.rottentomatoes.com/m/the_in_between,2019,100.0,78.0,4,Medium
fistfulofvengeance,2022,"Iko Uwais, Lewis Tan, Lawrence Kao, JuJu Chan, Pearl Thusi, Jason Tobin","['Action', 'Supernatural', 'Thriller']","Fistful of Vengeance is a 2022 American supernatural action thriller film directed by Roel Reiné, and written by Cameron Litvack, Jessica Chou and Yalun Tu. The film serves as a follow-up to the first season of the television series Wu Assassins, and stars Iko Uwais, Lewis Tan, Lawrence Kao, JuJu Chan, Pearl Thusi, Francesca Corney, Jason Tobin, Rhatha Phongam and Simon Kuke. The film was released worldwide on February 17, 2022, on Netflix.",https://www.rottentomatoes.com/m/fistful_of_vengeance,2022,43.0,66.0,6,Medium
uncharted,2022,"Tom Holland, Mark Wahlberg, Sophia Ali, Tati Gabrielle, Antonio Banderas","['Action', 'Adventure']","Uncharted is a 2022 American action-adventure film directed by Ruben Fleischer from a screenplay by Rafe Lee Judkins, Art Marcum, and Matt Holloway, based on the video game franchise of the same name developed by Naughty Dog and published by Sony Interactive Entertainment. It stars Tom Holland as Nathan Drake and Mark Wahlberg as Victor Sullivan, with Sophia Ali, Tati Gabrielle, and Antonio Banderas in supporting roles. In the film, Drake is recruited by Sullivan in a race against corrupt billionaire Santiago Moncada (Banderas) and mercenary leader Jo Braddock (Gabrielle) to locate the fabled treasure of the Magellan expedition.",https://www.rottentomatoes.com/m/uncharted,2009,,17.0,5,Medium
dog,2022,"Channing Tatum, Jane Adams, Kevin Nash, Q'orianka Kilcher, Ethan Suplee, Emmy Raver-Lampman, Nicole LaLiberte","['Comedy', 'Drama']","Dog is a 2022 American comedy drama road film directed by Channing Tatum and Reid Carolin, both making their respective film directorial debuts, based on a story by Carolin and Brett Rodriguez. The film stars Tatum as an Army Ranger who is tasked with escorting the military dog of his fallen friend to his funeral. The film also stars Jane Adams, Kevin Nash, Q'orianka Kilcher, Ethan Suplee, Emmy Raver-Lampman, and Nicole LaLiberte in supporting roles. The film was produced by Free Association on a budget of $15 million.",https://www.rottentomatoes.com/m/dog,2001,,,7,Medium
thecursed,2022,"Boyd Holbrook, Kelly Reilly, Alistair Petrie",['Horror'],"The Cursed is a 2021 gothic horror film directed and written by Sean Ellis. The film stars Boyd Holbrook, Kelly Reilly, Alistair Petrie, and Roxane Duran. The film premiered at the 2021 Sundance Film Festival under the title Eight for Silver. The film was released in the United States on February 18, 2022, by LD Entertainment. It received generally positive reviews from critics.",https://www.rottentomatoes.com/m/the_cursed,2010,,,3,Small
afairytaleafterall,2022,"Emily Shenaut, Brian Hull, Gabriel Burrafato, Bridget Winder, Timothy N. Kopacz, Anna Brisbin","['Fantasy', 'Musical']","A Fairy Tale After All is a 2022 American musical fantasy film produced, written and directed by Erik Peter Carlson. The film stars Emily Shenaut, Brian Hull, Gabriel Burrafato, Bridget Winder, Timothy N. Kopacz, and Anna Brisbin. The film was released theatrical and VOD by Vertical Entertainment on February 18, 2022.",https://www.rottentomatoes.com/m/a_fairy_tale_after_all,"Released Feb 18, 2022",,92.0,6,Medium
cyrano,2022,"Peter Dinklage, Haley Bennett, Kelvin Harrison Jr., Ben Mendelsohn","['Drama', 'Musical', 'Romance']","Cyrano is a 2021 musical romantic drama film directed by Joe Wright and with a screenplay by Erica Schmidt, based on Schmidt's 2018 stage musical of the same name, itself based on the 1897 Edmond Rostand play Cyrano de Bergerac. The film stars Peter Dinklage, Haley Bennett, Kelvin Harrison Jr., and Ben Mendelsohn.",https://www.rottentomatoes.com/m/cyrano,"Released Feb 25, 2022",85.0,86.0,4,Medium
noexit,2022,"Havana Rose Liu, Danny Ramirez, Dennis Haysbert","['Thriller', 'War']","No Exit is a 2022 American thriller film directed by Damien Power from a screenplay by Andrew Barrer and Gabriel Ferrari, based on the 2017 novel of the same name by Taylor Adams. It stars Havana Rose Liu as a recovering drug addict who discovers a kidnapping in progress while stranded at a rest stop during a blizzard. Danny Ramirez, David Rysdahl, Dale Dickey, and Dennis Haysbert co-star as the four suspects while Mila Harris plays the victim. No Exit was released on February 25, 2022, on Hulu by 20th Century Studios. It received mixed reviews from critics, who categorized it as a ""reasonably diverting"" popcorn movie.",https://www.rottentomatoes.com/m/no_exit,1954,,50.0,3,Small
gasolinealley,2022,"Bruce Willis, Luke Wilson, Devon Sawa","['Action', 'Thriller', 'War']","Gasoline Alley is a 2022 American action thriller film directed by Edward John Drake, starring Devon Sawa, Bruce Willis and Luke Wilson. It was released in the United States on February 25, 2022 by Saban Films.",https://www.rottentomatoes.com/m/gasoline_alley,"Released Feb 25, 2022",31.0,86.0,3,Small
thebatman,2022,"Robert Pattinson, Zoë Kravitz, Paul Dano, Jeffrey Wright, John Turturro, Peter Sarsgaard, Barry Keoghan, Andy Serkis, Colin Farrell",['Superhero'],"The Batman is a 2022 American superhero film based on the DC Comics character Batman. Produced by Warner Bros. Pictures, DC Films, 6th & Idaho, and Dylan Clark Productions, and distributed by Warner Bros. Pictures, it is a reboot of the Batman film franchise. The film was directed by Matt Reeves, who wrote the screenplay with Peter Craig. It stars Robert Pattinson as Bruce Wayne / Batman alongside Zoë Kravitz, Paul Dano, Jeffrey Wright, John Turturro, Peter Sarsgaard, Andy Serkis, and Colin Farrell. The film sees Batman, who has been fighting crime in Gotham City for two years, uncover corruption while pursuing the Riddler (Dano), a serial killer who targets Gotham's corrupt elite.",https://www.rottentomatoes.com/m/the_batman,"Released Mar 4, 2022",85.0,87.0,9,Medium
thebatman,2022,"Robert Pattinson, Zoë Kravitz, Paul Dano, Jeffrey Wright, John Turturro, Peter Sarsgaard, Barry Keoghan, Andy Serkis, Colin Farrell",['Superhero'],"The Batman is a 2022 American superhero film based on the DC Comics character Batman. Produced by Warner Bros. Pictures, DC Films, 6th & Idaho, and Dylan Clark Productions, and distributed by Warner Bros. Pictures, it is a reboot of the Batman film franchise. The film was directed by Matt Reeves, who wrote the screenplay with Peter Craig. It stars Robert Pattinson as Bruce Wayne / Batman alongside Zoë Kravitz, Paul Dano, Jeffrey Wright, John Turturro, Peter Sarsgaard, Andy Serkis, and Colin Farrell. The film sees Batman, who has been fighting crime in Gotham City for two years, uncover corruption while pursuing the Riddler (Dano), a serial killer who targets Gotham's corrupt elite.",https://www.rottentomatoes.com/m/the_batman,"Released Mar 4, 2022",85.0,87.0,9,Medium
afteryang,2022,"Colin Farrell, Jodie Turner-Smith, Justin H. Min, Malea Emma Tjandrawidjaja, Haley Lu Richardson, Ritchie Coster, Sarita Choudhury, Clifton Collins Jr.","['Drama', 'Science Fiction']","After Yang is a 2021 American science fiction drama film adaptation written, directed, and edited by Kogonada. It stars Colin Farrell, Jodie Turner-Smith, Justin H. Min, Malea Emma Tjandrawidjaja, and Haley Lu Richardson. The plot follows a family's attempts to repair their unresponsive robotic child. The film had its world premiere at the Cannes Film Festival on July 8, 2021, and was released on March 4, 2022, by A24 and Showtime. It received generally positive reviews from critics.",https://www.rottentomatoes.com/m/after_yang,"Released Mar 4, 2022",89.0,69.0,8,Medium
fresh,2022,"Daisy Edgar-Jones, Sebastian Stan, Jonica T. Gibbs, Charlotte Le Bon, Andrea Bang, Dayo Okeniyi","['Horror', 'Thriller']","Fresh is a 2022 American horror thriller film directed by Mimi Cave, in her directorial debut, from a screenplay by Lauryn Kahn. The film stars Daisy Edgar-Jones and Sebastian Stan. It is a co-production between Legendary Pictures and Hyperobject Industries; Adam McKay produced the film alongside Kevin J. Messick.",https://www.rottentomatoes.com/m/fresh,1994,88.0,91.0,6,Medium
fresh,2022,"Daisy Edgar-Jones, Sebastian Stan, Jonica T. Gibbs, Charlotte Le Bon, Andrea Bang, Dayo Okeniyi","['Horror', 'Thriller']","Fresh is a 2022 American horror thriller film directed by Mimi Cave, in her directorial debut, from a screenplay by Lauryn Kahn. The film stars Daisy Edgar-Jones and Sebastian Stan. It is a co-production between Legendary Pictures and Hyperobject Industries; Adam McKay produced the film alongside Kevin J. Messick.",https://www.rottentomatoes.com/m/fresh,1994,88.0,91.0,6,Medium
adaytodie,2022,"Kevin Dillon, Bruce Willis, Frank Grillo",['Action'],"A Day to Die is an 2022 American heist action film written, directed, and produced by Wes Miller. It stars Kevin Dillon, Bruce Willis, Gianni Capaldi, Brooke Butler, Leon, and Frank Grillo. The film was released on March 4, 2022, by Vertical Entertainment.",https://www.rottentomatoes.com/m/a_day_to_die,"Released Mar 4, 2022",,87.0,3,Small
theadamproject,2022,"Ryan Reynolds, Mark Ruffalo, Jennifer Garner, Walker Scobell, Catherine Keener, Zoe Saldana","['Action', 'Comedy', 'Science Fiction']","The Adam Project is a 2022 American science fiction action comedy film co-produced by Skydance Media, Maximum Effort, and 21 Laps Entertainment. It was directed by Shawn Levy from a screenplay written by Jonathan Tropper, T.S. Nowlin, Jennifer Flackett and Mark Levin. The movie stars Ryan Reynolds, Walker Scobell, Mark Ruffalo, Jennifer Garner, Catherine Keener and Zoe Saldaña. The plot follows a fighter pilot (Reynolds) from the future, who goes back in time and encounters his younger self (Scobell).",https://www.rottentomatoes.com/m/the_adam_project,2022,68.0,73.0,6,Medium
turningred,2022,"Rosalie Chiang, Sandra Oh, Ava Morse, Hyein Park, Maitreyi Ramakrishnan, Orion Lee, Wai Ching Ho, Tristan Allerick Chen, James Hong","['Animated', 'Comedy', 'Fantasy']","Turning Red is a 2022 American computer-animated fantasy comedy film produced by Pixar Animation Studios and distributed by Walt Disney Studios Motion Pictures. It was directed by Domee Shi and produced by Lindsey Collins, from a screenplay written by Shi and Julia Cho, and a story by Shi, Cho, and Sarah Streicher. The film marks the first Pixar feature film solely directed by a woman. It stars the voices of Rosalie Chiang, Sandra Oh, Ava Morse, Hyein Park, Maitreyi Ramakrishnan, Orion Lee, Wai Ching Ho, Tristan Allerick Chen, and James Hong. Set in Toronto, Ontario, in 2002, the film follows Meilin ""Mei"" Lee (Chiang), a 13-year-old Chinese-Canadian student who transforms into a giant red panda when she experiences any strong emotion, due to a hereditary curse.",https://www.rottentomatoes.com/m/turning_red,Released Feb 9,95.0,67.0,9,Medium
tysonsrun,2022,"Rory Cochrane, Amy Smart, Major Dodson, Barkhad Abdi",['Drama'],"Tyson's Run is a 2022 American drama film written and directed by Kim Bass and starring Rory Cochrane, Amy Smart, Major Dodson and Barkhad Abdi.",https://www.rottentomatoes.com/m/tysons_run,"Released Mar 11, 2022",67.0,86.0,4,Medium
rescuedbyruby,2022,"Grant Gustin, Scott Wolf, Kaylah Zander","['Drama', 'Biography']","Rescued by Ruby is a 2022 American biographical drama film directed by Katt Shea. Its story follows a state trooper named Dan, who dreams of joining the K-9 search and rescue team of the state police, however has been unsuccessful in doing so until he befriends a shelter dog named Ruby. The film is based on a true story. The film was released on March 17, 2022, by Netflix.",https://www.rottentomatoes.com/m/rescued_by_ruby,2022,88.0,87.0,3,Small
theoutfit,2022,"Mark Rylance, Zoey Deutch, Johnny Flynn, Dylan O'Brien, Nikki Amuka-Bird, Simon Russell Beale","['Crime', 'Drama', 'Thriller']","The Outfit is a 2022 American psychological crime drama thriller film directed by Graham Moore in his directorial debut from a screenplay by Moore and Johnathan McClain. The film stars Mark Rylance who leads an ensemble cast including Zoey Deutch, Johnny Flynn, Dylan O'Brien, Nikki Amuka-Bird, and Simon Russell Beale. Rylance plays an English cutter who works at a tailor shop in Chicago, whose primary customers are a family of vicious gangsters. The film premiered at the 72nd Berlin International Film Festival on February 14, 2022, and released in the United States on March 18, 2022, by Focus Features, to positive reviews.",https://www.rottentomatoes.com/m/the_outfit,"Released May 27, 1974",80.0,73.0,6,Medium
theoutfit,2022,"Mark Rylance, Zoey Deutch, Johnny Flynn, Dylan O'Brien, Nikki Amuka-Bird, Simon Russell Beale","['Crime', 'Drama', 'Thriller']","The Outfit is a 2022 American psychological crime drama thriller film directed by Graham Moore in his directorial debut from a screenplay by Moore and Johnathan McClain. The film stars Mark Rylance who leads an ensemble cast including Zoey Deutch, Johnny Flynn, Dylan O'Brien, Nikki Amuka-Bird, and Simon Russell Beale. Rylance plays an English cutter who works at a tailor shop in Chicago, whose primary customers are a family of vicious gangsters. The film premiered at the 72nd Berlin International Film Festival on February 14, 2022, and released in the United States on March 18, 2022, by Focus Features, to positive reviews.",https://www.rottentomatoes.com/m/outfit,1993,,,6,Medium
theoutfit,2022,"Mark Rylance, Zoey Deutch, Johnny Flynn, Dylan O'Brien, Nikki Amuka-Bird, Simon Russell Beale","['Crime', 'Drama', 'Thriller']","The Outfit is a 2022 American psychological crime drama thriller film directed by Graham Moore in his directorial debut from a screenplay by Moore and Johnathan McClain. The film stars Mark Rylance who leads an ensemble cast including Zoey Deutch, Johnny Flynn, Dylan O'Brien, Nikki Amuka-Bird, and Simon Russell Beale. Rylance plays an English cutter who works at a tailor shop in Chicago, whose primary customers are a family of vicious gangsters. The film premiered at the 72nd Berlin International Film Festival on February 14, 2022, and released in the United States on March 18, 2022, by Focus Features, to positive reviews.",https://www.rottentomatoes.com/m/the_outfit,"Released May 27, 1974",80.0,73.0,6,Medium
theoutfit,2022,"Mark Rylance, Zoey Deutch, Johnny Flynn, Dylan O'Brien, Nikki Amuka-Bird, Simon Russell Beale","['Crime', 'Drama', 'Thriller']","The Outfit is a 2022 American psychological crime drama thriller film directed by Graham Moore in his directorial debut from a screenplay by Moore and Johnathan McClain. The film stars Mark Rylance who leads an ensemble cast including Zoey Deutch, Johnny Flynn, Dylan O'Brien, Nikki Amuka-Bird, and Simon Russell Beale. Rylance plays an English cutter who works at a tailor shop in Chicago, whose primary customers are a family of vicious gangsters. The film premiered at the 72nd Berlin International Film Festival on February 14, 2022, and released in the United States on March 18, 2022, by Focus Features, to positive reviews.",https://www.rottentomatoes.com/m/outfit,1993,,,6,Medium
cheaperbythedozen,2022,"Gabrielle Union, Zach Braff, Erika Christensen","['Comedy', 'Family']","Cheaper by the Dozen is a 2022 American family-comedy film directed by Gail Lerner from a screenplay written by Kenya Barris and Jenifer Rice-Genzuk Henry, with Shawn Levy serving as an executive producer. It is the third film adaptation of the 1948 semi-autobiographical novel of the same name by Frank Bunker Gilbreth Jr. and his sister Ernestine Gilbreth Carey following the 1950 and 2003 films. The film stars Gabrielle Union, Zach Braff, Erika Christensen, and Timon Kyle Durratt with supporting roles by Christian Cote, Sebastian Cote, Christina Anthony, Caylee Blosenski, Journey Brown, Brittany Daniel, Mykal-Michelle Harris, Cynthia Daniel Hauser, Abby Elliott, Ron Funches, Leo Abelo Perry, Luke Prael, June Diane Raphael, Andre Robinson, Kylie Rogers, and Aryan Simhadri. It tells the story of a restaurant proprietor and his second wife as they raise the kids from the restaurateur's previous marriage, the second wife's family, and the children they later conceived as their respective exes are still involved in their children's life.",https://www.rottentomatoes.com/m/cheaper_by_the_dozen,"Released Dec 25, 2003",24.0,56.0,3,Small
cheaperbythedozen,2022,"Gabrielle Union, Zach Braff, Erika Christensen","['Comedy', 'Family']","Cheaper by the Dozen is a 2022 American family-comedy film directed by Gail Lerner from a screenplay written by Kenya Barris and Jenifer Rice-Genzuk Henry, with Shawn Levy serving as an executive producer. It is the third film adaptation of the 1948 semi-autobiographical novel of the same name by Frank Bunker Gilbreth Jr. and his sister Ernestine Gilbreth Carey following the 1950 and 2003 films. The film stars Gabrielle Union, Zach Braff, Erika Christensen, and Timon Kyle Durratt with supporting roles by Christian Cote, Sebastian Cote, Christina Anthony, Caylee Blosenski, Journey Brown, Brittany Daniel, Mykal-Michelle Harris, Cynthia Daniel Hauser, Abby Elliott, Ron Funches, Leo Abelo Perry, Luke Prael, June Diane Raphael, Andre Robinson, Kylie Rogers, and Aryan Simhadri. It tells the story of a restaurant proprietor and his second wife as they raise the kids from the restaurateur's previous marriage, the second wife's family, and the children they later conceived as their respective exes are still involved in their children's life.",https://www.rottentomatoes.com/m/cheaper_by_the_dozen,"Released Dec 25, 2003",24.0,56.0,3,Small
cheaperbythedozen,2022,"Gabrielle Union, Zach Braff, Erika Christensen","['Comedy', 'Family']","Cheaper by the Dozen is a 2022 American family-comedy film directed by Gail Lerner from a screenplay written by Kenya Barris and Jenifer Rice-Genzuk Henry, with Shawn Levy serving as an executive producer. It is the third film adaptation of the 1948 semi-autobiographical novel of the same name by Frank Bunker Gilbreth Jr. and his sister Ernestine Gilbreth Carey following the 1950 and 2003 films. The film stars Gabrielle Union, Zach Braff, Erika Christensen, and Timon Kyle Durratt with supporting roles by Christian Cote, Sebastian Cote, Christina Anthony, Caylee Blosenski, Journey Brown, Brittany Daniel, Mykal-Michelle Harris, Cynthia Daniel Hauser, Abby Elliott, Ron Funches, Leo Abelo Perry, Luke Prael, June Diane Raphael, Andre Robinson, Kylie Rogers, and Aryan Simhadri. It tells the story of a restaurant proprietor and his second wife as they raise the kids from the restaurateur's previous marriage, the second wife's family, and the children they later conceived as their respective exes are still involved in their children's life.",https://www.rottentomatoes.com/m/cheaper_by_the_dozen,"Released Dec 25, 2003",24.0,56.0,3,Small
windfall,2022,"Lily Collins, Jesse Plemons, Jason Segel","['Crime', 'Thriller']","Windfall is a 2022 American crime thriller film directed by Charlie McDowell from a screenplay by Andrew Kevin Walker and Justin Lader. The film stars Jason Segel, Lily Collins, and Jesse Plemons.",https://www.rottentomatoes.com/m/windfall,2002,,29.0,3,Small
x,2022,"Mia Goth, Jenna Ortega, Martin Henderson, Brittany Snow, Owen Campbell, Stephen Ure, Scott Mescudi",['Slasher'],"X is a 2022 American slasher film written, directed, produced and edited by Ti West. It stars Mia Goth in dual roles: a young woman named Maxine and Pearl, an elderly woman. The film also stars Jenna Ortega, Martin Henderson, Brittany Snow, Owen Campbell, Stephen Ure, and Scott Mescudi appearing in supporting roles. The film follows a cast and crew who gather to make a pornographic film on an elderly couple's rural Texas property, but find themselves threatened by the killer couple.",https://www.rottentomatoes.com/m/x,2021,,,7,Medium
umma,2022,"Sandra Oh, Fivel Stewart, MeeWha Alana Lee, Tom Yi, Odeya Rush, Dermot Mulroney","['Horror', 'Supernatural']","Umma (Korean: 엄마) is a 2022 American supernatural horror film, written and directed by Iris K. Shim. The film stars Sandra Oh, Fivel Stewart, MeeWha Alana Lee, Tom Yi, Odeya Rush, and Dermot Mulroney. Sam Raimi serves as a producer on the film. The film follows Amanda (Oh), a single mother who lives with her daughter in an isolated farm being haunted by her mother's ghost.",https://www.rottentomatoes.com/m/umma,"Released Mar 18, 2022",31.0,51.0,6,Medium
alice,2022,"Keke Palmer, Common, Gaius Charles, Jonny Lee Miller","['Crime', 'Thriller']","Alice is a 2022 American crime thriller film set in the 1970s, written and directed by Krystin Ver Linden, in her directorial debut. The film stars Keke Palmer, Jonny Lee Miller, Common, Gaius Charles, and Alicia Witt.",https://www.rottentomatoes.com/m/alice,1999,,,4,Medium
alice,2022,"Keke Palmer, Common, Gaius Charles, Jonny Lee Miller","['Crime', 'Thriller']","Alice is a 2022 American crime thriller film set in the 1970s, written and directed by Krystin Ver Linden, in her directorial debut. The film stars Keke Palmer, Jonny Lee Miller, Common, Gaius Charles, and Alicia Witt.",https://www.rottentomatoes.com/m/alice,1999,,,4,Medium
master,2022,"Regina Hall, Zoe Renee, Amber Gray","['Horror', 'Thriller']","Master is a 2022 American psychological horror thriller film written and directed by Mariama Diallo in her directorial debut. The film stars Regina Hall, Zoe Renee, and Amber Gray.",https://www.rottentomatoes.com/m/master,"Released Oct 23, 2018",,64.0,3,Small
master,2022,"Regina Hall, Zoe Renee, Amber Gray","['Horror', 'Thriller']","Master is a 2022 American psychological horror thriller film written and directed by Mariama Diallo in her directorial debut. The film stars Regina Hall, Zoe Renee, and Amber Gray.",https://www.rottentomatoes.com/m/master,"Released Oct 23, 2018",,64.0,3,Small
measureofrevenge,2022,"Bella Thorne, Melissa Leo, Roma Maffia, Jake Weary, Adrian Martinez",['Thriller'],"Measure of Revenge is a 2022 American thriller film directed by Peyfa. It stars Bella Thorne, Melissa Leo, Roma Maffia, Jake Weary and Adrian Martinez. Timur Bekbosunov, Jordan Galland wrote the screenplay.
Jen Gatien and Peter Wong produced the film.",https://www.rottentomatoes.com/m/measure_of_revenge,"Released Mar 18, 2022",12.0,50.0,5,Medium
thelostcity,2022,"Sandra Bullock, Channing Tatum, Daniel Radcliffe, Da'Vine Joy Randolph, Brad Pitt","['Action', 'Adventure', 'Comedy']","The Lost City is a 2022 American action-adventure comedy film directed by the Nee brothers, who co-wrote the screenplay with Oren Uziel and Dana Fox, from a story conceived by Seth Gordon. It stars Sandra Bullock and Channing Tatum as a romance novelist and her cover model respectively who must escape a billionaire who wants her to find a lost ancient burial chamber described in one of her books. The film co-stars Da'Vine Joy Randolph and Brad Pitt.",https://www.rottentomatoes.com/m/the_lost_city,"Released Mar 25, 2022",79.0,83.0,5,Medium
everythingeverywhereallatonce,2022,"Michelle Yeoh, Stephanie Hsu, Ke Huy Quan, Jenny Slate, Harry Shum Jr., James Hong, Jamie Lee Curtis","['Comedy', 'Drama', 'Science Fiction']","Everything Everywhere All at Once is a 2022 American absurdist science fiction comedy-drama film written and directed by Daniel Kwan and Daniel Scheinert, who produced it with Anthony and Joe Russo and Jonathan Wang. Michelle Yeoh stars as Evelyn Quan Wang, a Chinese-American immigrant who, while being audited by the IRS, discovers that she must connect with parallel universe versions of herself to prevent a powerful being from destroying the multiverse. The film also stars Stephanie Hsu, Ke Huy Quan, Jamie Lee Curtis, Jenny Slate, Harry Shum Jr., and James Hong in supporting roles. And it was fun. They had a lot of fun when they made this movie. It was fun to watch too",https://www.rottentomatoes.com/m/everything_everywhere_all_at_once,In Theaters Wed Aug 28,93.0,77.0,7,Medium
infinitestorm,2022,"Naomi Watts, Billy Howle, Sophie Okonedo, Denis O'Hare, Parker Sawyers","['Adventure', 'Drama']","Infinite Storm is a 2022 American drama adventure film directed by Małgorzata Szumowska, co-directed by Michał Englert, and with a screenplay by Josh Rollins, based on the article High Places: Footprints in the Snow Lead to an Emotional Rescue by Ty Gagne. The film stars Naomi Watts, Billy Howle, Denis O'Hare, Parker Sawyers and Eliot Sumner.",https://www.rottentomatoes.com/m/infinite_storm,"Released Mar 25, 2022",56.0,55.0,5,Medium
moonshot,2022,"Cole Sprouse, Lana Condor, Mason Gooding, Emily Rudd, Zach Braff","['Comedy', 'Romance', 'Science Fiction']","Moonshot is a 2022 American science-fiction romantic comedy film directed by Chris Winterbauer and written by Max Taxe. It stars Cole Sprouse, Lana Condor, Mason Gooding, Emily Rudd, and Zach Braff. The plot follows a college student (Condor) who helps a barista (Sprouse) sneak on board a space shuttle to Mars. The film was released on HBO Max on March 31, 2022, and was removed from the service in August.",https://www.rottentomatoes.com/m/moonshot,2016,,,5,Medium
morbius,2022,"Jared Leto, Matt Smith, Adria Arjona, Jared Harris, Al Madrigal, Tyrese Gibson",['Superhero'],"Morbius is a 2022 American superhero film based on the Marvel Comics character of the same name, produced by Columbia Pictures in association with Marvel. Distributed by Sony Pictures Releasing, it is the third film in Sony's Spider-Man Universe (SSU). Directed by Daniel Espinosa and written by Matt Sazama and Burk Sharpless, it stars Jared Leto as Dr. Michael Morbius, alongside Matt Smith, Adria Arjona, Jared Harris, Al Madrigal, and Tyrese Gibson. In the film, Morbius and his surrogate brother Milo (Smith) become living vampires after curing themselves of a rare blood disease.",https://www.rottentomatoes.com/m/morbius,"Released Apr 1, 2022",15.0,71.0,6,Medium
thecontractor,2022,"Chris Pine, Ben Foster, Gillian Jacobs, Eddie Marsan, J. D. Pardo, Florian Munteanu, Kiefer Sutherland","['Action', 'Thriller']","The Contractor is a 2022 American action thriller film directed by Tarik Saleh in his English-language film debut. The film stars Chris Pine, Ben Foster, Gillian Jacobs, Eddie Marsan, J. D. Pardo, Florian Munteanu, and Kiefer Sutherland. Filming began in Europe including Fort Bragg in October 2019 and wrapped in the filming at the end of 2019.",https://www.rottentomatoes.com/m/contractor,2007,,28.0,7,Medium
betternatethanever,2022,"Rueby Wood, Joshua Bassett, Aria Brooks, Lisa Kudrow, Norbert Leo Butz","['Comedy', 'Musical']","Better Nate Than Ever is a 2022 American musical comedy film written and directed by Tim Federle, based on his 2013 novel of the same name. Described as a coming-of-age story involving musical theater and Broadway, the story centers on the titular Nate Foster, played by Rueby Wood in his first film role. Lisa Kudrow, Aria Brooks and Joshua Bassett serve in supporting cast roles.",https://www.rottentomatoes.com/m/better_nate_than_ever,2022,83.0,75.0,5,Medium
apollo1012aspaceagechildhood,2022,"Glen Powell, Zachary Levi, Milo Coy, Jack Black","['Animated', 'Drama', 'Teen']","Apollo 10+1⁄2: A Space Age Childhood is a 2022 American animated coming of age drama film set during the events preceding the Apollo 11 Moon landing, loosely based on the childhood of writer, director, and producer Richard Linklater. It presents a fictional tale of a fourth-grader who becomes the first person to land on the Moon and stars Glen Powell, Jack Black, Zachary Levi and Josh Wiggins.",https://www.rottentomatoes.com/m/apollo_10_12_a_space_age_childhood,2022,91.0,82.0,4,Medium
sonicthehedgehog2,2022,"James Marsden, Ben Schwartz, Tika Sumpter, Natasha Rothwell, Adam Pally, Shemar Moore, Colleen O'Shaughnessey, Lee Majdoub, Idris Elba, Jim Carrey","['Action', 'Adventure', 'Comedy']","Sonic the Hedgehog 2 is a 2022 action-adventure comedy film based on the video game series published by Sega, and the sequel to Sonic the Hedgehog (2020). Directed by Jeff Fowler and written by Pat Casey, Josh Miller, and John Whittington, the film stars Ben Schwartz, Jim Carrey, James Marsden, Tika Sumpter, Natasha Rothwell, Adam Pally, Lee Majdoub, and Colleen O'Shaughnessey reprising their roles, with Idris Elba and Shemar Moore joining the cast. In the film, after settling in Green Hills, Sonic tries to prove himself as a hero, but his big test comes when the evil Doctor Robotnik returns, alongside his new rival, Knuckles the Echidna, in search of the Master Emerald.",https://www.rottentomatoes.com/m/sonic_the_hedgehog_2,"Released Apr 8, 2022",68.0,96.0,10,Medium
sonicthehedgehog2,2022,"James Marsden, Ben Schwartz, Tika Sumpter, Natasha Rothwell, Adam Pally, Shemar Moore, Colleen O'Shaughnessey, Lee Majdoub, Idris Elba, Jim Carrey","['Action', 'Adventure', 'Comedy']","Sonic the Hedgehog 2 is a 2022 action-adventure comedy film based on the video game series published by Sega, and the sequel to Sonic the Hedgehog (2020). Directed by Jeff Fowler and written by Pat Casey, Josh Miller, and John Whittington, the film stars Ben Schwartz, Jim Carrey, James Marsden, Tika Sumpter, Natasha Rothwell, Adam Pally, Lee Majdoub, and Colleen O'Shaughnessey reprising their roles, with Idris Elba and Shemar Moore joining the cast. In the film, after settling in Green Hills, Sonic tries to prove himself as a hero, but his big test comes when the evil Doctor Robotnik returns, alongside his new rival, Knuckles the Echidna, in search of the Master Emerald.",https://www.rottentomatoes.com/m/sonic_the_hedgehog_2,"Released Apr 8, 2022",68.0,96.0,10,Medium
ambulance,2022,"Jake Gyllenhaal, Yahya Abdul-Mateen II, Eiza González","['Action', 'Thriller']","Ambulance is a 2022 American action thriller film directed and co-produced by Michael Bay and written by Chris Fedak. A co-production between New Republic Pictures, Project X Entertainment and Bay Films, it is based on the 2005 Danish film of the same name by Laurits Munch-Petersen and Lars Andreas Pedersen. It stars Jake Gyllenhaal, Yahya Abdul-Mateen II, and Eiza González and follows two adoptive siblings turned bank robbers who hijack an ambulance and take two first responders hostage.",https://www.rottentomatoes.com/m/ambulance,"Released Apr 8, 2022",68.0,88.0,3,Small
ambulance,2022,"Jake Gyllenhaal, Yahya Abdul-Mateen II, Eiza González","['Action', 'Thriller']","Ambulance is a 2022 American action thriller film directed and co-produced by Michael Bay and written by Chris Fedak. A co-production between New Republic Pictures, Project X Entertainment and Bay Films, it is based on the 2005 Danish film of the same name by Laurits Munch-Petersen and Lars Andreas Pedersen. It stars Jake Gyllenhaal, Yahya Abdul-Mateen II, and Eiza González and follows two adoptive siblings turned bank robbers who hijack an ambulance and take two first responders hostage.",https://www.rottentomatoes.com/m/ambulance,"Released Apr 8, 2022",68.0,88.0,3,Small
alltheoldknives,2022,"Chris Pine, Thandiwe Newton, Laurence Fishburne, Jonathan Pryce","['Spy', 'Thriller']","All the Old Knives is a 2022 American spy thriller film directed by Janus Metz Pedersen and written by Olen Steinhauer. It is based on Steinhauer's 2015 novel of the same name. The film stars Chris Pine, Thandiwe Newton, Laurence Fishburne, Jonathan Pryce and David Dawson.",https://www.rottentomatoes.com/m/all_the_old_knives,"Released Apr 8, 2022",64.0,45.0,4,Medium
metallords,2022,"Jaeden Martell, Isis Hainsworth, Adrian Greensmith, Brett Gelman, Joe Manganiello","['Comedy', 'Drama', 'Teen']","Metal Lords is a 2022 American teen comedy-drama film written by D. B. Weiss and directed by Peter Sollett. Its story follows two high school best friends and metal music lovers, Hunter and Kevin, who set out to start a metal band, against societal norms. The film was released on Netflix on April 8, 2022.",https://www.rottentomatoes.com/m/metal_lords,2022,63.0,84.0,5,Medium
fatherstu,2022,"Mark Wahlberg, Mel Gibson, Jacki Weaver, Teresa Ruiz","['Drama', 'Biography']","Father Stu is a 2022 biographical drama film starring Mark Wahlberg as Stuart Long, a boxer-turned-Catholic priest who lives with a progressive muscle disorder. The film is written and directed by Rosalind Ross in her directorial debut. The film was produced on a budget of $4 million.",https://www.rottentomatoes.com/m/father_stu,"Released Apr 13, 2022",43.0,95.0,4,Medium
fantasticbeaststhesecretsofdumbledore,2022,"Eddie Redmayne, Jude Law, Ezra Miller, Dan Fogler, Alison Sudol, Callum Turner, Jessica Williams, Katherine Waterston, Mads Mikkelsen",['Fantasy'],"Fantastic Beasts: The Secrets of Dumbledore is a 2022 fantasy film directed by David Yates from a screenplay by J. K. Rowling and Steve Kloves, based on a screenplay by Rowling. The sequel to Fantastic Beasts: The Crimes of Grindelwald (2018), it is the third instalment in the  Fantastic Beasts film series and the eleventh overall in the Wizarding World franchise. The film features an ensemble cast that includes Eddie Redmayne, Jude Law, Ezra Miller, Dan Fogler, Alison Sudol, Callum Turner, Jessica Williams, Katherine Waterston, and Mads Mikkelsen. Set several years after the events of its predecessor, the film sees Albus Dumbledore tasking Newt Scamander and his allies with a mission that takes them into the heart of dark wizard Gellert Grindelwald's army.",https://www.rottentomatoes.com/m/fantastic_beasts_the_secrets_of_dumbledore,"Released Apr 15, 2022",46.0,83.0,9,Medium
titanic666,2022,"Keesha Sharp, Jamie Bamber, Lydia Hearst, AnnaLynne McCord, Joseph Gatt","['Horror', 'Supernatural']","Titanic 666 is a 2022 American supernatural horror film directed by Nick Lyon and produced by The Asylum. It is a sequel to Titanic II (2010) and stars Jamie Bamber and Keesha Sharp. It was released on Tubi on the United States on April 15, 2022, on the 110th anniversary of the sinking of the Titanic. The film received generally unfavorable reviews, and users on social media noted the film's similarity to Titanic (1997) and Studio 666 (2022).",https://www.rottentomatoes.com/m/titanic_666,2022,,16.0,5,Medium
thebadguys,2022,"Sam Rockwell, Marc Maron, Craig Robinson, Anthony Ramos, Awkwafina, Richard Ayoade, Zazie Beetz, Lilly Singh, Alex Borstein","['Animated', 'Comedy', 'Family', 'Action']","The Bad Guys is a 2022 American computer-animated heist comedy film loosely based on the children's book series of the same name by Aaron Blabey, produced by DreamWorks Animation Studios and distributed by Universal Pictures. The film was directed by Pierre Perifel from a screenplay by Etan Cohen, and stars the voices of Sam Rockwell, Marc Maron, Awkwafina, Craig Robinson, Anthony Ramos, Richard Ayoade, Zazie Beetz, Alex Borstein, and Lilly Singh. It tells the story of a criminal group of anthropomorphic animals who, upon being caught, pretend to attempt to reform themselves as model citizens, only for their leader to find himself genuinely drawn to changing his ways for good as a new villain has his own plans.",https://www.rottentomatoes.com/m/the_bad_guys,2018,,,9,Medium
thenorthman,2022,"Alexander Skarsgård, Nicole Kidman, Claes Bang, Anya Taylor-Joy, Ethan Hawke, Björk, Willem Dafoe","['Action', 'Historical', 'Thriller']","The Northman is a 2022 American epic historical action thriller film directed by Robert Eggers, who co-wrote the screenplay with Sjón. Based on the legend of Amleth, the film stars Alexander Skarsgård, Nicole Kidman, Claes Bang, Anya Taylor-Joy, Ethan Hawke, Björk and Willem Dafoe. The plot centers on Amleth, a Viking prince who sets out on a quest to avenge the murder of his father. The film is heavily influenced by Norse mythology.",https://www.rottentomatoes.com/m/the_northman,"Released Apr 22, 2022",90.0,64.0,7,Medium
theunbearableweightofmassivetalent,2022,"Nicolas Cage, Pedro Pascal, Sharon Horgan, Ike Barinholtz, Alessandra Mastronardi, Jacob Scipio, Neil Patrick Harris, Tiffany Haddish","['Action', 'Comedy']","The Unbearable Weight of Massive Talent is a 2022 American action comedy film directed by Tom Gormican, who co-wrote the screenplay with Kevin Etten. It stars Nicolas Cage as a fictionalized version of himself, along with a supporting cast including Pedro Pascal, Sharon Horgan, Ike Barinholtz, Alessandra Mastronardi, Jacob Scipio, Neil Patrick Harris and Tiffany Haddish. Filming began in Croatia on October 5, 2020.",https://www.rottentomatoes.com/m/the_unbearable_weight_of_massive_talent,"Released Apr 22, 2022",87.0,87.0,8,Medium
polarbear,2022,Catherine Keener,['Documentary'],"Polar Bear is a 2022 American nature documentary film about polar bears directed by Alastair Fothergill and Jeff Wilson. Narrated by Catherine Keener, it is the sixteenth nature documentary to be released under the Disneynature label. The film was released as a Disney+ exclusive on Earth Day April 22, 2022.",https://www.rottentomatoes.com/m/polar_bear,2022,74.0,67.0,1,Small
thesurvivor,2022,"Ben Foster, Vicky Krieps, Billy Magnussen, Peter Sarsgaard, John Leguizamo, Danny DeVito","['Drama', 'Biography']","The Survivor is a 2021 biographical drama film, directed by Barry Levinson, from a screenplay by Justine Juel Gillmer. Ben Foster stars as Harry Haft, a real-life survivor of the Auschwitz concentration camp, where he boxed fellow inmates to survive. Vicky Krieps, Billy Magnussen, Peter Sarsgaard, John Leguizamo, and Danny DeVito co-star. The film had its world premiere at the Toronto International Film Festival in September 2021, and was released on HBO on April 27, 2022.",https://www.rottentomatoes.com/m/the_survivor,1998,,,6,Medium
memory,2022,"Liam Neeson, Guy Pearce, Monica Bellucci, Harold Torres, Taj Atwal, Ray Fearon","['Action', 'Thriller']","Memory is a 2022 American action thriller film directed by Martin Campbell from a screenplay by Dario Scardapane. It is based on the novel De Zaak Alzheimer by Jef Geeraerts and is a remake of the novel's previous adaptation, the Belgian film The Alzheimer Case. The film stars Liam Neeson as a brooding hitman with early dementia who must go on the run after declining a contract on a young girl; Guy Pearce, Monica Bellucci, Harold Torres, Taj Atwal and Ray Fearon also star.",https://www.rottentomatoes.com/m/memory,2007,14.0,47.0,6,Medium
memory,2022,"Liam Neeson, Guy Pearce, Monica Bellucci, Harold Torres, Taj Atwal, Ray Fearon","['Action', 'Thriller']","Memory is a 2022 American action thriller film directed by Martin Campbell from a screenplay by Dario Scardapane. It is based on the novel De Zaak Alzheimer by Jef Geeraerts and is a remake of the novel's previous adaptation, the Belgian film The Alzheimer Case. The film stars Liam Neeson as a brooding hitman with early dementia who must go on the run after declining a contract on a young girl; Guy Pearce, Monica Bellucci, Harold Torres, Taj Atwal and Ray Fearon also star.",https://www.rottentomatoes.com/m/memory,2007,14.0,47.0,6,Medium
crush,2022,"Rowan Blanchard, Auliʻi Cravalho, Isabella Ferreira, Tyler Alvarez, Teala Dunn","['Comedy', 'Romance']","Crush is a 2022 American coming-of-age romantic comedy film directed by Sammi Cohen and written by Kirsten King and Casey Rackham. The film stars Rowan Blanchard and Auliʻi Cravalho in a story about a teenage girl joining her high-school track team to get closer to her crush, only to discover she is getting closer to another teammate. Crush was released digitally on April 29, 2022, on Hulu.",https://www.rottentomatoes.com/m/crush,"Released Apr 5, 2002",36.0,57.0,5,Medium
crush,2022,"Rowan Blanchard, Auliʻi Cravalho, Isabella Ferreira, Tyler Alvarez, Teala Dunn","['Comedy', 'Romance']","Crush is a 2022 American coming-of-age romantic comedy film directed by Sammi Cohen and written by Kirsten King and Casey Rackham. The film stars Rowan Blanchard and Auliʻi Cravalho in a story about a teenage girl joining her high-school track team to get closer to her crush, only to discover she is getting closer to another teammate. Crush was released digitally on April 29, 2022, on Hulu.",https://www.rottentomatoes.com/m/crush,"Released Apr 5, 2002",36.0,57.0,5,Medium
fortresssniperseye,2022,"Jesse Metcalfe, Bruce Willis, Chad Michael Murray",['Action'],"Fortress: Sniper's Eye is a 2022 American action film directed by Josh Sternfeld as a sequel to Fortress (2021). It stars Jesse Metcalfe, Bruce Willis, and Chad Michael Murray. The film was released on April 29, 2022, by Lionsgate Films.",https://www.rottentomatoes.com/m/fortress_snipers_eye,"Released Apr 29, 2022",0.0,58.0,3,Small
correctivemeasures,2022,"Bruce Willis, Michael Rooker",['Superhero'],"Corrective Measures is a 2022 American superhero film written, produced and directed by Sean O'Reilly and starring Bruce Willis and Michael Rooker. It is based on the graphic novel of the same name by Grant Chastain. It is also O'Reilly's debut in a live-action feature film.",https://www.rottentomatoes.com/m/corrective_measures,2022,60.0,27.0,2,Small
doctorstrangeinthemultiverseofmadness,2022,"Benedict Cumberbatch, Elizabeth Olsen, Chiwetel Ejiofor, Benedict Wong, Xochitl Gomez, Michael Stuhlbarg, Rachel McAdams",['Superhero'],"Doctor Strange in the Multiverse of Madness is a 2022 American superhero film based on Marvel Comics featuring the character Doctor Strange. Produced by Marvel Studios and distributed by Walt Disney Studios Motion Pictures, it is the sequel to Doctor Strange (2016) and the 28th film in the Marvel Cinematic Universe (MCU). The film was directed by Sam Raimi, written by Michael Waldron, and stars Benedict Cumberbatch as Stephen Strange, alongside Elizabeth Olsen, Chiwetel Ejiofor, Benedict Wong, Xochitl Gomez, Michael Stuhlbarg, and Rachel McAdams. In the film, Strange protects America Chavez (Gomez), a teenager capable of traveling the multiverse, from Wanda Maximoff (Olsen).",https://www.rottentomatoes.com/m/doctor_strange_in_the_multiverse_of_madness,"Released May 6, 2022",74.0,85.0,7,Medium
doctorstrangeinthemultiverseofmadness,2022,"Benedict Cumberbatch, Elizabeth Olsen, Chiwetel Ejiofor, Benedict Wong, Xochitl Gomez, Michael Stuhlbarg, Rachel McAdams",['Superhero'],"Doctor Strange in the Multiverse of Madness is a 2022 American superhero film based on Marvel Comics featuring the character Doctor Strange. Produced by Marvel Studios and distributed by Walt Disney Studios Motion Pictures, it is the sequel to Doctor Strange (2016) and the 28th film in the Marvel Cinematic Universe (MCU). The film was directed by Sam Raimi, written by Michael Waldron, and stars Benedict Cumberbatch as Stephen Strange, alongside Elizabeth Olsen, Chiwetel Ejiofor, Benedict Wong, Xochitl Gomez, Michael Stuhlbarg, and Rachel McAdams. In the film, Strange protects America Chavez (Gomez), a teenager capable of traveling the multiverse, from Wanda Maximoff (Olsen).",https://www.rottentomatoes.com/m/doctor_strange_in_the_multiverse_of_madness,"Released May 6, 2022",74.0,85.0,7,Medium
marmaduke,2022,"Pete Davidson, J. K. Simmons, David Koechner, Brian Hull","['Animated', 'Comedy']","Marmaduke is a 2022 computer-animated comedy film directed by Mark Dippé, and co-directed by Phil Nibbelink, Youngki Lee, and Matt Whelan, based on the comic strip of the same name by Paul and Brad Anderson. It is the second feature-length film based on the strip following the 2010 live-action film. The film stars Pete Davidson as the voice of Marmaduke, along with J. K. Simmons and David Koechner. It was released by SC Films in international countries and on Netflix in the United States on May 6, 2022. Marmaduke was universally panned by critics and audiences, with criticisms going towards its animation, screenplay, story, characters, and humor.",https://www.rottentomatoes.com/m/marmaduke,"Released Jun 4, 2010",9.0,42.0,4,Medium
marmaduke,2022,"Pete Davidson, J. K. Simmons, David Koechner, Brian Hull","['Animated', 'Comedy']","Marmaduke is a 2022 computer-animated comedy film directed by Mark Dippé, and co-directed by Phil Nibbelink, Youngki Lee, and Matt Whelan, based on the comic strip of the same name by Paul and Brad Anderson. It is the second feature-length film based on the strip following the 2010 live-action film. The film stars Pete Davidson as the voice of Marmaduke, along with J. K. Simmons and David Koechner. It was released by SC Films in international countries and on Netflix in the United States on May 6, 2022. Marmaduke was universally panned by critics and audiences, with criticisms going towards its animation, screenplay, story, characters, and humor.",https://www.rottentomatoes.com/m/marmaduke,"Released Jun 4, 2010",9.0,42.0,4,Medium
escapethefield,2022,"Jordan Claire Robbins, Theo Rossi, Tahirah Sharif, Shane West",['Thriller'],"Escape the Field is a 2022 American thriller film directed by Emerson Moore and starring Jordan Claire Robbins, Theo Rossi, and Shane West.",https://www.rottentomatoes.com/m/escape_the_field,"Released May 6, 2022",18.0,69.0,4,Medium
operationmincemeat,2022,"Colin Firth, Matthew Macfadyen, Kelly Macdonald, Penelope Wilton, Johnny Flynn, Jason Isaacs","['Drama', 'War']","Operation Mincemeat is a 2021 British war drama film directed by John Madden. It is based upon Ben Macintyre's book on the British Operation Mincemeat during the Second World War. The film stars Colin Firth, Kelly Macdonald, Matthew Macfadyen, Penelope Wilton, Johnny Flynn and Jason Isaacs. This was Paul Ritter's final film appearance, and was dedicated to his memory.",https://www.rottentomatoes.com/m/operation_mincemeat,"Released May 6, 2022",83.0,66.0,6,Medium
senioryear,2022,"Rebel Wilson, Sam Richardson, Zoë Chao, Mary Holland, Justin Hartley, Chris Parnell, Angourie Rice, Michael Cimino, Jeremy Ray Taylor, Brandon Scott Jones, Alicia Silverstone",['Comedy'],"Senior Year is a 2022 American comedy film directed by Alex Hardcastle from a screenplay by Andrew Knauer, Arthur Pielli, and Brandon Scott Jones. The film stars Rebel Wilson as a 37-year-old woman who awakens from a 20-year coma and decides to go back to high school to earn her diploma. Sam Richardson, Zoë Chao, Mary Holland, Justin Hartley, Chris Parnell, Angourie Rice, Michael Cimino, Jeremy Ray Taylor, Jones, and Alicia Silverstone also star. The film was released on May 13, 2022, by Netflix, and received mixed reviews from critics.",https://www.rottentomatoes.com/m/senior_year,2022,23.0,51.0,11,Medium
firestarter,2022,"Zac Efron, Ryan Kiera Armstrong, Sydney Lemmon, Kurtwood Smith, John Beasley, Michael Greyeyes, Gloria Reuben","['Horror', 'Science Fiction']","Firestarter is a 2022 American science fiction horror film directed by Keith Thomas, from a screenplay by Scott Teems, based on Stephen King's novel of the same name, and a remake of the 1984 film of the same name. The film stars Zac Efron, Ryan Kiera Armstrong, Sydney Lemmon, Kurtwood Smith, John Beasley, Michael Greyeyes, and Gloria Reuben. It is produced by Jason Blum and Akiva Goldsman under their Blumhouse Productions and Weed Road Pictures banners, respectively, alongside BoulderLight Pictures and Night Platform.",https://www.rottentomatoes.com/m/firestarter,1984,40.0,53.0,7,Medium
firestarter,2022,"Zac Efron, Ryan Kiera Armstrong, Sydney Lemmon, Kurtwood Smith, John Beasley, Michael Greyeyes, Gloria Reuben","['Horror', 'Science Fiction']","Firestarter is a 2022 American science fiction horror film directed by Keith Thomas, from a screenplay by Scott Teems, based on Stephen King's novel of the same name, and a remake of the 1984 film of the same name. The film stars Zac Efron, Ryan Kiera Armstrong, Sydney Lemmon, Kurtwood Smith, John Beasley, Michael Greyeyes, and Gloria Reuben. It is produced by Jason Blum and Akiva Goldsman under their Blumhouse Productions and Weed Road Pictures banners, respectively, alongside BoulderLight Pictures and Night Platform.",https://www.rottentomatoes.com/m/firestarter,1984,40.0,53.0,7,Medium
sneakerella,2022,"Chosen Jacobs, Lexi Underwood, John Salley","['Comedy', 'Musical']","Sneakerella is a 2022 American musical comedy film directed by Elizabeth Allen Rosenbaum and written by David Light & Joseph Raso, Tamara Chestna, Mindy Stern, and George Gore II. A re-imagining of the classic fairy tale Cinderella, the film stars Chosen Jacobs, Lexi Underwood, Devyn Nekoda, Bryan Terrell Clark, Kolton Stewart, Hayward Leach, Robyn Alomar, Yvonne Senat Jones, Juan Chioran, and John Salley.",https://www.rottentomatoes.com/m/sneakerella,2022,92.0,50.0,3,Small
onthecountofthree,2022,"Jerrod Carmichael, Christopher Abbott, Tiffany Haddish, J. B. Smoove, Henry Winkler","['Comedy', 'Drama']","On the Count of Three is an 2021 American black comedy-drama film directed by Jerrod Carmichael and written by Ari Katcher and Ryan Welch. It stars Carmichael and Christopher Abbott as two best friends who make a suicide pact and have one final day to take care of unfinished business. Tiffany Haddish, J. B. Smoove, Lavell Crawford, and Henry Winkler also star.",https://www.rottentomatoes.com/m/on_the_count_of_three,"Released May 13, 2022",85.0,80.0,5,Medium
privateproperty,2022,"Ashley Benson, Shiloh Fernandez, Logan Miller, Frank Whaley, Jay Pharoah",['Thriller'],Private Property is a 2022 American thriller film directed by Chadd Harbold and starring Ashley Benson and Shiloh Fernandez. It is a remake of the 1960 film of the same title.,https://www.rottentomatoes.com/m/private_property,2005,71.0,,5,Medium
familycamp,2022,"Tommy Woodward, Eddie James, Leigh-Allyn Baker, Mark Christopher Lawrence",['Comedy'],"Family Camp is a 2022 American religious comedy film directed by Brian Cates and written by Cates and Rene Gutteridge. The film stars Tommy Woodard, Eddie James, Leigh-Allyn Baker, and Gigi Orsillo, and follows two polar-opposite families who are forced to camp together, the fathers' struggles to hold onto their families and marriages as they compete for the coveted camp trophy. The film was released on May 13, 2022 in the United States, by Roadside Attractions. The film received mixed reviews and grossed $4 million at the box office.",https://www.rottentomatoes.com/m/family_camp,"Released May 13, 2022",40.0,84.0,4,Medium
montanastory,2022,"Haley Lu Richardson, Owen Teague",['Drama'],Montana Story is a 2021 American drama film written and directed by Scott McGehee and David Siegel. The film stars Haley Lu Richardson and Owen Teague. Two siblings return to their family's ranch in Montana after their father falls into a coma.,https://www.rottentomatoes.com/m/montana_story,"Released May 13, 2022",86.0,69.0,2,Small
vendetta,2022,"Clive Standen, Theo Rossi, Mike Tyson, Thomas Jane, Bruce Willis","['Action', 'Thriller']","Vendetta is a 2022 American action-thriller revenge film written and directed by Jared Cohn and starring Clive Standen, Theo Rossi, Mike Tyson, Thomas Jane, and Bruce Willis.",https://www.rottentomatoes.com/m/vendetta,2010,,,5,Medium
vendetta,2022,"Clive Standen, Theo Rossi, Mike Tyson, Thomas Jane, Bruce Willis","['Action', 'Thriller']","Vendetta is a 2022 American action-thriller revenge film written and directed by Jared Cohn and starring Clive Standen, Theo Rossi, Mike Tyson, Thomas Jane, and Bruce Willis.",https://www.rottentomatoes.com/m/vendetta,2010,,,5,Medium
downtonabbeyanewera,2022,"Hugh Bonneville, Elizabeth McGovern, Maggie Smith, Michelle Dockery, Laura Carmichael, Jim Carter, Phyllis Logan","['Drama', 'Historical']","Downton Abbey: A New Era is a 2022 historical drama film and the sequel to the 2019 film Downton Abbey. The film was written by Julian Fellowes, the creator and writer of the television series of the same name and was directed by Simon Curtis.
Downton Abbey: A New Era was released in the United Kingdom on 29 April 2022 by Universal Pictures and was released in the United States on 20 May by Focus Features. Like the first film, it received generally positive reviews from critics.",https://www.rottentomatoes.com/m/downton_abbey_a_new_era,"Released May 20, 2022",87.0,97.0,7,Medium
chipndalerescuerangers,2022,"John Mulaney, Andy Samberg, Will Arnett, Eric Bana, Keegan-Michael Key, Seth Rogen, J. K. Simmons, KiKi Layne","['Live Action', 'Adventure', 'Animated', 'Comedy']","Chip 'n Dale: Rescue Rangers is a 2022 American live-action/animated adventure comedy film based on the characters Chip and Dale and continuation of the animated TV series of the same name, excluding the duo's previous filmography. Directed by Akiva Schaffer and written by Dan Gregor and Doug Mand, the film stars John Mulaney and Andy Samberg as the voices of the titular pair, respectively, with KiKi Layne, Will Arnett, Eric Bana, Flula Borg, Dennis Haysbert, Keegan-Michael Key, Tress MacNeille, Tim Robinson, Seth Rogen and J.K. Simmons. Walt Disney Pictures co-produced the film in association with The Lonely Island and alongside producers David Hoberman and Todd Lieberman's Mandeville Films.",https://www.rottentomatoes.com/m/chip_n_dale_rescue_rangers,2022,80.0,79.0,8,Medium
goodmourning,2022,"Colson Baker, Mod Sun, Becky G, Dove Cameron, Pete Davidson, Whitney Cummings, Megan Fox",['Comedy'],"Good Mourning is a 2022 American stoner comedy film written, produced and directed by and starring Machine Gun Kelly and Mod Sun, in their directorial debuts. It also stars Zach Villa, GaTa, Becky G, Dove Cameron and Megan Fox.",https://www.rottentomatoes.com/m/good_mourning,"Released May 20, 2022",0.0,57.0,7,Medium
thevalet,2022,"Eugenio Derbez, Samara Weaving","['Comedy', 'Romance']","The Valet is a 2022 American romantic comedy film directed by Richard Wong and written by Bob Fisher and Rob Greenberg. It is a remake of the French film The Valet (2006) by Francis Veber. It stars Eugenio Derbez and Samara Weaving, with Max Greenfield, Betsy Brandt, Marisol Nichols, Amaury Nolasco, Carmen Salinas, Noemi Gonzalez, Armando Hernández, Carlos Santos, Ravi Patel, and John Pirruccello in supporting roles. The film is dedicated to Salinas, who died in 2021. The plot follows a parking valet (Derbez) who is hired to date an actress (Weaving) trying to cover up an affair. It was released on Hulu on May 20, 2022. It received generally positive reviews from critics.",https://www.rottentomatoes.com/m/the_valet,"Released Apr 20, 2007",71.0,68.0,2,Small
thevalet,2022,"Eugenio Derbez, Samara Weaving","['Comedy', 'Romance']","The Valet is a 2022 American romantic comedy film directed by Richard Wong and written by Bob Fisher and Rob Greenberg. It is a remake of the French film The Valet (2006) by Francis Veber. It stars Eugenio Derbez and Samara Weaving, with Max Greenfield, Betsy Brandt, Marisol Nichols, Amaury Nolasco, Carmen Salinas, Noemi Gonzalez, Armando Hernández, Carlos Santos, Ravi Patel, and John Pirruccello in supporting roles. The film is dedicated to Salinas, who died in 2021. The plot follows a parking valet (Derbez) who is hired to date an actress (Weaving) trying to cover up an affair. It was released on Hulu on May 20, 2022. It received generally positive reviews from critics.",https://www.rottentomatoes.com/m/valet,"Released Apr 20, 2007",71.0,68.0,2,Small
emergency,2022,"RJ Cyler, Sabrina Carpenter","['Comedy', 'Drama', 'Thriller']","Emergency is a 2022 American thriller comedy-drama film directed by Carey Williams and written by K.D. Dávila, based on their 2018 short film of the same name. It stars RJ Cyler, Donald Elise Watkins, and Sebastian Chacon as three college students who must weigh the pros and cons of calling the police when faced with an unexpected situation.",https://www.rottentomatoes.com/m/emergency,1972,,,2,Small
topgunmaverick,2022,"Tom Cruise, Miles Teller, Jennifer Connelly, Jon Hamm, Glen Powell, Lewis Pullman, Ed Harris, Val Kilmer","['Action', 'Drama']","Top Gun: Maverick is a 2022 American action drama film directed by Joseph Kosinski and written by Ehren Kruger, Eric Warren Singer and Christopher McQuarrie from stories by Peter Craig and Justin Marks. The film is a sequel to the 1986 film Top Gun. Tom Cruise reprises his starring role as the naval aviator Maverick. It was based on the characters of the original film created by Jim Cash and Jack Epps Jr. The film also stars Miles Teller, Jennifer Connelly, Jon Hamm, Glen Powell, Lewis Pullman, Ed Harris and Val Kilmer, who reprises his role as Iceman. In the film, Maverick confronts his past while training a group of younger Top Gun graduates, including the son of his deceased best friend, for a dangerous mission.",https://www.rottentomatoes.com/m/top_gun_maverick,"Released May 27, 2022",96.0,99.0,8,Medium
topgunmaverick,2022,"Tom Cruise, Miles Teller, Jennifer Connelly, Jon Hamm, Glen Powell, Lewis Pullman, Ed Harris, Val Kilmer","['Action', 'Drama']","Top Gun: Maverick is a 2022 American action drama film directed by Joseph Kosinski and written by Ehren Kruger, Eric Warren Singer and Christopher McQuarrie from stories by Peter Craig and Justin Marks. The film is a sequel to the 1986 film Top Gun. Tom Cruise reprises his starring role as the naval aviator Maverick. It was based on the characters of the original film created by Jim Cash and Jack Epps Jr. The film also stars Miles Teller, Jennifer Connelly, Jon Hamm, Glen Powell, Lewis Pullman, Ed Harris and Val Kilmer, who reprises his role as Iceman. In the film, Maverick confronts his past while training a group of younger Top Gun graduates, including the son of his deceased best friend, for a dangerous mission.",https://www.rottentomatoes.com/m/top_gun_maverick,"Released May 27, 2022",96.0,99.0,8,Medium
thebobsburgersmovie,2022,"H. Jon Benjamin, Dan Mintz, Eugene Mirman, Larry Murphy, John Roberts, Kristen Schaal, Zach Galifianakis, Kevin Kline","['Animated', 'Comedy', 'Musical']","The Bob's Burgers Movie is a 2022 American animated musical comedy film based on the Fox animated television series Bob's Burgers. It is directed by the series creator Loren Bouchard and series director Bernard Derriman, written by Bouchard and Nora Smith, and produced by Janelle Momary-Neely, Bouchard, and Smith. The original voice cast from the series reprises their roles including H. Jon Benjamin, Dan Mintz, Eugene Mirman, Larry Murphy, John Roberts, Kristen Schaal, David Wain, Zach Galifianakis, and Kevin Kline. As the events of the film take place between the 12th and 13th seasons of Bob's Burgers, the plot follows Bob and his family as they struggle to pay their loan after a sinkhole opens in front of their restaurant and affects business, while the kids try to solve the murder of a carnie.",https://www.rottentomatoes.com/m/the_bobs_burgers_movie,"Released May 27, 2022",87.0,89.0,8,Medium
zerocontact,2022,"Anthony Hopkins, Chris Brochu, Aleks Paunovic",['Thriller'],"Zero Contact is a 2021 American thriller film directed by Rick Dugdale and starring Anthony Hopkins. It was the first feature film to be released via Vuele, a non-fungible token platform.",https://www.rottentomatoes.com/m/zero_contact,"Released May 27, 2022",10.0,9.0,3,Small
achiara,2022,"Swamy Rotolo, Claudio Rotolo, Carmela Fumo",['Drama'],"A Chiara is a 2021 Italian-language drama film directed and written by Jonas Carpignano, the third film in his film trilogy set in a Calabrian town, following Mediterranea (2015) and A Ciambra (2017). The film stars Swamy Rotolo, Claudio Rotolo, Grecia Rotolo, and Carmela Fumo and had its world premiere at the Cannes Film Festival on July 9, 2021, in the Directors' Fortnight section, to very positive reviews. Following its festival screening, the film was distributed by MK2 Films and Lucky Red in Italy and Neon in the United States.",https://www.rottentomatoes.com/m/a_chiara,"Released May 27, 2022",91.0,56.0,3,Small
southparkthestreamingwars,2022,"Trey Parker, Matt Stone, April Stewart, Kimberly Brooks, Adrien Beard, Vernon Chatman","['Animated', 'Comedy', 'Erotic']","""South Park The Streaming Wars"" is a 2022 American adult animated comedy television special episode written and directed by Trey Parker. It is the third South Park television special produced for Paramount+ and was released on June 1, 2022. It also serves as the 318th overall episode of the television series.",https://www.rottentomatoes.com/m/south_park_the_streaming_wars,2022,,58.0,6,Medium
hollywoodstargirl,2022,"Elijah Richardson, Grace VanderWaal, Tyrel Jackson Williams, Judy Greer, Judd Hirsch, Uma Thurman","['Drama', 'Teen', 'Romance']","Hollywood Stargirl is a 2022 American teen romantic drama film directed by Julia Hart from a screenplay that she co-wrote with Jordan Horowitz. The film is a sequel to the 2020 film Stargirl, which was in turn based on Jerry Spinelli's 2000 novel of the same name; it is not an adaptation of the novel's sequel Love, Stargirl.",https://www.rottentomatoes.com/m/hollywood_stargirl,2022,94.0,74.0,6,Medium
crimesofthefuture,2022,"Viggo Mortensen, Léa Seydoux, Kristen Stewart, Scott Speedman","['Drama', 'Horror', 'Science Fiction']","Crimes of the Future is a 2022 science fiction body horror drama film written and directed by David Cronenberg. The film stars Viggo Mortensen, Léa Seydoux and Kristen Stewart. It follows a performance artist duo who perform surgery for audiences in a future where human evolution has accelerated for much of the population. Although the film shares its title with Cronenberg's 1970 film of the same name, it is not a remake as the story and concept are unrelated, and there is no connection between the two films whatsoever. The film marked Cronenberg's return to the science fiction and horror genres for the first time since Existenz (1999).",https://www.rottentomatoes.com/m/crimes_of_the_future,1970,67.0,29.0,4,Medium
benediction,2022,"Jack Lowden, Peter Capaldi, Simon Russell Beale, Jeremy Irvine, Kate Phillips, Gemma Jones, Ben Daniels","['Drama', 'Biography', 'Romance']","Benediction is a 2021 biographical romantic drama film written and directed by Terence Davies. It stars Jack Lowden and Peter Capaldi as the war poet Siegfried Sassoon, along with Simon Russell Beale, Jeremy Irvine, Calam Lynch, Kate Phillips, Gemma Jones, and Ben Daniels. It was released in United Kingdom on 20 May 2022 by Vertigo Releasing and United States on 3 June 2022 by Roadside Attractions.",https://www.rottentomatoes.com/m/benediction,"Released Jun 3, 2022",92.0,65.0,7,Medium
interceptor,2022,"Elsa Pataky, Luke Bracey","['Action', 'Drama']","Interceptor is a 2022 action drama film directed by Matthew Reilly from a screenplay that he co-wrote with Stuart Beattie. The film stars Elsa Pataky and Luke Bracey. It is about terrorists who want to launch a nuclear attack on the United States with stolen missiles. When the terrorists attack a remote offshore missile interceptor platform that could stop their missiles, 
an officer (Pataky) defends the facility with courage and resourcefulness.",https://www.rottentomatoes.com/m/interceptor,1992,,16.0,2,Small
fireisland,2022,"Joel Kim Booster, Bowen Yang, Conrad Ricamora, James Scully, Margaret Cho","['Comedy', 'Romance']","Fire Island is a 2022 American romantic comedy film directed by Andrew Ahn, and written by and starring Joel Kim Booster. The film co-stars Bowen Yang, Conrad Ricamora, James Scully, and Margaret Cho. Inspired by Jane Austen's Pride and Prejudice, the story follows a group of gay friends who go on vacation to Fire Island, only for things to become complicated by classism and romance.",https://www.rottentomatoes.com/m/fire_island,2023,,43.0,5,Medium
dashcam,2022,Annie Hardy,['Horror'],"Dashcam is a 2021 computer screen horror film directed by Rob Savage and written by Gemma Hurley, Savage, and Jed Shepherd. The film stars Annie Hardy, Amer Chadha-Patel, and Angela Enahoro. The entire film is shot from the perspective of either Hardy's hand-held iPhone or the dashcam in her car, as she livestreams her actions for viewers whose comments on the events are also displayed. The film follows Hardy, playing a semi-fictionalized version of herself, as she visits a friend in London amidst the COVID-19 pandemic, and finds herself in a series of nightmarish events after giving a strange woman a ride in her car. The film is produced by Jason Blum through his Blumhouse Productions banner, alongside Douglas Cox, and Savage.",https://www.rottentomatoes.com/m/dashcam,"Released Jun 3, 2022",47.0,36.0,1,Small
whiteelephant,2022,"Michael Rooker, Bruce Willis, Olga Kurylenko, John Malkovich",['Action'],"White Elephant is an American action film directed by Jesse V. Johnson and written by Johnson and Erik Martinez, based on a story by Johnson. It stars Michael Rooker, Bruce Willis, Olga Kurylenko, and John Malkovich.",https://www.rottentomatoes.com/m/white_elephant,2020,,,4,Medium
hustle,2022,"Adam Sandler, Queen Latifah, Ben Foster, Juancho Hernangómez, Robert Duvall, Anthony Edwards","['Comedy', 'Drama', 'Sports']","Hustle is a 2022 American sports comedy-drama film directed by Jeremiah Zagar from a screenplay by Taylor Materne and Will Fetters and co-produced by and starring Adam Sandler as a down-on-his-luck NBA scout who discovers a raw but talented basketball player in Spain and tries to prepare him for the NBA draft. The film also stars Queen Latifah, Ben Foster, Robert Duvall, Heidi Gardner, and current National Basketball Association player Anthony Edwards. LeBron James produced through his SpringHill Company banner.",https://www.rottentomatoes.com/m/hustle,2004,,24.0,6,Medium
hustle,2022,"Adam Sandler, Queen Latifah, Ben Foster, Juancho Hernangómez, Robert Duvall, Anthony Edwards","['Comedy', 'Drama', 'Sports']","Hustle is a 2022 American sports comedy-drama film directed by Jeremiah Zagar from a screenplay by Taylor Materne and Will Fetters and co-produced by and starring Adam Sandler as a down-on-his-luck NBA scout who discovers a raw but talented basketball player in Spain and tries to prepare him for the NBA draft. The film also stars Queen Latifah, Ben Foster, Robert Duvall, Heidi Gardner, and current National Basketball Association player Anthony Edwards. LeBron James produced through his SpringHill Company banner.",https://www.rottentomatoes.com/m/hustle,2004,,24.0,6,Medium
hustle,2022,"Adam Sandler, Queen Latifah, Ben Foster, Juancho Hernangómez, Robert Duvall, Anthony Edwards","['Comedy', 'Drama', 'Sports']","Hustle is a 2022 American sports comedy-drama film directed by Jeremiah Zagar from a screenplay by Taylor Materne and Will Fetters and co-produced by and starring Adam Sandler as a down-on-his-luck NBA scout who discovers a raw but talented basketball player in Spain and tries to prepare him for the NBA draft. The film also stars Queen Latifah, Ben Foster, Robert Duvall, Heidi Gardner, and current National Basketball Association player Anthony Edwards. LeBron James produced through his SpringHill Company banner.",https://www.rottentomatoes.com/m/hustle,2004,,24.0,6,Medium
jurassicworlddominion,2022,"Chris Pratt, Bryce Dallas Howard, Laura Dern, Jeff Goldblum, Sam Neill, DeWanda Wise, Mamoudou Athie, Isabella Sermon, Campbell Scott, BD Wong, Omar Sy","['Action', 'Science Fiction']","Jurassic World Dominion is a 2022 American science fiction action film directed by Colin Trevorrow, who co-wrote the screenplay with Emily Carmichael from a story by Derek Connolly and Trevorrow. The sequel to Jurassic World: Fallen Kingdom (2018), it is the third and final installment in the Jurassic World trilogy and the sixth installment overall in the Jurassic Park film series, concluding the storyline that started with Jurassic Park (1993). The film has an ensemble cast including Chris Pratt, Bryce Dallas Howard, Laura Dern, Jeff Goldblum, Sam Neill, DeWanda Wise, Mamoudou Athie, BD Wong, and Omar Sy. Dern, Goldblum, and Neill reprise their roles from the Jurassic Park trilogy, appearing together for the first time since the original film.",https://www.rottentomatoes.com/m/jurassic_world_dominion,"Released Jun 10, 2022",29.0,77.0,11,Medium
jurassicworlddominion,2022,"Chris Pratt, Bryce Dallas Howard, Laura Dern, Jeff Goldblum, Sam Neill, DeWanda Wise, Mamoudou Athie, Isabella Sermon, Campbell Scott, BD Wong, Omar Sy","['Action', 'Science Fiction']","Jurassic World Dominion is a 2022 American science fiction action film directed by Colin Trevorrow, who co-wrote the screenplay with Emily Carmichael from a story by Derek Connolly and Trevorrow. The sequel to Jurassic World: Fallen Kingdom (2018), it is the third and final installment in the Jurassic World trilogy and the sixth installment overall in the Jurassic Park film series, concluding the storyline that started with Jurassic Park (1993). The film has an ensemble cast including Chris Pratt, Bryce Dallas Howard, Laura Dern, Jeff Goldblum, Sam Neill, DeWanda Wise, Mamoudou Athie, BD Wong, and Omar Sy. Dern, Goldblum, and Neill reprise their roles from the Jurassic Park trilogy, appearing together for the first time since the original film.",https://www.rottentomatoes.com/m/jurassic_world_dominion,"Released Jun 10, 2022",29.0,77.0,11,Medium
fatherofthebride,2022,"Andy García, Gloria Estefan, Adria Arjona, Isabela Merced, Diego Boneta, Chloe Fineman","['Comedy', 'Romance']","Father of the Bride is a 2022 American romantic comedy film directed by Gaz Alazraki and written by Matt Lopez, based on the 1949 novel of the same name by Edward Streeter. The film stars Andy García, Gloria Estefan, Adria Arjona, Isabela Merced, Diego Boneta, and Chloe Fineman. It is the third filmed version of the story, after the original 1950 film and the 1991 remake. Produced by Plan B Entertainment, it was released on June 16, 2022, by Warner Bros. Pictures and HBO Max.",https://www.rottentomatoes.com/m/father_of_the_bride,2020,,,6,Medium
fatherofthebride,2022,"Andy García, Gloria Estefan, Adria Arjona, Isabela Merced, Diego Boneta, Chloe Fineman","['Comedy', 'Romance']","Father of the Bride is a 2022 American romantic comedy film directed by Gaz Alazraki and written by Matt Lopez, based on the 1949 novel of the same name by Edward Streeter. The film stars Andy García, Gloria Estefan, Adria Arjona, Isabela Merced, Diego Boneta, and Chloe Fineman. It is the third filmed version of the story, after the original 1950 film and the 1991 remake. Produced by Plan B Entertainment, it was released on June 16, 2022, by Warner Bros. Pictures and HBO Max.",https://www.rottentomatoes.com/m/father_of_the_bride,2020,,,6,Medium
fatherofthebride,2022,"Andy García, Gloria Estefan, Adria Arjona, Isabela Merced, Diego Boneta, Chloe Fineman","['Comedy', 'Romance']","Father of the Bride is a 2022 American romantic comedy film directed by Gaz Alazraki and written by Matt Lopez, based on the 1949 novel of the same name by Edward Streeter. The film stars Andy García, Gloria Estefan, Adria Arjona, Isabela Merced, Diego Boneta, and Chloe Fineman. It is the third filmed version of the story, after the original 1950 film and the 1991 remake. Produced by Plan B Entertainment, it was released on June 16, 2022, by Warner Bros. Pictures and HBO Max.",https://www.rottentomatoes.com/m/father_of_the_bride,2020,,,6,Medium
lightyear,2022,"Chris Evans, Keke Palmer, Peter Sohn, Taika Waititi, Dale Soules, James Brolin, Uzo Aduba, Mary McDonald-Lewis, Isiah Whitlock Jr.","['Action', 'Adventure', 'Animated', 'Science Fiction']","Lightyear is a 2022 American computer-animated science-fiction action-adventure film produced by Walt Disney Pictures and Pixar Animation Studios, and distributed by Walt Disney Studios Motion Pictures. The film is a spin-off of the Toy Story film series, but does not take place in the same fictional universe as them; rather, it is presented as a film that some of the characters in the main Toy Story films have seen. Lightyear centers on the character Buzz Lightyear, who in this film is human and not a toy. The film was directed by Angus MacLane and produced by Galyn Susman, from a screenplay and story written by MacLane and Jason Headley, both of whom co-wrote the latter with Matthew Aldrich. It stars Chris Evans as the voice of the titular character, with Keke Palmer, Peter Sohn, Taika Waititi, Dale Soules, James Brolin, and Uzo Aduba in supporting roles. The film follows Buzz Lightyear (Evans) operating as a space ranger who, after being marooned on a hostile planet with his commander and crew, tries to find a way back home while encountering a threat to the universe's safety.",https://www.rottentomatoes.com/m/lightyear,"Released Jun 17, 2022",74.0,84.0,9,Medium
spiderhead,2022,"Chris Hemsworth, Miles Teller, Jurnee Smollett","['Science Fiction', 'Thriller']","Spiderhead is a 2022 American science fiction psychological thriller film directed by Joseph Kosinski, with a screenplay by Rhett Reese and Paul Wernick, based on the dystopian short story ""Escape from Spiderhead"" by George Saunders and first published in The New Yorker. The film stars Chris Hemsworth, Miles Teller, and Jurnee Smollett. The story follows inmates in a luxurious prison who participate in experiments involving mind-altering drugs. Principal photography took place in Australia in 2020.",https://www.rottentomatoes.com/m/spiderhead,2022,39.0,30.0,3,Small
jerrymargegolarge,2022,"Bryan Cranston, Annette Bening, Rainn Wilson, Larry Wilmore, Michael McKean, Anna Camp","['Comedy', 'Drama']","Jerry & Marge Go Large is a 2022 American comedy-drama film directed by David Frankel and written by Brad Copeland. Based on Jason Fagone's 2018 HuffPost article of the same name, the film stars Bryan Cranston and Annette Bening.",https://www.rottentomatoes.com/m/jerry_and_marge_go_large,2022,67.0,78.0,6,Medium
chacharealsmooth,2022,"Cooper Raiff, Dakota Johnson, Raúl Castillo, Odeya Rush, Evan Assante, Vanessa Burghardt, Brad Garrett, Leslie Mann","['Comedy', 'Drama']","Cha Cha Real Smooth is a 2022 American comedy-drama film written, produced, and directed by Cooper Raiff. The plot centers on a 22-year-old college graduate (Raiff) who starts making money as a party starter while he also strikes up a relationship with a 32-year-old mother. The cast also includes Raúl Castillo, Odeya Rush, Evan Assante, Vanessa Burghardt, Brad Garrett, and Leslie Mann.",https://www.rottentomatoes.com/m/cha_cha_real_smooth,"Released Jun 17, 2022",85.0,61.0,8,Medium
elvis,2022,"Austin Butler, Tom Hanks, Olivia DeJonge, Helen Thomson, Richard Roxburgh, Kelvin Harrison Jr., David Wenham, Kodi Smit-McPhee, Luke Bracey","['Drama', 'Biography']","Elvis is a 2022 biographical drama film directed by Baz Luhrmann from a screenplay he co-wrote with Sam Bromell, Craig Pearce, and Jeremy Doner. It chronicles the life of the American rock and roll singer and actor Elvis Presley under the management of Colonel Tom Parker. The film stars Austin Butler and Tom Hanks as Presley and Parker, respectively, with Olivia DeJonge, Helen Thomson, Richard Roxburgh, David Wenham, Kodi Smit-McPhee, and Luke Bracey in supporting roles.",https://www.rottentomatoes.com/m/elvis,"Released Jun 24, 2022",77.0,94.0,9,Medium
theblackphone,2022,"Ethan Hawke, Mason Thames, Madeleine McGraw, Jeremy Davies, James Ransone","['Horror', 'Supernatural']","The Black Phone is a 2021 American supernatural horror film directed by Scott Derrickson and written by Derrickson and C. Robert Cargill, who both produced with Jason Blum. It is an adaptation of the 2004 short story of the same name by Joe Hill. The film stars Mason Thames, Madeleine McGraw, Jeremy Davies, James Ransone, and Ethan Hawke. In the film, an abducted teenager (Thames) uses a mysterious telephone to communicate with the previous victims of his deranged captor (Hawke).",https://www.rottentomatoes.com/m/the_black_phone,"Released Jun 24, 2022",82.0,88.0,5,Medium
themanfromtoronto,2022,"Kevin Hart, Woody Harrelson, Kaley Cuoco, Jasmine Mathews, Lela Loren, Pierson Fodé, Jencarlos Canela, Ellen Barkin","['Action', 'Comedy']","The Man from Toronto is a 2022 American action comedy film directed by Patrick Hughes. The film stars Kevin Hart and Woody Harrelson, Kaley Cuoco, Jasmine Mathews, Lela Loren, Pierson Fodé, Jencarlos Canela, and Ellen Barkin.",https://www.rottentomatoes.com/m/the_man_from_toronto,1933,,,8,Medium
theseabeast,2022,"Karl Urban, Zaris-Angel Hator, Jared Harris, Marianne Jean-Baptiste, Jim Carter, Doon Mackichan, Dan Stevens, Kathy Burke","['Adventure', 'Animated']","The Sea Beast is a 2022 computer-animated adventure film directed by Chris Williams, who co-wrote the screenplay with Nell Benjamin and produced with Jed Schlanger. The film stars the voices of Karl Urban, Zaris-Angel Hator, Jared Harris, and Marianne Jean-Baptiste. It tells the story of a sea monster hunter and a young orphan girl who joins his group of sea monster hunters on their search for the elusive Red Bluster in the 17th century.",https://www.rottentomatoes.com/m/the_sea_beast,"Released Jun 24, 2022",94.0,84.0,8,Medium
marceltheshellwithshoeson,2022,"Jenny Slate, Rosa Salazar, Thomas Mann, Dean Fleischer-Camp, Lesley Stahl, Isabella Rossellini","['Action', 'Independent', 'Animated', 'Comedy', 'Drama', 'Satire']","Marcel the Shell with Shoes On is a 2021 American independent live-action/stop-motion animated mockumentary comedy-drama film directed by Dean Fleischer Camp, with a screenplay by Fleischer Camp, Jenny Slate and Nick Paley from a story by Fleischer Camp, Slate, Paley and Elisabeth Holm. It is based on and serves both as a direct stand-alone sequel and prequel to the series of shorts of the same name written by Slate and Fleischer Camp. Slate reprises her voice role as Marcel, an anthropomorphic shell living with his grandmother Connie. Fleischer Camp, Rosa Salazar, Thomas Mann, Lesley Stahl, and Isabella Rossellini also star. The film follows Marcel, a shell who lives with his grandmother, Connie, after posting a short film online bringing Marcel millions of passionate fans and a new hope of reuniting with his long-lost family.",https://www.rottentomatoes.com/m/marcel_the_shell_with_shoes_on,"Released Jul 22, 2022",98.0,90.0,6,Medium
rise,2022,"Uche Agada, Ral Agada, Jaden Osimuwa, Elijah Shomanke, Yetide Badaki, Dayo Okeniyi","['Drama', 'Sports', 'Biography']","Rise is a 2022 biographical sports drama film directed by Akin Omotoso, from a script written by Arash Amel. Based on the true story of three young Nigerian-Greek brothers, Giannis, Thanasis and Kostas Antetokounmpo, who emigrate to the United States and rise to fame and success within the National Basketball Association. The film stars newcomers Uche Agada, Ral Agada, and Jaden Osimuwa in the three primary roles; with Elijah Shomanke, Yetide Badaki, and Dayo Okeniyi in supporting family roles.",https://www.rottentomatoes.com/m/rise,"Released Jun 2, 2023",100.0,87.0,6,Medium
beauty,2022,"Gracie Marie Bradley, Niecy Nash, Aleyse Shannon, Giancarlo Esposito, Micheal Ward, Sharon Stone",['Drama'],"Beauty is a 2022 American drama film directed by Andrew Dosunmu from a screenplay by Lena Waithe. It premiered at the 2022 Tribeca Film Festival and was released on Netflix on June 29, 2022. It stars Gracie Marie Bradley, Niecy Nash, Giancarlo Esposito, Sharon Stone, Andre Ozim, Michael Ward, and Kyle Bary.",https://www.rottentomatoes.com/m/beauty,"Released Sep 11, 1998",,,6,Medium
minionstheriseofgru,2022,"Steve Carell, Taraji P. Henson, Michelle Yeoh, RZA, Jean-Claude Van Damme, Lucy Lawless, Dolph Lundgren, Danny Trejo, Russell Brand, Julie Andrews, Alan Arkin","['Animated', 'Comedy']","Minions: The Rise of Gru is a 2022 American computer-animated comedy film produced by Illumination and distributed by Universal Pictures. It is the sequel to the spin-off prequel Minions (2015) and the fifth entry overall in the Despicable Me franchise. The film was directed by Kyle Balda, co-directed by Brad Ableson and Jonathan del Val, and produced by Chris Meledandri, Janet Healy and Chris Renaud, from a screenplay written by Matthew Fogel, and a story by Fogel and Brian Lynch. The film features Steve Carell reprising his role as Gru and Pierre Coffin as the Minions, with Taraji P. Henson, Michelle Yeoh, Russell Brand, Julie Andrews, and Alan Arkin in supporting roles. In the film, an eleven-year-old Gru plans to become a supervillain with the help of his Minions, which leads to a showdown with a malevolent team, the Vicious 6.",https://www.rottentomatoes.com/m/minions_the_rise_of_gru,"Released Jul 1, 2022",70.0,89.0,11,Medium
minionstheriseofgru,2022,"Steve Carell, Taraji P. Henson, Michelle Yeoh, RZA, Jean-Claude Van Damme, Lucy Lawless, Dolph Lundgren, Danny Trejo, Russell Brand, Julie Andrews, Alan Arkin","['Animated', 'Comedy']","Minions: The Rise of Gru is a 2022 American computer-animated comedy film produced by Illumination and distributed by Universal Pictures. It is the sequel to the spin-off prequel Minions (2015) and the fifth entry overall in the Despicable Me franchise. The film was directed by Kyle Balda, co-directed by Brad Ableson and Jonathan del Val, and produced by Chris Meledandri, Janet Healy and Chris Renaud, from a screenplay written by Matthew Fogel, and a story by Fogel and Brian Lynch. The film features Steve Carell reprising his role as Gru and Pierre Coffin as the Minions, with Taraji P. Henson, Michelle Yeoh, Russell Brand, Julie Andrews, and Alan Arkin in supporting roles. In the film, an eleven-year-old Gru plans to become a supervillain with the help of his Minions, which leads to a showdown with a malevolent team, the Vicious 6.",https://www.rottentomatoes.com/m/minions_the_rise_of_gru,"Released Jul 1, 2022",70.0,89.0,11,Medium
theforgiven,2022,"Ralph Fiennes, Jessica Chastain, Matt Smith, Ismael Kanater, Caleb Landry Jones, Abbey Lee, Mourad Zaoui, Marie-Josée Croze, Alex Jennings, Saïd Taghmaoui, Christopher Abbott",['Drama'],"The Forgiven is a 2021 drama film written and directed by John Michael McDonagh and based on the 2012 novel of the same name by Lawrence Osborne. The film stars Ralph Fiennes, Jessica Chastain, Matt Smith, Ismael Kanater, Caleb Landry Jones, Abbey Lee, Mourad Zaoui, Marie-Josée Croze, Alex Jennings, Saïd Taghmaoui, and Christopher Abbott. Elizabeth Eves and McDonagh produced the film under their House of Un-American Activities label.",https://www.rottentomatoes.com/m/the_forgiven,"Released Jul 1, 2022",68.0,57.0,11,Medium
mrmalcolmslist,2022,"Freida Pinto, Sope Dirisu, Oliver Jackson-Cohen, Ashley Park, Zawe Ashton, Theo James","['Drama', 'Historical']","Mr. Malcolm's List is a 2022 period drama directed by Emma Holly Jones and written by Suzanne Allain, based on her novel of the same name. It stars Freida Pinto, Sope Dirisu, Oliver Jackson-Cohen, Ashley Park, Zawe Ashton, and Theo James.",https://www.rottentomatoes.com/m/mr_malcolms_list,"Released Jul 1, 2022",83.0,82.0,6,Medium
hotseat,2022,"Kevin Dillon, Mel Gibson, Shannen Doherty","['Action', 'Thriller']",Hot Seat is a 2022 American action-thriller film directed and produced by James Cullen Bressack. It stars Kevin Dillon and Mel Gibson.,https://www.rottentomatoes.com/m/hot_seat,"Released Jul 1, 2022",16.0,15.0,3,Small
hellogoodbyeandeverythinginbetween,2022,"Talia Ryder, Jordan Fisher, Ayo Edebiri, Nico Hiraga, Jennifer Robertson, Patrick Sabongui","['Drama', 'Romance']","Hello, Goodbye, and Everything in Between is a 2022 American romantic drama film directed by Michael Lewen, in his directorial debut, from a screenplay by Amy Reed and Ben York Jones, based on the novel of the same name by Jennifer E. Smith. It stars Jordan Fisher, Talia Ryder, Ayo Edebiri, and Nico Hiraga. The film was released on July 6, 2022, by Netflix.",https://www.rottentomatoes.com/m/hello_goodbye_and_everything_in_between,2022,29.0,32.0,6,Medium
thorloveandthunder,2022,"Chris Hemsworth, Christian Bale, Tessa Thompson, Jaimie Alexander, Taika Waititi, Russell Crowe, Natalie Portman",['Superhero'],"Thor: Love and Thunder is a 2022 American superhero film based on Marvel Comics featuring the character Thor. Produced by Marvel Studios and distributed by Walt Disney Studios Motion Pictures, it is the sequel to Thor: Ragnarok (2017) and the 29th film in the Marvel Cinematic Universe (MCU). The film was directed by Taika Waititi, who co-wrote the screenplay with Jennifer Kaytin Robinson, and stars Chris Hemsworth as Thor alongside Christian Bale, Tessa Thompson, Jaimie Alexander, Waititi, Russell Crowe, and Natalie Portman. In the film, Thor attempts to find inner peace, but must return to action and recruit Valkyrie (Thompson), Korg (Waititi), and Jane Foster (Portman)—who is now the Mighty Thor—to stop Gorr the God Butcher (Bale) from eliminating all gods.",https://www.rottentomatoes.com/m/thor_love_and_thunder,"Released Jul 8, 2022",63.0,76.0,7,Medium
thorloveandthunder,2022,"Chris Hemsworth, Christian Bale, Tessa Thompson, Jaimie Alexander, Taika Waititi, Russell Crowe, Natalie Portman",['Superhero'],"Thor: Love and Thunder is a 2022 American superhero film based on Marvel Comics featuring the character Thor. Produced by Marvel Studios and distributed by Walt Disney Studios Motion Pictures, it is the sequel to Thor: Ragnarok (2017) and the 29th film in the Marvel Cinematic Universe (MCU). The film was directed by Taika Waititi, who co-wrote the screenplay with Jennifer Kaytin Robinson, and stars Chris Hemsworth as Thor alongside Christian Bale, Tessa Thompson, Jaimie Alexander, Waititi, Russell Crowe, and Natalie Portman. In the film, Thor attempts to find inner peace, but must return to action and recruit Valkyrie (Thompson), Korg (Waititi), and Jane Foster (Portman)—who is now the Mighty Thor—to stop Gorr the God Butcher (Bale) from eliminating all gods.",https://www.rottentomatoes.com/m/thor_love_and_thunder,"Released Jul 8, 2022",63.0,76.0,7,Medium
southparkthestreamingwarspart2,2022,"Trey Parker, Matt Stone, April Stewart, Kimberly Brooks, Adrien Beard, Neyla Cantu, Betty Boogie","['Animated', 'Comedy', 'Erotic']","""South Park The Streaming Wars Part 2"" is a 2022 American adult animated comedy television special episode written and directed by Trey Parker. It is the fourth South Park television special and 319th overall episode of the television series, and was released on Paramount+ on July 13, 2022. It concludes the storyline that began in its predecessor, ""South Park The Streaming Wars"".",https://www.rottentomatoes.com/m/south_park_the_streaming_wars_part_2,2022,,74.0,7,Medium
thegrayman,2022,"Ryan Gosling, Chris Evans, Ana de Armas, Jessica Henwick, Regé-Jean Page, Wagner Moura, Julia Butters, Dhanush, Alfre Woodard, Billy Bob Thornton","['Action', 'Thriller']","The Gray Man is a 2022 American action thriller film directed by Anthony and Joe Russo, from a screenplay the latter co-wrote with Christopher Markus and Stephen McFeely, based on the 2009 novel of the same name by Mark Greaney. The film stars Ryan Gosling, Chris Evans, Ana de Armas, Jessica Henwick, Regé-Jean Page, Wagner Moura, Julia Butters, Dhanush, Alfre Woodard, and Billy Bob Thornton. Produced by the Russo brothers' company, AGBO, it is the first film in a franchise based upon Greaney's Gray Man novels. The plot centers on CIA agent ""Sierra Six"", who is on the run from sociopathic ex-CIA agent and mercenary Lloyd Hansen upon discovering corrupt secrets about his superior.",https://www.rottentomatoes.com/m/gray_man,2007,,35.0,10,Medium
wherethecrawdadssing,2022,"Daisy Edgar-Jones, Taylor John Smith, Harris Dickinson, Michael Hyatt, Sterling Macer Jr., Jojo Regina, Garret Dillahunt, Ahna O'Reilly, David Strathairn","['Drama', 'Mystery']","Where the Crawdads Sing is a 2022 American mystery drama film based on the 2018 novel of the same name by Delia Owens. It was directed by Olivia Newman from a screenplay by Lucy Alibar, and was produced by Reese Witherspoon and Lauren Neustadter. Daisy Edgar-Jones leads the cast featuring Taylor John Smith, Harris Dickinson, Michael Hyatt, Sterling Macer Jr., Jojo Regina, Garret Dillahunt, Ahna O'Reilly, and David Strathairn. The story follows an abandoned yet defiant girl, Kya, who raises herself to adulthood in a North Carolina marshland, becoming a naturalist in the process. When the town's hotshot is found dead, she is the prime suspect and is tried for murder.",https://www.rottentomatoes.com/m/where_the_crawdads_sing,"Released Jul 15, 2022",35.0,96.0,9,Medium
pawsoffurythelegendofhank,2022,"Michael Cera, Ricky Gervais, Mel Brooks, George Takei, Aasif Mandvi, Gabriel Iglesias, Djimon Hounsou, Michelle Yeoh, Samuel L. Jackson","['Animated', 'Comedy', 'Martial Arts']","Paws of Fury: The Legend of Hank is a 2022 computer-animated martial arts comedy film directed by Rob Minkoff, Mark Koetsier and Chris Bailey. A loose remake of the 1974 live-action film Blazing Saddles, it features the voices of Michael Cera, Ricky Gervais, Mel Brooks, George Takei, Aasif Mandvi, Gabriel Iglesias, Djimon Hounsou, Michelle Yeoh and Samuel L. Jackson. The film takes place in a world of anthropomorphic animals, in which a dog named Hank learns to become a samurai to save a cat village from a conniving landlord.",https://www.rottentomatoes.com/m/paws_of_fury_the_legend_of_hank,"Released Jul 15, 2022",54.0,67.0,9,Medium
persuasion,2022,"Dakota Johnson, Cosmo Jarvis, Nikki Amuka-Bird, Mia McKenna-Bruce, Richard E. Grant, Henry Golding","['Drama', 'Romance']","Persuasion is a 2022 American romantic drama film directed by Carrie Cracknell from a screenplay by Ron Bass and Alice Victoria Winslow, based on the novel of the same name by Jane Austen. The film stars Dakota Johnson, Cosmo Jarvis, Nikki Amuka-Bird, Mia McKenna-Bruce, Richard E. Grant, and Henry Golding.",https://www.rottentomatoes.com/m/persuasion,2022,30.0,73.0,6,Medium
persuasion,2022,"Dakota Johnson, Cosmo Jarvis, Nikki Amuka-Bird, Mia McKenna-Bruce, Richard E. Grant, Henry Golding","['Drama', 'Romance']","Persuasion is a 2022 American romantic drama film directed by Carrie Cracknell from a screenplay by Ron Bass and Alice Victoria Winslow, based on the novel of the same name by Jane Austen. The film stars Dakota Johnson, Cosmo Jarvis, Nikki Amuka-Bird, Mia McKenna-Bruce, Richard E. Grant, and Henry Golding.",https://www.rottentomatoes.com/m/persuasion,2022,30.0,73.0,6,Medium
1up,2022,"Paris Berelc, Taylor Zakhar Perez, Hari Nef, Kevin Farley, Ruby Rose",['Comedy'],"1Up is a 2022 American comedy film directed by Kyle Newman and written by Julia Yorks. It stars Paris Berelc, Taylor Zakhar Perez, Hari Nef, and Ruby Rose. It was released on July 15, 2022, by Amazon Studios.",https://www.rottentomatoes.com/m/1up,2022,,46.0,5,Medium
wrongplace,2022,"Ashley Greene, Bruce Willis",['Action'],"Wrong Place is a 2022 American action film directed by Mike Burns, from a script from Bill Lawrence, and produced by Randall Emmett and George Furla. It stars Ashley Greene and Bruce Willis.",https://www.rottentomatoes.com/m/wrong_place,"Released Jul 15, 2022",0.0,53.0,2,Small
heswatching,2022,"Iris Serena Estes, Lucas Steel Estes","['Found Footage', 'Horror']","He's Watching, is a 2022 American found footage horror film written and directed by Jacob Aaron Estes, starring Iris Serena Estes and Lucas Steel Estes.",https://www.rottentomatoes.com/m/hes_watching,2018,,,2,Small
nope,2022,"Daniel Kaluuya, Keke Palmer, Steven Yeun, Michael Wincott, Brandon Perea, Keith David","['Horror', 'Science Fiction', 'Western']","Nope is a 2022 American neo-Western science fiction horror film written, directed, and produced by Jordan Peele, under his and Ian Cooper's Monkeypaw Productions banner. It stars Daniel Kaluuya and Keke Palmer as horse-wrangling siblings attempting to capture evidence of an unidentified flying object. Appearing in supporting roles are Steven Yeun, Michael Wincott, Brandon Perea, and Keith David.",https://www.rottentomatoes.com/m/nope,"Released Jul 22, 2022",83.0,69.0,6,Medium
anythingspossible,2022,"Eva Reign, Abubakr Ali, Renée Elise Goldsberry","['Comedy', 'Romance']",Anything's Possible is a 2022 American coming-of-age romantic comedy film directed by Billy Porter and written by Ximena García Lecuona.,https://www.rottentomatoes.com/m/anythings_possible,2013,,,3,Small
alonetogether,2022,"Katie Holmes, Jim Sturgess, Derek Luke, Becky Ann Baker, Zosia Mamet, Melissa Leo","['Drama', 'Romance']","Alone Together is a 2022 American romantic drama film written and directed by Katie Holmes. The film stars Holmes, Jim Sturgess, Derek Luke, Melissa Leo, Zosia Mamet, and Becky Ann Baker. It premiered at the Tribeca Film Festival on July 14, 2022 and was released in the United States on July 22, 2022, by Vertical Entertainment.",https://www.rottentomatoes.com/m/alone_together,2020,,,6,Medium
thirteenlives,2022,"Viggo Mortensen, Colin Farrell, Joel Edgerton, Tom Bateman","['War', 'Biography']","Thirteen Lives is a 2022 biographical survival film based on the Tham Luang cave rescue directed and produced by Ron Howard, from a screenplay written by William Nicholson. The film stars Viggo Mortensen, Colin Farrell, Joel Edgerton, and Tom Bateman.",https://www.rottentomatoes.com/m/thirteen_lives,"Released Jul 29, 2022",85.0,94.0,4,Medium
vengeance,2022,"B. J. Novak, Boyd Holbrook, Dove Cameron, Issa Rae, Ashton Kutcher","['Comedy', 'Mystery']","Vengeance is a 2022 American black comedy mystery film written and directed by B. J. Novak, in his directorial debut. The film stars Novak, Boyd Holbrook, Dove Cameron, Issa Rae, and Ashton Kutcher. Jason Blum is a producer under his Blumhouse Productions banner, and Greg Gilreath and Adam Hendricks are producers under their Divide/Conquer banner.",https://www.rottentomatoes.com/m/vengeance,2020,,,5,Medium
sharpstick,2022,"Kristine Froseth, Jon Bernthal, Luka Sabbat, Scott Speedman, Lena Dunham, Ebon Moss-Bachrach, Taylour Paige, Jennifer Jason Leigh",['Comedy'],"Sharp Stick is a 2022 American comedy film written, directed, and produced by Lena Dunham. It stars Kristine Froseth, Jon Bernthal, Luka Sabbat, Scott Speedman, Dunham, Ebon Moss-Bachrach, Taylour Paige, and Jennifer Jason Leigh. The film premiered at the Sundance Film Festival on January 22, 2022, and was released theatrically in the United States on July 29, 2022, by Utopia. It received mixed reviews from critics. It was released on VOD on August 16, 2022.",https://www.rottentomatoes.com/m/sharp_stick,"Released Jul 29, 2022",49.0,37.0,8,Medium
notokay,2022,"Zoey Deutch, Mia Isaac, Nadia Alexander, Embeth Davidtz, Karan Soni, Dylan O'Brien","['Comedy', 'Drama']","Not Okay is a 2022 American satirical black comedy-drama film written and directed by Quinn Shephard. It stars Zoey Deutch as a young woman who desperately wants to be famous and beloved on the Internet, succeeding when she pretends to be a survivor of a bombing. It also stars Mia Isaac, Nadia Alexander, Embeth Davidtz, Karan Soni, and Dylan O'Brien.",https://www.rottentomatoes.com/m/not_okay,2022,71.0,60.0,6,Medium
paradisehighway,2022,"Juliette Binoche, Frank Grillo, Hala Finley, Cameron Monaghan, Morgan Freeman",['Thriller'],"Paradise Highway is a 2022 thriller film written and directed by Anna Gutto and starring Juliette Binoche, Frank Grillo, and Morgan Freeman. An international co-production between the United States, Germany, and Switzerland, the film was released in the United States on July 29, 2022, by Lionsgate.",https://www.rottentomatoes.com/m/paradise_highway,"Released Jul 29, 2022",14.0,67.0,5,Medium
resurrection,2022,"Rebecca Hall, Grace Kaufman, Michael Esper, Tim Roth",['Thriller'],"Resurrection is a 2022 American psychological thriller film written and directed by Andrew Semans. It stars Rebecca Hall, Grace Kaufman, Michael Esper, and Tim Roth. The plot follows Margaret (Hall) as she tries to maintain control of her life when an abusive ex-boyfriend (Roth) re-appears in her vicinity. The film was shot in Albany, NY and Williamsburg, Brooklyn.",https://www.rottentomatoes.com/m/resurrection,2015,,,4,Medium
resurrection,2022,"Rebecca Hall, Grace Kaufman, Michael Esper, Tim Roth",['Thriller'],"Resurrection is a 2022 American psychological thriller film written and directed by Andrew Semans. It stars Rebecca Hall, Grace Kaufman, Michael Esper, and Tim Roth. The plot follows Margaret (Hall) as she tries to maintain control of her life when an abusive ex-boyfriend (Roth) re-appears in her vicinity. The film was shot in Albany, NY and Williamsburg, Brooklyn.",https://www.rottentomatoes.com/m/resurrection,2015,,,4,Medium
alovesong,2022,"Dale Dickey, Wes Studi",['Drama'],"A Love Song is a 2022 American drama film written, directed, produced, and co-edited by Max Walker-Silverman in his feature directorial debut. It stars Dale Dickey and Wes Studi as two childhood friends who spend a night together by a lake in the mountains. The film premiered at the Sundance Film Festival on January 20, 2022, and was released in the United States on July 29, 2022, by Bleecker Street and Stage 6 Films. It received generally positive reviews from critics.",https://www.rottentomatoes.com/m/a_love_song,"Released Jul 29, 2022",95.0,68.0,2,Small
honorsociety,2022,"Angourie Rice, Gaten Matarazzo, Christopher Mintz-Plasse",['Comedy'],Honor Society is a 2022 American coming-of-age comedy film starring Angourie Rice and Gaten Matarazzo. It is directed by Oran Zegman based on a screenplay written by David A. Goodman.,https://www.rottentomatoes.com/m/honor_society,2022,86.0,78.0,3,Small
allegoria,2022,"John Ennis, Bryce Johnson, Edward Hong, Adam Busch, Adam Marcinowski",['Horror'],"Allegoria is a 2022 American horror anthology film directed by Spider One, starring John Ennis, Bryce Johnson, Edward Hong, Adam Busch and Adam Marcinowski. It is the directorial debut of Spider One.",https://www.rottentomatoes.com/m/allegoria,2022,,56.0,5,Medium
bullettrain,2022,"Brad Pitt, Joey King, Aaron Taylor-Johnson, Brian Tyree Henry, Andrew Koji, Hiroyuki Sanada, Michael Shannon, Benito A Martínez Ocasio, Sandra Bullock","['Action', 'Comedy']","Bullet Train is a 2022 American action comedy film starring Brad Pitt as an assassin who must battle fellow killers while riding a bullet train. The film was directed by David Leitch from a screenplay by Zak Olkewicz, and produced by Antoine Fuqua, who initially conceived the film. It is based on the 2010 novel Maria Beetle, written by Kōtarō Isaka and translated by Sam Malissa, the second novel in Isaka's Hitman trilogy, of which the first novel was previously adapted as the 2015 Japanese film Grasshopper. The film also features an ensemble supporting cast including Joey King, Aaron Taylor-Johnson, Brian Tyree Henry, Andrew Koji, Hiroyuki Sanada, Michael Shannon, Benito A. Martínez Ocasio, and Sandra Bullock.",https://www.rottentomatoes.com/m/bullet_train,1975,,56.0,9,Medium
luck,2022,"Eva Noblezada, Simon Pegg, Jane Fonda, Whoopi Goldberg, Flula Borg, Lil Rel Howery, Colin O'Donoghue, John Ratzenberger","['Animated', 'Comedy', 'Fantasy']","Luck is a 2022 computer-animated fantasy comedy film directed by Peggy Holmes and co-directed by Javier Abad, from a screenplay written by Kiel Murray, and a story by Murray and the writing team of Jonathan Aibel and Glenn Berger, based on an original concept created by Rebeca Carrasco, Juan De Dios, and Julián Romero. Produced by Skydance Animation, the film features the voices of Eva Noblezada, Simon Pegg, Jane Fonda, Whoopi Goldberg, Flula Borg, Lil Rel Howery, Colin O'Donoghue, and John Ratzenberger. Set in the Land of Luck, the story follows the unluckiest person, Sam Greenfield (Noblezada), as she must unite with an anthropomorphic cat named Bob (Pegg) to turn her luck around.",https://www.rottentomatoes.com/m/luck,"Released Aug 29, 2003",43.0,38.0,8,Medium
prey,2022,"Amber Midthunder, Dakota Beavers, Michelle Thrush, Stormee Kipp, Julian Black Antelope, Dane DiLiegro","['Action', 'Science Fiction']","Prey is a 2022 American science fiction action film in the Predator franchise. It is the fifth installment and is a prequel to the first four films, being set in the Northern Great Plains in 1719. The film is directed by Dan Trachtenberg and written by Patrick Aison. It stars Amber Midthunder, Dakota Beavers, Dane DiLiegro, Michelle Thrush, Stormee Kipp, Julian Black Antelope, and Bennett Taylor. The story revolves around a young Comanche woman, Naru, who is striving to prove herself as a hunter. She finds herself having to protect her people from a vicious, humanoid alien that hunts humans for sport, as well as from French fur traders who are destroying the buffalo they rely on for survival.",https://www.rottentomatoes.com/m/prey,2009,,,6,Medium
prey,2022,"Amber Midthunder, Dakota Beavers, Michelle Thrush, Stormee Kipp, Julian Black Antelope, Dane DiLiegro","['Action', 'Science Fiction']","Prey is a 2022 American science fiction action film in the Predator franchise. It is the fifth installment and is a prequel to the first four films, being set in the Northern Great Plains in 1719. The film is directed by Dan Trachtenberg and written by Patrick Aison. It stars Amber Midthunder, Dakota Beavers, Dane DiLiegro, Michelle Thrush, Stormee Kipp, Julian Black Antelope, and Bennett Taylor. The story revolves around a young Comanche woman, Naru, who is striving to prove herself as a hunter. She finds herself having to protect her people from a vicious, humanoid alien that hunts humans for sport, as well as from French fur traders who are destroying the buffalo they rely on for survival.",https://www.rottentomatoes.com/m/prey,2009,,,6,Medium
eastersunday,2022,"Jo Koy, Jimmy O. Yang, Tia Carrere, Brandon Wardell, Eva Noblezada, Tiffany Haddish, Lou Diamond Phillips",['Comedy'],"Easter Sunday is a 2022 American comedy film starring Jo Koy as a struggling actor, comedian, and single father who attends a gathering of his loud and dysfunctional Filipino American family on Easter Sunday. The film is directed by Jay Chandrasekhar and written by Ken Cheng and Kate Angelo, from a story by Cheng. In addition to Koy, the film stars Eugene Cordero, Tia Carrere, Asif Ali, Lydia Gaston, Jimmy O. Yang, and Lou Diamond Phillips. Universal Pictures theatrically released the film on August 5, 2022. It received mixed reviews from critics.",https://www.rottentomatoes.com/m/easter_sunday,2008,,,7,Medium
riseoftheteenagemutantninjaturtlesthemovie,2022,"Ben Schwartz, Omar Benson Miller, Brandon Mychal Smith, Josh Brener, Kat Graham, Eric Bauza, Haley Joel Osment","['Animated', 'Superhero', 'War']","Rise of the Teenage Mutant Ninja Turtles: The Movie is a 2022 American animated superhero film directed by Andy Suriano and Ant Ward, from a screenplay written by Tony Gama-Lobo and Rebecca May, and a story by Suriano and Ward. Produced by Nickelodeon, it serves as a continuation of the animated television series Rise of the Teenage Mutant Ninja Turtles (2018–20). Ben Schwartz, Omar Miller, Brandon Mychal Smith, Josh Brener, Kat Graham, and Eric Bauza reprise their voice roles from the series and are joined by newcomer Haley Joel Osment. In the film, the Turtles are put to the test when a mysterious stranger named Casey Jones arrives from the future to warn them of an impending invasion by the most dangerous alien force in the galaxy, the Krang.",https://www.rottentomatoes.com/m/rise_of_the_teenage_mutant_ninja_turtles_the_movie,2022,79.0,94.0,7,Medium
bodiesbodiesbodies,2022,"Amandla Stenberg, Maria Bakalova, Myha'la Herrold, Chase Sui Wonders, Rachel Sennott, Lee Pace, Pete Davidson","['Comedy', 'Horror']","Bodies Bodies Bodies is a 2022 American black comedy horror film directed by Halina Reijn, in her English-language debut, with a screenplay by Sarah DeLappe from a story by Kristen Roupenian. It stars Amandla Stenberg, Maria Bakalova, Myha'la Herrold, Chase Sui Wonders, Rachel Sennott, Lee Pace, and Pete Davidson.",https://www.rottentomatoes.com/m/bodies_bodies_bodies,"Released Aug 12, 2022",86.0,69.0,7,Medium
secretheadquarters,2022,"Owen Wilson, Walker Scobell, Jesse Williams, Keith L. Williams, Momona Tamada, Charles Melton, Michael Peña","['Comedy', 'Superhero']","Secret Headquarters is a 2022 American superhero comedy film directed by Henry Joost and Ariel Schulman, who co-wrote the movie with Christopher L. Yost and Josh Koenigsberg, based on a story by Yost. Starring Owen Wilson, Walker Scobell, Jesse Williams, Keith L. Williams, Momona Tamada, Charles Melton, and Michael Peña, the plot follows a child (Scobell) and his friends who begins to suspect his father (Wilson) might be a superhero after discovering a secret headquarters in his basement.",https://www.rottentomatoes.com/m/secret_headquarters,2022,45.0,44.0,7,Medium
dayshift,2022,"Jamie Foxx, Dave Franco, Natasha Liu Bordizzo, Meagan Good, Karla Souza, Steve Howey, Scott Adkins, Snoop Dogg","['Action', 'Comedy', 'Horror']","Day Shift is a 2022 American action horror comedy film directed by J. J. Perry in his directorial debut, written by Tyler Tice and Shay Hatten from a story by Tice, and starring Jamie Foxx as a blue-collar father whose pool-cleaning job is a front for his work as a vampire hunter. The film also stars Dave Franco, Snoop Dogg, Natasha Liu Bordizzo, Meagan Good, Karla Souza, Steve Howey, and Scott Adkins.",https://www.rottentomatoes.com/m/day_shift,2022,56.0,76.0,8,Medium
mackrita,2022,"Diane Keaton, Taylour Paige, Elizabeth Lail, Loretta Devine, Amy Hill, Lois Smith, Wendie Malick, Simon Rex, Martin Short, Dustin Milligan",['Comedy'],"Mack & Rita is a 2022 American comedy film directed by Katie Aselton, from a screenplay by Madeline Walter and Paul Welsh. The plot follows a 30-year-old woman who wakes up as her 70-year-old self after a bachelorette party. Taylour Paige, Loretta Devine, Amy Hill, Lois Smith, Wendie Malick, Simon Rex, Martin Short, and Dustin Milligan also star. The film was released on August 12, 2022, by Gravitas Premiere, to negative reviews from critics, including a worst actress nomination for Keaton, but the performances of Paige and Milligan were praised.",https://www.rottentomatoes.com/m/mack_and_rita,"Released Aug 12, 2022",23.0,48.0,10,Medium
fall,2022,"Grace Caroline Currey, Virginia Gardner, Mason Gooding, Jeffrey Dean Morgan",['Thriller'],"Fall is a 2022 survival thriller film directed and co-written by Scott Mann and Jonathan Frank. Starring Grace Caroline Currey, Virginia Gardner, Mason Gooding and Jeffrey Dean Morgan, it is about two women who climb a 2,000 foot (610 m) tall television broadcasting tower and become stranded at the top.",https://www.rottentomatoes.com/m/fall,"Released Aug 12, 2022",79.0,79.0,4,Medium
fall,2022,"Grace Caroline Currey, Virginia Gardner, Mason Gooding, Jeffrey Dean Morgan",['Thriller'],"Fall is a 2022 survival thriller film directed and co-written by Scott Mann and Jonathan Frank. Starring Grace Caroline Currey, Virginia Gardner, Mason Gooding and Jeffrey Dean Morgan, it is about two women who climb a 2,000 foot (610 m) tall television broadcasting tower and become stranded at the top.",https://www.rottentomatoes.com/m/fall,"Released Aug 12, 2022",79.0,79.0,4,Medium
emilythecriminal,2022,"Aubrey Plaza, Theo Rossi, Megalyn Echikunwoke, Gina Gershon","['Crime', 'Thriller']","Emily the Criminal is a 2022 American crime thriller film written and directed by John Patton Ford in his feature directorial debut. It stars Aubrey Plaza as the title character, with Theo Rossi, Megalyn Echikunwoke, and Gina Gershon in supporting roles. The film follows Emily Benetto, a young woman saddled with student debt and locked out of the job market due to a minor criminal record, who gets involved in a credit card scam that pulls her into the criminal underworld of Los Angeles.",https://www.rottentomatoes.com/m/emily_the_criminal,"Released Aug 12, 2022",94.0,79.0,4,Medium
summering,2022,"Lia Barnett, Lake Bell, Sarah Cooper, Ashley Madekwe, Madalen Mills, Megan Mullaly",['Drama'],"Summering is a 2022 American coming-of-age drama film co-written, directed, and produced by James Ponsoldt. It stars Lia Barnett, Lake Bell, Sarah Cooper, Ashley Madekwe, Madalen Mills, Megan Mullally, Eden Grace Redfield, and Sanai Victoria. It was released on August 12, 2022, by Bleecker Street.",https://www.rottentomatoes.com/m/summering,"Released Aug 12, 2022",33.0,40.0,6,Medium
beast,2022,"Idris Elba, Iyana Halley, Leah Sava Jeffries, Sharlto Copley","['Action', 'Horror']","Beast is a 2022 survival action horror film directed by Baltasar Kormákur from a screenplay by Ryan Engle, based on a story by Jaime Primak Sullivan. The film stars Idris Elba, Iyana Halley, Leah Sava Jeffries, and Sharlto Copley. It follows a widowed father and his two teenage daughters who visit a South African game reserve but must fight to survive when they are stalked and attacked by a ferocious, rogue, man-killing lion.",https://www.rottentomatoes.com/m/beast,"Released May 11, 2018",92.0,73.0,4,Medium
beast,2022,"Idris Elba, Iyana Halley, Leah Sava Jeffries, Sharlto Copley","['Action', 'Horror']","Beast is a 2022 survival action horror film directed by Baltasar Kormákur from a screenplay by Ryan Engle, based on a story by Jaime Primak Sullivan. The film stars Idris Elba, Iyana Halley, Leah Sava Jeffries, and Sharlto Copley. It follows a widowed father and his two teenage daughters who visit a South African game reserve but must fight to survive when they are stalked and attacked by a ferocious, rogue, man-killing lion.",https://www.rottentomatoes.com/m/beast,"Released May 11, 2018",92.0,73.0,4,Medium
orphanfirstkill,2022,"Isabelle Fuhrman, Rossif Sutherland, Hiro Kanagawa, Matthew Finlan, Julia Stiles",['Horror'],"Orphan: First Kill is a 2022 psychological horror film directed by William Brent Bell, written by David Coggeshall, based on a story by David Leslie Johnson-McGoldrick and Alex Mace. It is a prequel to the 2009 film Orphan. It stars Isabelle Fuhrman, Julia Stiles, Rossif Sutherland, Hiro Kanagawa, and Matthew Finlan.",https://www.rottentomatoes.com/m/orphan_first_kill,"Released Aug 19, 2022",71.0,77.0,5,Medium
spinmeround,2022,"Alison Brie, Alessandro Nivola, Molly Shannon, Tim Heidecker, Zach Woods, Fred Armisen, Debby Ryan, Lil Rel Howery, Aubrey Plaza",['Comedy'],"Spin Me Round is a 2022 American dark comedy film co-written by Jeff Baena and Alison Brie and directed by Baena. It premiered at the 2022 South by Southwest festival on March 12, 2022. It was released on August 19, 2022, by IFC Films in theaters and by AMC+ on video on demand.",https://www.rottentomatoes.com/m/spin_me_round,"Released Aug 19, 2022",47.0,33.0,9,Medium
deliasgone,2022,"Stephan James, Marisa Tomei, Paul Walter Hauser, Travis Fimmel",['Drama'],"Delia's Gone is a 2022 drama film, written, directed, and produced by Robert Budreau, based upon a short story Caged Bird Sing by Michael Hamblin. It stars Stephan James, Marisa Tomei, Paul Walter Hauser, and Travis Fimmel.",https://www.rottentomatoes.com/m/delias_gone,"Released Aug 19, 2022",31.0,83.0,4,Medium
threethousandyearsoflonging,2022,"Idris Elba, Tilda Swinton","['Drama', 'Fantasy', 'Romance']","Three Thousand Years of Longing is a 2022 fantasy romantic drama film directed and produced by George Miller. Written by Miller and Augusta Gore, it is based on the short story ""The Djinn in the Nightingale's Eye"" by A. S. Byatt and stars Idris Elba as a djinn who is unleashed from a bottle by a professor and tells her stories from his thousands of years of existence. The film is dedicated to Miller's mother Angela, as well as Rena Mitchell, relative of producer Doug Mitchell.",https://www.rottentomatoes.com/m/three_thousand_years_of_longing,"Released Aug 26, 2022",71.0,73.0,2,Small
samaritan,2022,"Sylvester Stallone, Javon Walton, Pilou Asbæk, Dascha Polanco, Moises Arias",['Superhero'],"Samaritan is a 2022 American superhero film directed by Julius Avery and written by Bragi F. Schut. Described as a dark, new take on superhero movies, the story was previously adapted into the Mythos Comics graphic novels by Schut, Marc Olivent, and Renzo Podesta. It is a co-production of Metro-Goldwyn-Mayer and Balboa Productions. The film stars Sylvester Stallone in the main role, Javon ""Wanna"" Walton, Pilou Asbæk, Dascha Polanco, and Moisés Arias. The story follows a kid who suspects that his neighbor is secretly a superhero who was believed to have died many years prior.",https://www.rottentomatoes.com/m/samaritan,"Released Dec 11, 2020",,,5,Medium
theinvitation,2022,"Nathalie Emmanuel, Thomas Doherty, Stephanie Corneliussen, Alana Boden, Hugh Skinner, Sean Pertwee","['Horror', 'Thriller']","The Invitation is a 2022 American horror thriller film directed by Jessica M. Thompson and written by Blair Butler. The film stars Nathalie Emmanuel and Thomas Doherty. Inspired by the novel Dracula by Bram Stoker, the film follows a young woman who, following her mother's death, meets long-lost family members for the first time, only to discover the dark secrets they carry with them.",https://www.rottentomatoes.com/m/the_invitation,"Released Apr 8, 2016",90.0,69.0,6,Medium
theinvitation,2022,"Nathalie Emmanuel, Thomas Doherty, Stephanie Corneliussen, Alana Boden, Hugh Skinner, Sean Pertwee","['Horror', 'Thriller']","The Invitation is a 2022 American horror thriller film directed by Jessica M. Thompson and written by Blair Butler. The film stars Nathalie Emmanuel and Thomas Doherty. Inspired by the novel Dracula by Bram Stoker, the film follows a young woman who, following her mother's death, meets long-lost family members for the first time, only to discover the dark secrets they carry with them.",https://www.rottentomatoes.com/m/the_invitation,"Released Apr 8, 2016",90.0,69.0,6,Medium
breaking,2022,"John Boyega, Nicole Beharie, Selenis Leyva, Connie Britton, Jeffrey Donovan, Michael K. Williams","['Drama', 'Thriller']","Breaking is a 2022 American thriller drama film starring John Boyega as a Marine Corps veteran, Brian Brown-Easley, who is in financial trouble and robs a bank. It is written and directed by Abi Damaris Corbin and co-written by Kwame Kwei-Armah, based on the true story of Brown-Easley, detailed in the 2018 Task & Purpose article ""They Didn't Have to Kill Him"" by Aaron Gell. The film also stars Nicole Beharie, Selenis Leyva, Connie Britton, Jeffrey Donovan, and Michael Kenneth Williams.",https://www.rottentomatoes.com/m/breaking,"Released Aug 26, 2022",82.0,84.0,6,Medium
funnypages,2022,"Daniel Zolghadri, Matthew Maher, Miles Emanuel, Maria Dizzia, Josh Pais",['Comedy'],"Funny Pages is a 2022 American coming-of-age black comedy film written, directed, and edited by Owen Kline and produced by the Safdie brothers. It premiered at the 2022 Cannes Film Festival and was released in the United States on August 26, 2022, where it received positive reviews from critics.",https://www.rottentomatoes.com/m/funny_pages,"Released Aug 26, 2022",82.0,49.0,5,Medium
honkforjesussaveyoursoul,2022,"Regina Hall, Sterling K. Brown, Austin Crute, Conphidance, Nicole Beharie","['Comedy', 'Short', 'Satire']","Honk for Jesus. Save Your Soul. is a 2022 American mockumentary comedy film written, directed, and produced by Adamma Ebo, in her feature directorial debut, and is a feature-length adaptation of Ebo's 2018 short film of the same name. It stars Regina Hall and Sterling K. Brown as the first lady and the pastor of a megachurch, who attempt to reopen and rebuild their congregation, following a major scandal. Austin Crute, Nicole Beharie, and Conphidance also feature in supporting roles. Hall and Brown are also producers on the film alongside Daniel Kaluuya, who produced under his 59% Productions banner, with Jordan Peele serving as executive producer under his Monkeypaw Productions banner.",https://www.rottentomatoes.com/m/honk_for_jesus_save_your_soul,"Released Sep 2, 2022",72.0,26.0,5,Medium
giginate,2022,"Marcia Gay Harden, Charlie Rowe, Josephine Langford, Zoe Colletti, Hannah Alligood, Jim Belushi, Diane Ladd",['Drama'],"Gigi & Nate is a 2022 American coming-of-age drama film directed by Nick Hamm from a screenplay by David Hudgins. The film is based on a true story of a quadriplegic and a capuchin monkey. The film was released in the United States on September 2, 2022, by Roadside Attractions.",https://www.rottentomatoes.com/m/gigi_and_nate,"Released Sep 2, 2022",19.0,95.0,7,Medium
wireroom,2022,"Kevin Dillon, Bruce Willis",['Action'],"Wire Room is a 2022 American action film directed by Matt Eskandari, from a screenplay by Brandon Stiefer, and produced by Randall Emmett, George Furla, Oliver Trevena, Norton Herrick, Ceasar Richbow, Mark Stewart, and Noel Ashman. It stars Kevin Dillon and Bruce Willis.",https://www.rottentomatoes.com/m/wire_room,"Released Sep 2, 2022",,91.0,2,Small
oneway,2022,"Colson Baker, Kevin Bacon, Travis Fimmel, Drea de Matteo, Storm Reid","['Action', 'Crime', 'Thriller']","One Way is an American action crime thriller film written by Ben Conway and directed by Andrew Baird. Principal photography began in 2021. The film stars Colson Baker, Kevin Bacon and Travis Fimmel.",https://www.rottentomatoes.com/m/one_way,2022,,,5,Medium
aftereverhappy,2022,"Hero Fiennes-Tiffin, Josephine Langford, Louise Lombard, Kiana Madeira, Chance Perdomo, Rob Estes, Carter Jenkins, Arielle Kebbel, Stephen Moyer, Mira Sorvino","['Drama', 'Romance']","After Ever Happy is a 2022 American romantic drama film directed by Castille Landon, from a screenplay by Sharon Soboil. Based on the 2015 novel of the same name by Anna Todd, it is a sequel to After We Fell, and the fourth overall installment in the After film series. The film stars Josephine Langford and Hero Fiennes Tiffin, reprising their roles as Tessa Young and Hardin Scott, respectively. The plot continues the premise of the three previous films.",https://www.rottentomatoes.com/m/after_ever_happy,"Released Sep 7, 2022",0.0,92.0,10,Medium
pinocchio,2022,"Tom Hanks, Benjamin Evan Ainsworth, Joseph Gordon-Levitt, Keegan-Michael Key, Cynthia Erivo, Luke Evans","['Live Action', 'Animated', 'Fantasy', 'Musical']","Pinocchio is a 2022 American live action/computer animated musical fantasy film directed by Robert Zemeckis from a screenplay by Zemeckis and Chris Weitz. Produced by Walt Disney Pictures, Depth of Field and ImageMovers, the film is a live-action remake of Walt Disney's 1940 animated film of the same name, which is itself based on the 1883 Italian book The Adventures of Pinocchio by Carlo Collodi. It stars Tom Hanks, Cynthia Erivo, Giuseppe Battiston and Luke Evans with Benjamin Evan Ainsworth, Joseph Gordon-Levitt, Keegan-Michael Key, and Lorraine Bracco in voice roles. The story follows a wooden puppet named Pinocchio, who is brought to life by a blue fairy (Erivo) after being crafted by an old Italian woodcarver named Geppetto (Hanks). While the role of Pinocchio's conscience Jiminy Cricket (Gordon-Levitt) attempts to guide Pinocchio in matters of right and wrong, Pinocchio encounters a host of unsavory characters in his efforts to become a real boy.",https://www.rottentomatoes.com/m/pinocchio,"Released Dec 25, 2002",0.0,33.0,6,Medium
pinocchio,2022,"Tom Hanks, Benjamin Evan Ainsworth, Joseph Gordon-Levitt, Keegan-Michael Key, Cynthia Erivo, Luke Evans","['Live Action', 'Animated', 'Fantasy', 'Musical']","Pinocchio is a 2022 American live action/computer animated musical fantasy film directed by Robert Zemeckis from a screenplay by Zemeckis and Chris Weitz. Produced by Walt Disney Pictures, Depth of Field and ImageMovers, the film is a live-action remake of Walt Disney's 1940 animated film of the same name, which is itself based on the 1883 Italian book The Adventures of Pinocchio by Carlo Collodi. It stars Tom Hanks, Cynthia Erivo, Giuseppe Battiston and Luke Evans with Benjamin Evan Ainsworth, Joseph Gordon-Levitt, Keegan-Michael Key, and Lorraine Bracco in voice roles. The story follows a wooden puppet named Pinocchio, who is brought to life by a blue fairy (Erivo) after being crafted by an old Italian woodcarver named Geppetto (Hanks). While the role of Pinocchio's conscience Jiminy Cricket (Gordon-Levitt) attempts to guide Pinocchio in matters of right and wrong, Pinocchio encounters a host of unsavory characters in his efforts to become a real boy.",https://www.rottentomatoes.com/m/pinocchio,"Released Dec 25, 2002",0.0,33.0,6,Medium
pinocchio,2022,"Tom Hanks, Benjamin Evan Ainsworth, Joseph Gordon-Levitt, Keegan-Michael Key, Cynthia Erivo, Luke Evans","['Live Action', 'Animated', 'Fantasy', 'Musical']","Pinocchio is a 2022 American live action/computer animated musical fantasy film directed by Robert Zemeckis from a screenplay by Zemeckis and Chris Weitz. Produced by Walt Disney Pictures, Depth of Field and ImageMovers, the film is a live-action remake of Walt Disney's 1940 animated film of the same name, which is itself based on the 1883 Italian book The Adventures of Pinocchio by Carlo Collodi. It stars Tom Hanks, Cynthia Erivo, Giuseppe Battiston and Luke Evans with Benjamin Evan Ainsworth, Joseph Gordon-Levitt, Keegan-Michael Key, and Lorraine Bracco in voice roles. The story follows a wooden puppet named Pinocchio, who is brought to life by a blue fairy (Erivo) after being crafted by an old Italian woodcarver named Geppetto (Hanks). While the role of Pinocchio's conscience Jiminy Cricket (Gordon-Levitt) attempts to guide Pinocchio in matters of right and wrong, Pinocchio encounters a host of unsavory characters in his efforts to become a real boy.",https://www.rottentomatoes.com/m/pinocchio,"Released Dec 25, 2002",0.0,33.0,6,Medium
pinocchio,2022,"Tom Hanks, Benjamin Evan Ainsworth, Joseph Gordon-Levitt, Keegan-Michael Key, Cynthia Erivo, Luke Evans","['Live Action', 'Animated', 'Fantasy', 'Musical']","Pinocchio is a 2022 American live action/computer animated musical fantasy film directed by Robert Zemeckis from a screenplay by Zemeckis and Chris Weitz. Produced by Walt Disney Pictures, Depth of Field and ImageMovers, the film is a live-action remake of Walt Disney's 1940 animated film of the same name, which is itself based on the 1883 Italian book The Adventures of Pinocchio by Carlo Collodi. It stars Tom Hanks, Cynthia Erivo, Giuseppe Battiston and Luke Evans with Benjamin Evan Ainsworth, Joseph Gordon-Levitt, Keegan-Michael Key, and Lorraine Bracco in voice roles. The story follows a wooden puppet named Pinocchio, who is brought to life by a blue fairy (Erivo) after being crafted by an old Italian woodcarver named Geppetto (Hanks). While the role of Pinocchio's conscience Jiminy Cricket (Gordon-Levitt) attempts to guide Pinocchio in matters of right and wrong, Pinocchio encounters a host of unsavory characters in his efforts to become a real boy.",https://www.rottentomatoes.com/m/pinocchio,"Released Dec 25, 2002",0.0,33.0,6,Medium
pinocchio,2022,"Tom Hanks, Benjamin Evan Ainsworth, Joseph Gordon-Levitt, Keegan-Michael Key, Cynthia Erivo, Luke Evans","['Live Action', 'Animated', 'Fantasy', 'Musical']","Pinocchio is a 2022 American live action/computer animated musical fantasy film directed by Robert Zemeckis from a screenplay by Zemeckis and Chris Weitz. Produced by Walt Disney Pictures, Depth of Field and ImageMovers, the film is a live-action remake of Walt Disney's 1940 animated film of the same name, which is itself based on the 1883 Italian book The Adventures of Pinocchio by Carlo Collodi. It stars Tom Hanks, Cynthia Erivo, Giuseppe Battiston and Luke Evans with Benjamin Evan Ainsworth, Joseph Gordon-Levitt, Keegan-Michael Key, and Lorraine Bracco in voice roles. The story follows a wooden puppet named Pinocchio, who is brought to life by a blue fairy (Erivo) after being crafted by an old Italian woodcarver named Geppetto (Hanks). While the role of Pinocchio's conscience Jiminy Cricket (Gordon-Levitt) attempts to guide Pinocchio in matters of right and wrong, Pinocchio encounters a host of unsavory characters in his efforts to become a real boy.",https://www.rottentomatoes.com/m/pinocchio,"Released Dec 25, 2002",0.0,33.0,6,Medium
endoftheroad,2022,"Queen Latifah, Ludacris, Beau Bridges","['Crime', 'Thriller']","End of the Road is an 2022 American crime thriller film directed by Millicent Shelton, written by Christopher J. Moore and David Loughery, and produced by Tracey Edmonds, Mark Burg, and Brad Kaplan. The film stars Queen Latifah, Ludacris, Mychala Lee, Shaun Dixon, and Beau Bridges.",https://www.rottentomatoes.com/m/end_of_the_road,2021,,,3,Small
endoftheroad,2022,"Queen Latifah, Ludacris, Beau Bridges","['Crime', 'Thriller']","End of the Road is an 2022 American crime thriller film directed by Millicent Shelton, written by Christopher J. Moore and David Loughery, and produced by Tracey Edmonds, Mark Burg, and Brad Kaplan. The film stars Queen Latifah, Ludacris, Mychala Lee, Shaun Dixon, and Beau Bridges.",https://www.rottentomatoes.com/m/end_of_the_road,2021,,,3,Small
lifemark,2022,"Kirk Cameron, Alex Kendrick, Raphael Ruggero","['Documentary', 'Drama', 'Short']","Lifemark is a 2022 American Christian drama film by director Kevin Peeples, adapting the true story of the adoption of David Scotton, previously depicted in the 2018 short documentary film I Lived on Parker Avenue. It tells the story of how a young man's mother considered aborting him, but instead made an adoption plan for him, and later reconnected with him as a young adult. Kirk Cameron, Alex Kendrick, and Raphael Ruggero star, while the Kendrick Brothers co-wrote the script with Peeples and act as executive producers. The film was released on September 9, 2022, via Fathom Events after traditional distributors declined to release it. It received generally positive reviews, and its initial one-week theatrical run was extended an extra week due to its box-office success.",https://www.rottentomatoes.com/m/lifemark,"Released Sep 9, 2022",83.0,96.0,3,Small
clerksiii,2022,"Brian O'Halloran, Jeff Anderson, Trevor Fehrman, Austin Zajur, Jason Mewes, Marilyn Ghigliotti, Rosario Dawson, Kevin Smith","['Comedy', 'Drama']","Clerks III is a 2022 American dark comedy-drama film written, produced, directed, and edited by Kevin Smith and stars Brian O'Halloran, Jeff Anderson, Trevor Fehrman, Austin Zajur, Jason Mewes, Rosario Dawson and Smith. It serves as a standalone sequel to the 1994 and 2006 Clerks films, and is the ninth overall feature film set in the View Askewniverse. In the film, Randal Graves, after surviving a massive heart attack, enlists his friends and fellow clerks Dante Hicks, Elias Grover, and Jay and Silent Bob to make a movie about their lives at the Quick Stop Convenience store that started it all.",https://www.rottentomatoes.com/m/clerks_iii,"Released Sep 13, 2022",62.0,93.0,8,Medium
thewomanking,2022,"Viola Davis, Thuso Mbedu, Lashana Lynch, Sheila Atim, Hero Fiennes Tiffin, John Boyega","['Action', 'Drama', 'Historical', 'War']","The Woman King is a 2022 American historical action drama film about the Agojie, the all-female warrior unit that protected the West African kingdom of Dahomey during the 17th to 19th centuries. Set in the 1820s, the film stars Viola Davis as a general who trains the next generation of warriors to fight their enemies. It is directed by Gina Prince-Bythewood and written by Dana Stevens, based on a story she wrote with Maria Bello. The film also stars Thuso Mbedu, Lashana Lynch, Sheila Atim, Hero Fiennes Tiffin, and John Boyega.",https://www.rottentomatoes.com/m/the_woman_king,"Released Sep 16, 2022",94.0,99.0,6,Medium
seehowtheyrun,2022,"Saoirse Ronan, Sam Rockwell, Adrien Brody, Ruth Wilson, Reece Shearsmith, Harris Dickinson, David Oyelowo","['Comedy', 'Mystery']","See How They Run is a 2022 comedy mystery film directed by Tom George, written by Mark Chappell and produced by Damian Jones and Gina Carter. The film stars Sam Rockwell, Saoirse Ronan, Adrien Brody, Ruth Wilson, Reece Shearsmith, Harris Dickinson and David Oyelowo.",https://www.rottentomatoes.com/m/see_how_they_run,"Released Sep 16, 2022",75.0,69.0,7,Medium
blonde,2022,"Ana de Armas, Adrien Brody, Bobby Cannavale, Xavier Samuel, Julianne Nicholson","['Drama', 'Biography']","Blonde is a 2022 American biographical psychological drama film written and directed by Andrew Dominik, and the second adaptation, with the same name, based on the 2000 novel of the same name by Joyce Carol Oates. The film is a fictionalized take on the life and career of American actress Marilyn Monroe, played by Ana de Armas. The cast also includes Adrien Brody, Bobby Cannavale, Xavier Samuel, and Julianne Nicholson.",https://www.rottentomatoes.com/m/blonde,"Released Sep 16, 2022",42.0,36.0,5,Medium
pearl,2022,"Mia Goth, David Corenswet, Tandi Wright, Matthew Sutherland, Emma Jenkins-Purro",['Slasher'],"Pearl is a 2022 American slasher film directed by Ti West, co-written by West and Mia Goth, who reprises her role as the title character, and featuring David Corenswet, Tandi Wright, Matthew Sunderland, and Emma Jenkins-Purro in supporting roles. A prequel to X (2022) and the second installment in the X film series, it serves as an origin story for the title villain, whose fervent aspiration to become a movie star led her to committing violent acts on her family's Texas homestead in 1918.",https://www.rottentomatoes.com/m/pearl,2018,,,5,Medium
dorevenge,2022,"Camila Mendes, Maya Hawke, Austin Abrams, Sophie Turner, Sarah Michelle Gellar","['Comedy', 'Teen']","Do Revenge is a 2022 American teen black comedy film directed by Jennifer Kaytin Robinson, who co-wrote the screenplay alongside Celeste Ballard. It stars Camila Mendes, Maya Hawke, Austin Abrams, Rish Shah, and Sarah Michelle Gellar, and is loosely inspired by Alfred Hitchcock's Strangers on a Train (1951). It was released on Netflix on September 16, 2022, and received generally positive reviews from critics.",https://www.rottentomatoes.com/m/do_revenge,2022,85.0,78.0,5,Medium
thesilenttwins,2022,"Letitia Wright, Tamara Lawrance, Nadine Marshall","['Drama', 'Biography']","The Silent Twins is a 2022 internationally co-produced biographical drama film about the twin sisters, June and Jennifer Gibbons, who were institutionalized at Broadmoor Hospital following years of silence and teenage rebellion. It was directed by Agnieszka Smoczyńska from a screenplay by Andrea Seigel, who adapted the book of the same name by Marjorie Wallace. The film stars Letitia Wright, Tamara Lawrance, Nadine Marshall, Treva Etienne, Michael Smiley, and Jodhi May.",https://www.rottentomatoes.com/m/the_silent_twins,1986,,,3,Small
confessfletch,2022,"Jon Hamm, Marcia Gay Harden, Kyle MacLachlan, Roy Wood Jr., John Slattery","['Comedy', 'Crime']","Confess, Fletch is a 2022 American crime comedy film directed by Greg Mottola, who also co-wrote the screenplay with Zev Borow. Based on Gregory Mcdonald's 1976 novel of the same name, the film stars Jon Hamm, Lorenza Izzo, Marcia Gay Harden, Kyle MacLachlan, Roy Wood Jr., and John Slattery. It is the third installment in the Fletch series, following Fletch (1985) and Fletch Lives (1989), and the first not to star Chevy Chase.",https://www.rottentomatoes.com/m/confess_fletch,"Released Sep 16, 2022",86.0,75.0,5,Medium
moonagedaydream,2022,David Bowie,['Documentary'],"Moonage Daydream is a 2022 documentary film about English singer-songwriter David Bowie. Written, directed, produced and edited by Brett Morgen, the film uses previously unreleased footage from Bowie's personal archives, including live concert footage. It is the first film to be officially authorized by Bowie's estate, and takes its title from the 1972 Bowie song of the same name.",https://www.rottentomatoes.com/m/moonage_daydream,"Released Sep 23, 2022",92.0,75.0,1,Small
godscountry,2022,"Thandiwe Newton, Jeremy Bobb, Joris Jarsky, Kai Lennox, Jefferson White, Tanaya Beatty",['Thriller'],God's Country is a 2022 thriller film starring Thandiwe Newton. The film was directed by Julian Higgins.,https://www.rottentomatoes.com/m/gods_country,"Released Nov 27, 1985",,91.0,6,Medium
goodnightmommy,2022,"Naomi Watts, Cameron Crovetti, Nicholas Crovetti, Peter Hermann","['Horror', 'War']","Goodnight Mommy is a 2022 American psychological horror film directed by Matt Sobel and written by Kyle Warren, serving as a remake of the 2014 Austrian film of the same name. The film stars Naomi Watts, Cameron and Nicholas Crovetti, Crystal Lucas-Perry, Jeremy Bobb, and Peter Hermann. The film follows twin brothers who suspect their mother was switched with an impostor, following her recent surgery leaving her with bandages over her face.",https://www.rottentomatoes.com/m/goodnight_mommy,"Released Sep 11, 2015",85.0,66.0,4,Medium
runningthebases,2022,"Brett Varvel, Gigi Orsillo, Todd Terry, Cameron Arnett",['Sports'],"Running the Bases is a 2022 American Christian sports film written and directed by Marty Roberts and Jimmy Womble. It stars Brett Varvel, Gigi Orsillo, Todd Terry, and Cameron Arnett, and follows a small-town baseball coach who becomes the head coach of a large high school program, but soon faces opposition to his coaching methods. It was released on September 16, 2022.",https://www.rottentomatoes.com/m/running_the_bases,"Released Sep 16, 2022",,97.0,4,Medium
jeeperscreepersreborn,2022,"Sydney Craven, Imran Adams, Jarreau Benjamin, Dee Wallace, Gary Graham","['Horror', 'Supernatural']","Jeepers Creepers: Reborn is a 2022 supernatural horror film directed by Timo Vuorensola and written by Jake Seal and Sean-Michael Argo. The film is a reboot of Victor Salva's Jeepers Creepers trilogy intended to set up a new trilogy. Starring Sydney Craven and Imran Adams, with ""special appearances"" from Dee Wallace and Gary Graham, it was released worldwide by Screen Media Films on September 19, 2022.",https://www.rottentomatoes.com/m/jeepers_creepers_reborn,"Released Sep 19, 2022",0.0,8.0,5,Medium
dontworrydarling,2022,"Florence Pugh, Harry Styles, Olivia Wilde, Gemma Chan, KiKi Layne, Nick Kroll, Chris Pine",['Thriller'],"Don't Worry Darling is a 2022 American psychological thriller film directed by Olivia Wilde from a screenplay by Katie Silberman, based on a spec script by Carey Van Dyke, Shane Van Dyke, and Silberman. The film stars Florence Pugh, Harry Styles, Wilde, Gemma Chan, KiKi Layne, Nick Kroll, and Chris Pine. The film follows a housewife living in an idyllic company town who begins to suspect a sinister secret being kept from its residents by the man who runs it.",https://www.rottentomatoes.com/m/dont_worry_darling,"Released Sep 23, 2022",38.0,74.0,7,Medium
catherinecalledbirdy,2022,"Bella Ramsey, Billie Piper, Andrew Scott, Lesley Sharp, Joe Alwyn, Sophie Okonedo",['Comedy'],"Catherine Called Birdy is a 2022 medieval comedy film written and directed by Lena Dunham, based on the 1994 novel of the same name by Karen Cushman. It stars Bella Ramsey as the title character, alongside Billie Piper, Andrew Scott, Lesley Sharp, Joe Alwyn, and Sophie Okonedo.",https://www.rottentomatoes.com/m/catherine_called_birdy,"Released Sep 23, 2022",88.0,65.0,6,Medium
onthecomeup,2022,"Jamila C. Gray, Da'Vine Joy Randolph, Lil Yachty, Mike Epps, Sanaa Lathan, Method Man","['Drama', 'Musical']","On the Come Up is a 2022 American musical drama film directed by Sanaa Lathan in her feature directorial debut. Based on the 2019 novel of the same name by Angie Thomas, it stars Jamila C. Gray, Da'Vine Joy Randolph, Mike Epps, Lil Yachty, Lathan, and Method Man.",https://www.rottentomatoes.com/m/on_the_come_up,2022,75.0,73.0,6,Medium
ajazzmansblues,2022,"Joshua Boone, Amirah Vann, Solea Pfeiffer, Austin Scott, Ryan Eggold",['Drama'],"A Jazzman's Blues is a 2022 American drama film written, produced and directed by Tyler Perry. The film stars Joshua Boone, Amirah Vann, Solea Pfeiffer, Austin Scott, Brent Antonello, and Ryan Eggold.",https://www.rottentomatoes.com/m/a_jazzmans_blues,"Released Sep 16, 2022",65.0,85.0,5,Medium
themunsters,2022,"Jeff Daniel Phillips, Sheri Moon Zombie, Daniel Roebuck, Richard Brake, Sylvester McCoy","['Comedy', 'Horror']","The Munsters is a 2022 American horror comedy film produced, written, and directed by Rob Zombie and starring Sheri Moon Zombie, Jeff Daniel Phillips, Daniel Roebuck, Richard Brake, Jorge Garcia, Sylvester McCoy, Catherine Schell, and Cassandra Peterson. Based on the 1960s family sitcom of the same title, the story takes place prior to the events of the series, serving as an origin story for the characters.",https://www.rottentomatoes.com/m/the_munsters,2022,54.0,35.0,5,Medium
smile,2022,"Sosie Bacon, Jessie T. Usher, Kyle Gallner, Robin Weigert, Caitlin Stasey, Kal Penn, Rob Morgan","['Horror', 'Short', 'Supernatural']","Smile is a 2022 American psychological supernatural horror film written and directed by Parker Finn, based on his 2020 short film Laura Hasn't Slept. The film stars Sosie Bacon as a therapist named Rose Cotter, who, after witnessing the bizarre suicide of a patient, goes through increasingly disturbing and daunting experiences, leading her to believe what she is experiencing is supernatural. It also stars Jessie T. Usher, Kyle Gallner, Kal Penn, and Rob Morgan, as well as Caitlin Stasey playing the same character she played in the short film.",https://www.rottentomatoes.com/m/smile,2018,,,7,Medium
smile,2022,"Sosie Bacon, Jessie T. Usher, Kyle Gallner, Robin Weigert, Caitlin Stasey, Kal Penn, Rob Morgan","['Horror', 'Short', 'Supernatural']","Smile is a 2022 American psychological supernatural horror film written and directed by Parker Finn, based on his 2020 short film Laura Hasn't Slept. The film stars Sosie Bacon as a therapist named Rose Cotter, who, after witnessing the bizarre suicide of a patient, goes through increasingly disturbing and daunting experiences, leading her to believe what she is experiencing is supernatural. It also stars Jessie T. Usher, Kyle Gallner, Kal Penn, and Rob Morgan, as well as Caitlin Stasey playing the same character she played in the short film.",https://www.rottentomatoes.com/m/smile,2018,,,7,Medium
bros,2022,"Billy Eichner, Luke Macfarlane, Ts Madison, Monica Raymund, Guillermo Díaz, Guy Branum, Amanda Bearse","['Comedy', 'Romance']","Bros is a 2022 American romantic comedy film starring Billy Eichner and Luke Macfarlane as two gay men in Manhattan who avoid commitment but are drawn to each other. The film is directed by Nicholas Stoller based on a screenplay he co-wrote with Eichner and is produced by Stoller, Judd Apatow, and Josh Church. Produced under Universal Pictures on a budget of $22 million, it is one of the first gay romantic comedies by a major studio and has an openly LGBT principal cast.",https://www.rottentomatoes.com/m/bros,"Released Sep 30, 2022",89.0,90.0,7,Medium
hocuspocus2,2022,"Bette Midler, Sarah Jessica Parker, Kathy Najimy, Sam Richardson, Doug Jones, Whitney Peak, Belissa Escobedo, Tony Hale, Hannah Waddingham","['Comedy', 'Fantasy']","Hocus Pocus 2 is a 2022 American fantasy comedy film directed by Anne Fletcher, written by Jen D'Angelo and produced by Walt Disney Pictures. A sequel to the 1993 film Hocus Pocus, it stars Bette Midler, Sarah Jessica Parker, Kathy Najimy, and Doug Jones reprising their roles, with Sam Richardson, Whitney Peak, Belissa Escobedo, Tony Hale, and Hannah Waddingham joining the cast in new roles.",https://www.rottentomatoes.com/m/hocus_pocus_2,2022,65.0,47.0,9,Medium
thegreatestbeerrunever,2022,"Zac Efron, Russell Crowe, Bill Murray","['Comedy', 'Drama', 'War', 'Biography']","The Greatest Beer Run Ever is a 2022 American biographical war comedy-drama film directed and co-written by Peter Farrelly, based on the book of the same name by John ""Chickie"" Donohue and Joanna Molloy. The film stars Zac Efron and Russell Crowe, and follows the true story of Donohue, who as a young veteran sneaks into the Vietnam War to deliver some beer to his friends, who are serving their duty.",https://www.rottentomatoes.com/m/the_greatest_beer_run_ever,"Released Sep 30, 2022",43.0,91.0,3,Small
luckiestgirlalive,2022,"Mila Kunis, Finn Wittrock, Scoot McNairy, Chiara Aurelia, Justine Lupe, Thomas Barbusca, Jennifer Beals, Connie Britton","['Mystery', 'Thriller']","Luckiest Girl Alive is a 2022 mystery thriller film directed by Mike Barker from a screenplay by Jessica Knoll, based on her 2015 novel of the same name. The film stars Mila Kunis, Finn Wittrock, Scoot McNairy, Chiara Aurelia, Justine Lupe, Thomas Barbusca, Jennifer Beals, and Connie Britton.",https://www.rottentomatoes.com/m/luckiest_girl_alive,2022,44.0,71.0,8,Medium
deadforadollar,2022,"Christoph Waltz, Willem Dafoe, Rachel Brosnahan, Warren Burke, Benjamin Bratt",['Western'],"Dead for a Dollar is a 2022 American Western film written and directed by Walter Hill. It stars Christoph Waltz, Willem Dafoe, and Rachel Brosnahan. The plot follows a bounty hunter (Waltz) on a search to find the missing wife (Brosnahan) of a businessman. Brandon Scott, Warren Burke, Benjamin Bratt, and Hamish Linklater also star. The film premiered at the 79th Venice International Film Festival on September 6, 2022. It was released in the United States on September 30, 2022, by Quiver Distribution.",https://www.rottentomatoes.com/m/dead_for_a_dollar,1969,,,5,Medium
mybestfriendsexorcism,2022,"Elsie Fisher, Amiah Miller, Cathy Ang, Rachel Ogechi Kanu","['Comedy', 'Horror', 'Supernatural']","My Best Friend's Exorcism is a 2022 American supernatural comedy horror film directed by Damon Thomas from a screenplay by Jenna Lamia, based on the 2016 novel of the same name by Grady Hendrix. The film stars Elsie Fisher, Amiah Miller, Rachel Ogechi Kanu, and Cathy Ang. The film was released on Prime Video on September 30, 2022.",https://www.rottentomatoes.com/m/my_best_friends_exorcism,2022,49.0,35.0,4,Medium
mrharrigansphone,2022,"Jaeden Martell, Donald Sutherland, Joe Tippett, Kirby Howell-Baptiste","['Drama', 'Horror', 'Teen']","Mr. Harrigan's Phone is a 2022 American teen horror drama film written and directed by John Lee Hancock. It is based on the novella of the same name by Stephen King from the collection If It Bleeds. The film stars Donald Sutherland, Jaeden Martell, Joe Tippett, and Kirby Howell-Baptiste.",https://www.rottentomatoes.com/m/mr_harrigans_phone,2022,45.0,50.0,4,Medium
terrifier2,2022,"Lauren LaVera, Elliot Fullam, Sarah Voigt, Kailey Hyman, Casey Harnett, David Howard Thornton, Samantha Scaffidi",['Slasher'],"Terrifier 2 is a 2022 American slasher film written, directed, edited, and produced by Damien Leone. It is a sequel to Terrifier (2016), and is the third feature-length film to feature Art the Clown. It features the return of David Howard Thornton and Samantha Scaffidi, who respectively portrayed Art the Clown and Victoria Heyes in the first film, and stars Lauren LaVera, Elliott Fullam, Sarah Voigt, Kailey Hyman, and Casey Hartnett. The story follows Art's resurrection and pursuit of Sienna Shaw (LaVera) and her younger brother Jonathan (Fullam) on Halloween night — a year after the events of the first film.",https://www.rottentomatoes.com/m/terrifier_2,Now Playing,86.0,80.0,7,Medium
lylelylecrocodile,2022,"Javier Bardem, Constance Wu, Winslow Fegley, Scoot McNairy, Brett Gelman, Shawn Mendes","['Comedy', 'Musical']","Lyle, Lyle, Crocodile is a 2022 American musical comedy film directed by Will Speck and Josh Gordon from a screenplay by William Davies. Produced by Columbia Pictures in association with Eagle Pictures and TSG Entertainment II, and distributed by Sony Pictures Releasing, it is an adaptation of the children's story of the same name and its predecessor The House on East 88th Street by Bernard Waber. The plot focuses on a family who moves to New York City, where their struggling son befriends a singing crocodile and tries to protect him from the rest of the world. The film stars Shawn Mendes as the voice of the titular character, alongside Javier Bardem, Constance Wu, Winslow Fegley, Scoot McNairy, Brett Gelman, and Ego Nwodim.",https://www.rottentomatoes.com/m/lyle_lyle_crocodile,Now Playing,71.0,93.0,6,Medium
amsterdam,2022,"Christian Bale, Margot Robbie, John David Washington, Chris Rock, Anya Taylor-Joy, Zoe Saldaña, Mike Myers, Michael Shannon, Timothy Olyphant, Andrea Riseborough, Taylor Swift, Matthias Schoenaerts, Alessandro Nivola, Rami Malek, Robert De Niro","['Comedy', 'Mystery', 'Thriller', 'Historical']","Amsterdam is a 2022 period mystery comedy thriller film directed, written, and co-produced by David O. Russell and starring Christian Bale, Margot Robbie, and John David Washington alongside an ensemble supporting cast including Chris Rock, Anya Taylor-Joy, Zoe Saldaña, Mike Myers, Michael Shannon, Timothy Olyphant, Andrea Riseborough, Taylor Swift, Matthias Schoenaerts, Alessandro Nivola, Rami Malek, and Robert De Niro. The story is based on the Business Plot, a 1933 political conspiracy in the United States, and follows three friends—a doctor, a nurse, and a lawyer—who reunite and seek to uncover the act following the mysterious murder of a retired U.S. general.",https://www.rottentomatoes.com/m/amsterdam,2009,,19.0,15,Medium
hellraiser,2022,"Odessa A'zion, Jamie Clayton, Brandon Flynn, Goran Višnjić, Hiam Abbass","['Horror', 'Supernatural']","Hellraiser is a 2022 supernatural horror film directed by David Bruckner, with a screenplay by Ben Collins and Luke Piotrowski, from a screen story they co-wrote with David S. Goyer. It is a reboot of the Hellraiser franchise, the eleventh installment overall, and a second adaptation of the 1986 novella The Hellbound Heart by Clive Barker, which was adapted into the 1987 film Hellraiser. The film stars Odessa A'zion, Jamie Clayton, Adam Faison, Drew Starkey, Brandon Flynn, Aoife Hinds, Jason Liles, Yinka Olorunnife, Selina Lo, Zachary Hing, Kit Clarke, Goran Višnjić, and Hiam Abbass. It follows a young woman recovering from addiction who ends up with a mechanical puzzle box that can summon the Cenobites, humanoid beings who thrive on pain and pleasure.",https://www.rottentomatoes.com/m/hellraiser,"Released Sep 18, 1987",70.0,73.0,5,Medium
hellraiser,2022,"Odessa A'zion, Jamie Clayton, Brandon Flynn, Goran Višnjić, Hiam Abbass","['Horror', 'Supernatural']","Hellraiser is a 2022 supernatural horror film directed by David Bruckner, with a screenplay by Ben Collins and Luke Piotrowski, from a screen story they co-wrote with David S. Goyer. It is a reboot of the Hellraiser franchise, the eleventh installment overall, and a second adaptation of the 1986 novella The Hellbound Heart by Clive Barker, which was adapted into the 1987 film Hellraiser. The film stars Odessa A'zion, Jamie Clayton, Adam Faison, Drew Starkey, Brandon Flynn, Aoife Hinds, Jason Liles, Yinka Olorunnife, Selina Lo, Zachary Hing, Kit Clarke, Goran Višnjić, and Hiam Abbass. It follows a young woman recovering from addiction who ends up with a mechanical puzzle box that can summon the Cenobites, humanoid beings who thrive on pain and pleasure.",https://www.rottentomatoes.com/m/hellraiser,"Released Sep 18, 1987",70.0,73.0,5,Medium
significantother,2022,"Maika Monroe, Jake Lacy","['Horror', 'Science Fiction']","Significant Other is a 2022 American sci-fi horror film written and directed by Dan Berk and Robert Olsen. The film stars Maika Monroe and Jake Lacy as a couple dealing with relationship issues while backpacking in the woods in the Pacific Northwest, whose activities are interrupted by a meteor strike bringing an alien lifeform into the picture.",https://www.rottentomatoes.com/m/significant_other,2022,70.0,69.0,2,Small
halloweenends,2022,"Jamie Lee Curtis, Andi Matichak, James Jude Courtney, Will Patton, Rohan Campbell, Kyle Richards",['Slasher'],"Halloween Ends is a 2022 American slasher film directed by David Gordon Green and co-written by Green, Danny McBride, Paul Brad Logan and Chris Bernier. It is the sequel to Halloween Kills (2021), the thirteenth installment in the Halloween franchise, and the final film in the trilogy of sequels that started with the 2018 film, which directly follows the 1978 film. The film stars Jamie Lee Curtis, Andi Matichak, Rohan Campbell, Will Patton, Kyle Richards, and James Jude Courtney. The plot follows Corey Cunningham, a young man who falls in love with Laurie Strode's granddaughter while a series of events, including crossing paths with Michael Myers, render him a murderous outcast.",https://www.rottentomatoes.com/m/halloween_ends,"Released Oct 14, 2022",40.0,57.0,6,Medium
till,2022,"Danielle Deadwyler, Jalyn Hall, Kevin Carroll, Frankie Faison, Haley Bennett, Jayme Lawson, Tosin Cole, Sean Patrick Thomas, John Douglas Thompson, Roger Guenveur Smith, Whoopi Goldberg","['Drama', 'Biography']","Till is a 2022 biographical drama film directed by Chinonye Chukwu and written by Michael Reilly, Keith Beauchamp, and Chukwu, and produced by Beauchamp, Reilly, and Whoopi Goldberg. It is based on the true story of Mamie Till-Bradley, an educator and activist who pursued justice after the murder of her 14-year-old son Emmett in August 1955. The film stars Danielle Deadwyler as Mamie and Jalyn Hall as Emmett. Kevin Carroll, Frankie Faison, Haley Bennett, Jayme Lawson, Tosin Cole, Sean Patrick Thomas, John Douglas Thompson, Roger Guenveur Smith, and Goldberg also appear in supporting roles.",https://www.rottentomatoes.com/m/till,"Released Oct 28, 2022",96.0,97.0,11,Medium
rosaline,2022,"Kaitlyn Dever, Isabela Merced, Kyle Allen, Bradley Whitford, Minnie Driver","['Comedy', 'Romance']","Rosaline is a 2022 American romantic comedy film directed by Karen Maine, written by Scott Neustadter and Michael H. Weber, and starring Kaitlyn Dever, Isabela Merced, Kyle Allen, Sean Teale, Christopher McDonald, Minnie Driver, and Bradley Whitford. It is based on the 2012 young adult novel When You Were Mine by Rebecca Serle, which in turn was inspired by William Shakespeare's Romeo and Juliet.",https://www.rottentomatoes.com/m/rosaline,2022,75.0,76.0,5,Medium
allquietonthewesternfront,2022,"Daniel Brühl, Felix Kammerer, Albrecht Schuch, Sebastian Hülk, Aaron Hilmer, Edin Hasanovic, Devid Striesow",['War'],"All Quiet on the Western Front is a 2022 German epic anti-war film based on the 1929 novel of the same name by Erich Maria Remarque. It is the third film adaptation of the book, after the 1930 and 1979 versions. Directed by Edward Berger, it stars Felix Kammerer, Albrecht Schuch, Daniel Brühl, Sebastian Hülk, Aaron Hilmer, Edin Hasanovic, and Devid Striesow.",https://www.rottentomatoes.com/m/all_quiet_on_the_western_front,"Released Aug 24, 1930",98.0,89.0,7,Medium
raymondray,2022,"Ewan McGregor, Ethan Hawke, Maribel Verdú, Sophie Okonedo","['Comedy', 'Drama']","Raymond & Ray is a 2022 comedy-drama film written and directed by Rodrigo García. The film stars Ewan McGregor, Ethan Hawke, Maribel Verdú, and Sophie Okonedo.",https://www.rottentomatoes.com/m/raymond_and_ray,"Released Oct 14, 2022",48.0,55.0,4,Medium
thecurseofbridgehollow,2022,"Marlon Wayans, Priah Ferguson, Kelly Rowland, Lauren Lapkus, Rob Riggle, Dave Sheridan, Nia Vardalos","['Comedy', 'Horror']","The Curse of Bridge Hollow is a 2022 American comedy horror film directed by Jeff Wadlow from a screenplay by Todd Berger and Robert Rugan. Starring Marlon Wayans, Priah Ferguson, Kelly Rowland, John Michael Higgins, Lauren Lapkus, Rob Riggle, and Nia Vardalos, the film was released by Netflix on October 14, 2022.",https://www.rottentomatoes.com/m/the_curse_of_bridge_hollow,2022,46.0,53.0,7,Medium
bitchass,2022,Tony Todd,"['Crime', 'Horror']",Bitch Ass is a 2022 American crime horror film directed by Bill Posley and starring Tony Todd. It is Posley’s feature directorial debut.,https://www.rottentomatoes.com/m/bitch_ass,"Released Oct 14, 2022",68.0,68.0,1,Small
theschoolforgoodandevil,2022,"Sophia Anne Caruso, Sofia Wylie, Laurence Fishburne, Michelle Yeoh, Jamie Flatters, Kit Young, Peter Serafinowicz, Kerry Washington, Charlize Theron",['Fantasy'],"The School for Good and Evil is a 2022 American fantasy film directed by Paul Feig, who co-wrote the screenplay with David Magee, based on the 2013 novel of the same name by Soman Chainani. The film stars an ensemble cast led by Sophia Anne Caruso as Sophie and Sofia Wylie as Agatha, two best friends who are sent to the Schools for Good and Evil. After their fortunes are seemingly reversed, their friendship is put to the test.",https://www.rottentomatoes.com/m/the_school_for_good_and_evil,2022,37.0,66.0,9,Medium
thegoodnurse,2022,"Jessica Chastain, Eddie Redmayne, Nnamdi Asomugha, Kim Dickens, Noah Emmerich","['Crime', 'Drama', 'Biography']","The Good Nurse is a 2022 American biographical crime drama film, starring Jessica Chastain and Eddie Redmayne, about Amy Loughren, a night nurse, who suspects that her co-worker Charles Cullen is a serial killer. The film is based on the 2013 true-crime book of the same name by Charles Graeber. It is directed by Tobias Lindholm and written by Krysty Wilson-Cairns. The film also stars Nnamdi Asomugha, Kim Dickens, and Noah Emmerich.",https://www.rottentomatoes.com/m/the_good_nurse,"Released Oct 19, 2022",75.0,76.0,5,Medium
vhs99,2022,"Luke Mullen, Tyler Lofton, Isabelle Hahn, Verona Blue, Dashiell Derrickson, Tybee Diskin, Steven Ogg, Joseph Winter, Melanie Stone","['Found Footage', 'Horror']","V/H/S/99 is a 2022 American found footage horror anthology film, and the fifth installment in the V/H/S franchise. The film features segments from Johannes Roberts, Vanessa & Joseph Winter, Maggie Levin, Tyler MacIntyre and Flying Lotus. It premiered September 16, 2022 in the Midnight Madness category of the 2022 Toronto International Film Festival. It was released as a Shudder Original Film on October 20, 2022. Upon its release, the film broke streaming records on Shudder and became the platform's most-viewed premiere, a title which was held by the earlier entry, V/H/S/94.",https://www.rottentomatoes.com/m/vhs99,2022,76.0,65.0,9,Medium
blackadam,2022,"Dwayne Johnson, Aldis Hodge, Noah Centineo, Sarah Shahi, Marwan Kenzari, Quintessa Swindell, Mohammed Amer, Bodhi Sabongui, Pierce Brosnan",['Superhero'],"Black Adam is a 2022 American superhero film based on the DC character of the same name. Produced by New Line Cinema, DC Films, Seven Bucks Productions, and FlynnPictureCo. and distributed by Warner Bros. Pictures, it is a spin-off to Shazam! (2019) and the 11th film in the DC Extended Universe (DCEU). The film was directed by Jaume Collet-Serra from a screenplay by Adam Sztykiel, Rory Haines, and Sohrab Noshirvani. It stars Dwayne Johnson as Teth-Adam / Black Adam, an ancient superhuman who is released from his magic imprisonment by a group of archeologists to free the nation of Kahndaq from the crime syndicate Intergang, whose local leader plans to obtain an ancient relic called the Crown of Sabbac to take control of the nation. Aldis Hodge, Noah Centineo, Sarah Shahi, Marwan Kenzari, Quintessa Swindell, and Pierce Brosnan appear in supporting roles.",https://www.rottentomatoes.com/m/black_adam,"Released Oct 21, 2022",39.0,88.0,9,Medium
tickettoparadise,2022,"George Clooney, Julia Roberts, Kaitlyn Dever, Billie Lourd, Maxime Bouttier, Lucas Bravo","['Comedy', 'Romance']","Ticket to Paradise is a 2022 romantic comedy film starring George Clooney and Julia Roberts as a divorced couple who team up to sabotage the impending wedding of their daughter in Bali. The film is directed by Ol Parker and written by Parker and Daniel Pipski, while Kaitlyn Dever, Billie Lourd, Maxime Bouttier, and Lucas Bravo also star.",https://www.rottentomatoes.com/m/ticket_to_paradise,"Released Jun 25, 1936",,,6,Medium
wendellwild,2022,"Keegan-Michael Key, Jordan Peele, Lyric Ross, Angela Bassett, James Hong, Ving Rhames","['Animated', 'Comedy', 'Horror', 'Erotic']","Wendell & Wild is a 2022 American stop motion adult animated horror comedy film directed by Henry Selick from a screenplay written by Selick and Jordan Peele, based on Selick's and Clay McLeod Chapman's unpublished book of the same name. It stars Keegan-Michael Key and Jordan Peele as the titular characters with Angela Bassett, Lyric Ross, James Hong, and Ving Rhames in supporting roles. This was Selick's first feature film since Coraline (2009).",https://www.rottentomatoes.com/m/wendell_and_wild,"Released Oct 21, 2022",81.0,64.0,6,Medium
thebansheesofinisherin,2022,"Colin Farrell, Brendan Gleeson, Kerry Condon, Barry Keoghan",['Comedy'],"The Banshees of Inisherin is a 2022 black tragicomedy film directed, written, and produced by Martin McDonagh. Set on a remote, fictional island off the west coast of Ireland, the film stars Colin Farrell and Brendan Gleeson as two lifelong friends who find themselves at an impasse when one abruptly ends their relationship, with alarming consequences for both of them. Kerry Condon and Barry Keoghan also star. It reunites Farrell and Gleeson, who previously worked together on McDonagh's directorial debut, In Bruges (2008).",https://www.rottentomatoes.com/m/the_banshees_of_inisherin,"Released Nov 4, 2022",96.0,75.0,4,Medium
mypoliceman,2022,"Harry Styles, Emma Corrin, David Dawson, Linus Roache, Gina McKee, Rupert Everett","['Drama', 'Romance']","My Policeman is a 2022 American romantic drama film based on the 2012 novel of the same name by Bethan Roberts and directed by Michael Grandage. The film stars Harry Styles, Emma Corrin, Gina McKee, Linus Roache, David Dawson, and Rupert Everett.",https://www.rottentomatoes.com/m/my_policeman,"Released Oct 21, 2022",45.0,96.0,6,Medium
aftersun,2022,"Paul Mescal, Francesca Corio, Celia Rowlson-Hall",['Drama'],"Aftersun is a 2022 coming-of-age drama film written and directed by Charlotte Wells, starring Paul Mescal, Frankie Corio and Celia Rowlson-Hall. Set in the late 1990s, the film follows Sophie, an 11-year-old girl, on holiday with her father at a Turkish resort on the eve of his 31st birthday.",https://www.rottentomatoes.com/m/aftersun,"Released Oct 21, 2022",96.0,81.0,3,Small
detectiveknightrogue,2022,"Bruce Willis, Lochlyn Munro, Jimmy Jean-Louis","['Action', 'War']","Detective Knight: Rogue is a 2022 American action film directed by Edward John Drake, from a screenplay by Drake and Corey Large, and produced by Large, Randall Emmett, and George Furla. Serving as the first installment of the Detective Knight trilogy, it stars Bruce Willis, Lochlyn Munro, and Jimmy Jean-Louis.",https://www.rottentomatoes.com/m/detective_knight_rogue,"Released Oct 21, 2022",60.0,79.0,3,Small
thereturnoftanyatuckerfeaturingbrandicarlile,2022,"Tanya Tucker, Brandi Carlile",['Documentary'],"The Return of Tanya Tucker: Featuring Brandi Carlile is an 2022 American documentary film, directed and produced by Kathlyn Horan. It follows Tanya Tucker returning to the studio to record her first album in 10 years, While I'm Livin', collaborating with Brandi Carlile.",https://www.rottentomatoes.com/m/the_return_of_tanya_tucker_featuring_brandi_carlile,"Released Oct 21, 2022",92.0,94.0,2,Small
armageddontime,2022,"Anne Hathaway, Jeremy Strong, Banks Repeta, Jaylin Webb, Anthony Hopkins",['Drama'],"Armageddon Time is a 2022 American coming-of-age drama film written, directed, and produced by James Gray. The film stars Anne Hathaway, Jeremy Strong, Banks Repeta, Jaylin Webb, and Anthony Hopkins. Inspired by Gray's childhood experiences, the story follows a young Jewish-American boy who befriends an African-American classmate and begins to struggle with expectations from his family and growing up in a world of privilege, inequality and prejudice. It was shot in New Jersey and in Fresh Meadows, Queens, New York where the director James Gray grew up with cinematographer Darius Khondji.",https://www.rottentomatoes.com/m/armageddon_time,"Released Nov 4, 2022",76.0,48.0,5,Medium
calljane,2022,"Elizabeth Banks, Sigourney Weaver, Chris Messina, Kate Mara, Wunmi Mosaku, Cory Michael Smith, Grace Edwards, John Magaro",['Drama'],"Call Jane is a 2022 American drama film starring Elizabeth Banks as a suburban housewife in the 1960s who deals with a life-threatening pregnancy. The film also stars Sigourney Weaver, Chris Messina, Kate Mara, Wunmi Mosaku, Cory Michael Smith, Grace Edwards, and John Magaro. It is directed by Phyllis Nagy. The screenplay was written by Hayley Schore and Roshan Sethi.",https://www.rottentomatoes.com/m/call_jane,"Released Oct 28, 2022",82.0,87.0,8,Medium
causeway,2022,"Jennifer Lawrence, Brian Tyree Henry, Linda Emond, Jayne Houdyshell, Stephen McKinley Henderson, Russell Harvard",['Drama'],"Causeway is a 2022 American drama film directed by Lila Neugebauer in her feature directorial debut and written by Ottessa Moshfegh, Luke Goebel, and Elizabeth Sanders. The film stars Jennifer Lawrence, Brian Tyree Henry, Linda Emond, Jayne Houdyshell, Stephen McKinley Henderson, and Russell Harvard. It follows a soldier struggling to adjust to her life after returning home to New Orleans.",https://www.rottentomatoes.com/m/causeway,"Released Nov 4, 2022",85.0,73.0,6,Medium
preyforthedevil,2022,"Jacqueline Byers, Colin Salmon, Christian Navarro, Lisa Palfrey, Nicholas Ralph, Ben Cross, Virginia Madsen","['Horror', 'Supernatural']","Prey for the Devil is a 2022 American supernatural horror film directed by Daniel Stamm and stars Jacqueline Byers, Colin Salmon, Christian Navarro, Lisa Palfrey, Nicholas Ralph, Virginia Madsen, and Ben Cross.",https://www.rottentomatoes.com/m/prey_for_the_devil,"Released Oct 28, 2022",17.0,69.0,7,Medium
runsweetheartrun,2022,"Ella Balinska, Pilou Asbæk, Clark Gregg, Aml Ameen, Dayo Okeniyi, Betsy Brandt, Shohreh Aghdashloo","['Horror', 'Supernatural']","Run Sweetheart Run is a 2020 American supernatural horror film directed by Shana Feste from a screenplay by Feste, Keith Josef Adkins and Kellee Terrell. The film stars Ella Balinska, Pilou Asbæk, Dayo Okeniyi, Betsy Brandt, Ava Grey, Lamar Johnson, Jess Gabor, Clark Gregg, and Shohreh Aghdashloo.",https://www.rottentomatoes.com/m/run_sweetheart_run,2020,62.0,46.0,7,Medium
thewonder,2022,"Florence Pugh, Tom Burke, Niamh Algar, Elaine Cassidy, Dermot Crowley, Brían F. O'Byrne, David Wilmot, Ruth Bradley, Caolán Byrne, Josie Walker, Ciarán Hinds, Toby Jones, Kíla Lord Cassidy","['Drama', 'Historical']","The Wonder is a 2022 period psychological drama film directed by Sebastián Lelio. Emma Donoghue, Lelio, and Alice Birch wrote the screenplay based on the 2016 novel of the same name by Donoghue. Set shortly after the Great Famine, it follows an English nurse sent to a rural Irish village to observe a young 'fasting girl', who is seemingly able to miraculously survive without eating. Florence Pugh leads an ensemble cast that includes Tom Burke, Niamh Algar, Elaine Cassidy, Dermot Crowley, Brían F. O'Byrne, David Wilmot, Ruth Bradley, Caolán Byrne, Josie Walker, Ciarán Hinds, Toby Jones, and Kíla Lord Cassidy.",https://www.rottentomatoes.com/m/the_wonder,2008,,,13,Medium
theindependent,2022,"Brian Cox, Jodie Turner-Smith, Luke Kirby, Ann Dowd, John Cena, Stephen Lang",['Political'],"The Independent is a 2022 American political film directed by Amy Rice and written by Evan Parter. It stars Jodie Turner-Smith, Brian Cox, Luke Kirby, Stephen Lang, Ann Dowd, and John Cena. The plot centers around a reporter who uncovers a conspiracy that could impact the results of an upcoming presidential election. The film was released on streaming by Peacock on November 2, 2022.",https://www.rottentomatoes.com/m/the_independent,"Released Nov 30, 2001",60.0,49.0,6,Medium
theindependent,2022,"Brian Cox, Jodie Turner-Smith, Luke Kirby, Ann Dowd, John Cena, Stephen Lang",['Political'],"The Independent is a 2022 American political film directed by Amy Rice and written by Evan Parter. It stars Jodie Turner-Smith, Brian Cox, Luke Kirby, Stephen Lang, Ann Dowd, and John Cena. The plot centers around a reporter who uncovers a conspiracy that could impact the results of an upcoming presidential election. The film was released on streaming by Peacock on November 2, 2022.",https://www.rottentomatoes.com/m/independent,"Released Nov 30, 2001",60.0,49.0,6,Medium
enolaholmes2,2022,"Millie Bobby Brown, Henry Cavill, David Thewlis, Louis Partridge, Susie Wokoma, Adeel Akhtar, Sharon Duncan-Brewster, Helena Bonham Carter",['Mystery'],"Enola Holmes 2 is a 2022 mystery film and the sequel to the 2020 film Enola Holmes, both of which star Millie Bobby Brown as the title character, the teenage sister of the already-famous Victorian-era detective Sherlock Holmes. The film is directed by Harry Bradbeer from a screenplay by Jack Thorne that adapts the book series The Enola Holmes Mysteries by Nancy Springer. Unlike its predecessor, the film does not adapt one of Springer's novels and instead takes real-life inspiration from the 1888 matchgirls' strike. In addition to Brown, Henry Cavill, Louis Partridge, Susie Wokoma, Adeel Akhtar, and Helena Bonham Carter reprise their supporting roles, while David Thewlis and Sharon Duncan-Brewster join the cast.",https://www.rottentomatoes.com/m/enola_holmes_2,"Released Oct 28, 2022",93.0,79.0,8,Medium
myfathersdragon,2022,"Jacob Tremblay, Gaten Matarazzo, Golshifteh Farahani, Dianne Wiest, Rita Moreno, Chris O'Dowd, Judy Greer, Alan Cumming, Yara Shahidi, Jackie Earle Haley, Whoopi Goldberg, Ian McShane","['Adventure', 'Animated', 'Comedy', 'Fantasy']","My Father's Dragon is a 2022 2D-animated fantasy adventure comedy film directed by Nora Twomey with a screenplay by Meg LeFauve who co-wrote the story with John Morgan. It is based on the 1948 children's novel of the same name by Ruth Stiles Gannett. The film is also dedicated to Morgan who had since died. It stars the voices of Jacob Tremblay, Gaten Matarazzo, Golshifteh Farahani, Dianne Wiest, Rita Moreno, Chris O'Dowd, Judy Greer, Alan Cumming, Yara Shahidi, Jackie Earle Haley, Whoopi Goldberg, and Ian McShane.",https://www.rottentomatoes.com/m/my_fathers_dragon,"Released Jul 12, 2002",,,12,Medium
weirdthealyankovicstory,2022,"Daniel Radcliffe, Evan Rachel Wood, Rainn Wilson","['Biography', 'Satire']","Weird: The Al Yankovic Story is a 2022 American biographical parody film directed by Eric Appel, who co-wrote the screenplay with Al Yankovic. The film is a satire of biopics and is loosely based on Yankovic's life and career as an accordionist and parody songwriter. It stars Daniel Radcliffe as Yankovic, along with Evan Rachel Wood, Rainn Wilson, Toby Huss, Arturo Castro, and Julianne Nicholson in supporting roles.",https://www.rottentomatoes.com/m/weird_the_al_yankovic_story,"Released Nov 1, 2022",84.0,80.0,3,Small
theestate,2022,"Toni Collette, Anna Faris, David Duchovny, Rosemarie DeWitt, Ron Livingston, Keyla Monterroso Mejia, Kathleen Turner",['Comedy'],"The Estate is a 2022 black comedy written and directed by Dean Craig. It stars Toni Collette and Anna Faris as sisters who try to get back in the good graces of their estranged aunt before she passes to inherit some of her fortune. The film was released on November 4, 2022, by Signature Entertainment.",https://www.rottentomatoes.com/m/the_estate,2021,,,7,Medium
ontheline,2022,"Mel Gibson, Kevin Dillon",['Thriller'],"On the Line is a 2022 thriller film written, produced, and directed by Romuald Boulanger and starring Mel Gibson.",https://www.rottentomatoes.com/m/on_the_line,2021,,,2,Small
dearzoe,2022,"Sadie Sink, Theo Rossi, Kweku Collins, Jessica Capshaw, Justin Bartha, Vivien Lyra Blair",['Drama'],"Dear Zoe is a 2022 American drama film directed by Gren Wells from a screenplay by Marc Lhormer and Melissa Martin. It is an adaptation of the 2005 novel of the same name by Philip Beard. The film stars Sadie Sink, Theo Rossi, Kweku Collins, Jessica Capshaw, Justin Bartha, and Vivien Lyra Blair.",https://www.rottentomatoes.com/m/dear_zoe,"Released Nov 4, 2022",71.0,87.0,6,Medium
somethinginthedirt,2022,"Justin Benson, Aaron Moorhead","['Comedy', 'Horror', 'Science Fiction']",Something in the Dirt is a 2022 American science fiction comedy horror film written by Justin Benson and directed by and starring Benson and Aaron Moorhead. It is the fifth feature film by the directing duo.,https://www.rottentomatoes.com/m/something_in_the_dirt,"Released Nov 4, 2022",90.0,47.0,2,Small
guillermodeltorospinocchio,2022,"Ewan McGregor, David Bradley, Gregory Mann, Burn Gorman, Ron Perlman, John Turturro, Finn Wolfhard, Cate Blanchett, Tim Blake Nelson, Christoph Waltz, Tilda Swinton","['Fantasy', 'Musical', 'Animated']","Guillermo del Toro's Pinocchio is a 2022 musical dark fantasy film made through stop-motion animation directed by Guillermo del Toro and Mark Gustafson, with a screenplay by del Toro and Patrick McHale. Matthew Robbins and del Toro's modified Pinocchio story, drawing from the 1883 Italian novel The Adventures of Pinocchio by Carlo Collodi, was strongly influenced by Gris Grimly's illustrations for a 2002 edition of the book. The film reimagines the adventures of Pinocchio, a wooden puppet who comes to life as the son of his carver Geppetto. It is ""a story of love and disobedience as Pinocchio struggles to live up to his father's expectations, learning the true meaning of life"". Set in Fascist Italy during the interwar period and World War II, the film stars the voice of Gregory Mann as Pinocchio and David Bradley as Geppetto, alongside Ewan McGregor, Burn Gorman, Ron Perlman, John Turturro, Finn Wolfhard, Cate Blanchett, Tim Blake Nelson, Christoph Waltz, and Tilda Swinton.",https://www.rottentomatoes.com/m/guillermo_del_toros_pinocchio,"Released Nov 9, 2022",96.0,90.0,11,Medium
blackpantherwakandaforever,2022,"Letitia Wright, Lupita Nyong'o, Danai Gurira, Winston Duke, Florence Kasumba, Dominique Thorne, Michaela Coel, Tenoch Huerta Mejía, Martin Freeman, Julia Louis-Dreyfus, Angela Bassett",['Superhero'],"Black Panther: Wakanda Forever is a 2022 American superhero film based on Marvel Comics featuring the character Shuri / Black Panther. Produced by Marvel Studios and distributed by Walt Disney Studios Motion Pictures, it is the sequel to Black Panther (2018) and the 30th film in the Marvel Cinematic Universe (MCU). Directed by Ryan Coogler, who co-wrote the screenplay with Joe Robert Cole, the film stars Letitia Wright as Shuri / Black Panther, alongside Lupita Nyong'o, Danai Gurira, Winston Duke, Florence Kasumba, Dominique Thorne, Michaela Coel, Mabel Cadena, Tenoch Huerta Mejía, Martin Freeman, Julia Louis-Dreyfus, and Angela Bassett. In the film, the leaders of Wakanda fight to protect their nation in the wake of King T'Challa's death.",https://www.rottentomatoes.com/m/black_panther_wakanda_forever,"Released Nov 11, 2022",84.0,94.0,11,Medium
blackpantherwakandaforever,2022,"Letitia Wright, Lupita Nyong'o, Danai Gurira, Winston Duke, Florence Kasumba, Dominique Thorne, Michaela Coel, Tenoch Huerta Mejía, Martin Freeman, Julia Louis-Dreyfus, Angela Bassett",['Superhero'],"Black Panther: Wakanda Forever is a 2022 American superhero film based on Marvel Comics featuring the character Shuri / Black Panther. Produced by Marvel Studios and distributed by Walt Disney Studios Motion Pictures, it is the sequel to Black Panther (2018) and the 30th film in the Marvel Cinematic Universe (MCU). Directed by Ryan Coogler, who co-wrote the screenplay with Joe Robert Cole, the film stars Letitia Wright as Shuri / Black Panther, alongside Lupita Nyong'o, Danai Gurira, Winston Duke, Florence Kasumba, Dominique Thorne, Michaela Coel, Mabel Cadena, Tenoch Huerta Mejía, Martin Freeman, Julia Louis-Dreyfus, and Angela Bassett. In the film, the leaders of Wakanda fight to protect their nation in the wake of King T'Challa's death.",https://www.rottentomatoes.com/m/black_panther_wakanda_forever,"Released Nov 11, 2022",84.0,94.0,11,Medium
thefabelmans,2022,"Michelle Williams, Paul Dano, Seth Rogen, Gabriel LaBelle, Judd Hirsch",['Drama'],"The Fabelmans is a 2022 American coming-of-age drama film directed by Steven Spielberg, who co-wrote and produced it with Tony Kushner. The film is a semi-autobiographical story loosely based on Spielberg's adolescence and first years as a filmmaker. It's told through an original story of the fictional Sammy Fabelman, a young aspiring filmmaker who explores how the power of films can help him see the truth about his dysfunctional family and those around him. It stars Gabriel LaBelle as Sammy, alongside Michelle Williams, Paul Dano, Seth Rogen, and Judd Hirsch in supporting roles. The film is dedicated to the memories of Spielberg's real-life parents, Leah Adler and Arnold Spielberg, who died in 2017 and 2020, respectively.",https://www.rottentomatoes.com/m/the_fabelmans,"Released Nov 23, 2022",92.0,83.0,5,Medium
spirited,2022,"Will Ferrell, Ryan Reynolds, Octavia Spencer","['Comedy', 'Musical']","Spirited is a 2022 American Christmas musical comedy film directed by Sean Anders, and written and produced by Anders and John Morris. It is a modern retelling of Charles Dickens's 1843 novella A Christmas Carol and a satire of the various adaptations since. The film stars Will Ferrell, Ryan Reynolds, Octavia Spencer, Sunita Mani, Patrick Page, Marlow Barkley, and Tracy Morgan. In the film, The Ghost of Christmas Present is nearing retirement, which would mean a return to Earth. He sets his sights on an ""unredeemable"" man named Clint Briggs, who ends up helping the Ghost come to terms with his own past.",https://www.rottentomatoes.com/m/spirited,"Released Nov 11, 2022",70.0,81.0,3,Small
paradisecity,2022,"John Travolta, Bruce Willis",['Action'],"Paradise City is a 2022 American action film directed by Chuck Russell and written by Russell, Corey Large, and Edward John Drake. It stars Bruce Willis and John Travolta.",https://www.rottentomatoes.com/m/paradise_city,"Released Dec 1, 2019",,,2,Small
pokerface,2022,"Russell Crowe, Liam Hemsworth, Elsa Pataky, RZA",['Thriller'],"Poker Face is a 2022 Australian-American thriller film written by, directed by and starring Russell Crowe. It co-stars Liam Hemsworth and RZA. The film had a limited theatrical release on November 16, 2022 and was released on demand on November 22, 2022.",https://www.rottentomatoes.com/m/poker_face,2015,,,4,Medium
achristmasstorychristmas,2022,"Peter Billingsley, Erinn Hayes, Ian Petrella, R. D. Robb, Scott Schwartz, Zack Ward, Julie Hagerty",['Comedy'],"A Christmas Story Christmas is a 2022 American Christmas comedy film directed by Clay Kaytis with a script he co-wrote with Nick Schenk, from an original story co-written by Schenk and Peter Billingsley. It is a legacy sequel to A Christmas Story (1983) and is the eighth installment in the Parker Family Saga franchise, while ignoring the events of My Summer Story (1994) and A Christmas Story 2 (2012). The film was produced by Billingsley and Vince Vaughn along with Cale Boyter, Jay Ashenfelter, Marc Toberoff and Irwin Zwilling. Billingsley reprises his role as Ralphie Parker alongside Ian Petrella, Scott Schwartz, R. D. Robb, Zack Ward, and Yano Anaya returning as Randy Parker, Flick, Schwartz, Scut Farkus, and Grover Dill, respectively. Erinn Hayes, River Drosche, and Julianna Layne play Ralphie's wife and kids, with Julie Hagerty as Mrs. Parker. In the film, after the Old Man dies, Ralphie takes his family to his childhood home, reuniting with his mom and old friends, while being tasked to deliver a memorable Christmas.",https://www.rottentomatoes.com/m/a_christmas_story_christmas,2022,79.0,75.0,7,Medium
shesaid,2022,"Carey Mulligan, Zoe Kazan, Patricia Clarkson, Andre Braugher, Jennifer Ehle, Samantha Morton, Ashley Judd","['Drama', 'Biography']","She Said is a 2022 American biographical drama film directed by Maria Schrader and written by Rebecca Lenkiewicz, based on the 2019 book of the same title by reporters Jodi Kantor and Megan Twohey. The film stars Carey Mulligan and Zoe Kazan as Twohey and Kantor, respectively, and follows their New York Times investigation that exposed Harvey Weinstein's history of abuse and sexual misconduct against women. Patricia Clarkson, Andre Braugher, Jennifer Ehle, and Samantha Morton co-star, with Ashley Judd appearing as herself.",https://www.rottentomatoes.com/m/she_said,"Released Nov 18, 2022",88.0,91.0,7,Medium
themenu,2022,"Ralph Fiennes, Anya Taylor-Joy, Nicholas Hoult, Hong Chau, Janet McTeer, Reed Birney, Judith Light, John Leguizamo","['Comedy', 'Horror']","The Menu is a 2022 American comedy horror film directed by Mark Mylod, written by Seth Reiss and Will Tracy, based on an original story created by Tracy, produced by Adam McKay, Betsy Koch and Will Ferrell, and starring Ralph Fiennes as a celebrity chef with Hong Chau playing his assistant and Anya Taylor-Joy, Nicholas Hoult, Janet McTeer, Reed Birney, Judith Light, and John Leguizamo playing diners who attend his exclusive restaurant.",https://www.rottentomatoes.com/m/the_menu,"Released Nov 18, 2022",88.0,76.0,8,Medium
slumberland,2022,"Jason Momoa, Marlow Barkley, Chris O'Dowd, Kyle Chandler, Weruche Opia","['Adventure', 'Fantasy']","Slumberland is a 2022 American fantasy adventure film directed by Francis Lawrence and written by David Guion and Michael Handelman. Based on the comic strip Little Nemo in Slumberland by Winsor McCay, the film stars Jason Momoa, Marlow Barkley, Chris O'Dowd, Kyle Chandler, and Weruche Opia. It tells the story of a young girl who goes to live with her uncle after her father is lost at sea and enters Slumberland where she befriends a renegade character who is involved in a plot to get to the Sea of Nightmares and obtain a special pearl that may have the power to reunite her with her father.",https://www.rottentomatoes.com/m/slumberland,Now Playing,40.0,86.0,5,Medium
bonesandall,2022,"Taylor Russell, Timothée Chalamet, Michael Stuhlbarg, André Holland, Chloë Sevigny, David Gordon Green, Jessica Harper, Jake Horowitz, Mark Rylance","['Horror', 'Romance']","Bones and All is a 2022 romantic horror film directed by Luca Guadagnino from a screenplay by David Kajganich, based on the 2015 novel Bones & All by Camille DeAngelis. The film stars Taylor Russell and Timothée Chalamet as a pair of young cannibals who flee together on a road trip across the country and develop feelings for each other. Michael Stuhlbarg, André Holland, Chloë Sevigny, David Gordon Green, Jessica Harper, Jake Horowitz, and Mark Rylance appear in supporting roles.",https://www.rottentomatoes.com/m/bones_and_all,"Released Nov 23, 2022",82.0,62.0,9,Medium
theinspection,2022,"Jeremy Pope, Raúl Castillo, McCaul Lombardi, Aaron Dominguez, Nicholas Logan, Eman Esfandi, Andrew Kai, Aubrey Joseph, Bokeem Woodbine, Gabrielle Union",['Drama'],"The Inspection is a 2022 American drama film written and directed by Elegance Bratton. Inspired by Bratton's real-life experiences, the film follows a young gay black man who defiantly endures brutal training at a Marine Corps boot camp, seeking approval from his homophobic mother. It stars Jeremy Pope, Raúl Castillo, McCaul Lombardi, Aaron Dominguez, Nicholas Logan, Eman Esfandi, Andrew Kai, Aubrey Joseph, Bokeem Woodbine, and Gabrielle Union.",https://www.rottentomatoes.com/m/the_inspection,"Released Dec 2, 2022",88.0,91.0,10,Medium
scroogeachristmascarol,2022,"Luke Evans, Olivia Colman, Jessie Buckley, Jonathan Pryce, Johnny Flynn, James Cosmo","['Animated', 'Comedy', 'Drama', 'Fantasy', 'Musical']","Scrooge: A Christmas Carol is a 2022 computer-animated musical fantasy comedy drama film directed by Stephen Donnelly from a screenplay by both Donnelly and the late Leslie Bricusse, adapted from the 1970 film Scrooge, in turn based on the novel A Christmas Carol by Charles Dickens. Produced by Timeless Films, the film features the voices of Luke Evans, Olivia Colman, Jessie Buckley, Jonathan Pryce, Johnny Flynn, James Cosmo and Trevor Dion Nicholas. It was released in select theaters on November 18, 2022, and made its streaming release in Netflix on December 2 of the same year. The film is dedicated to Leslie Bricusse, who died a year before the film's release. The film received mixed reviews from critics.",https://www.rottentomatoes.com/m/scrooge_a_christmas_carol,"Released Nov 18, 2022",38.0,67.0,6,Medium
lamborghinithemanbehindthelegend,2022,"Frank Grillo, Mira Sorvino, Gabriel Byrne","['Drama', 'Biography']","Lamborghini: The Man Behind the Legend is a 2022 American biographical drama film written and directed by Robert Moresco and starring Frank Grillo as Italian entrepreneur Ferruccio Lamborghini. It was released in select theaters in the United States on November 18, 2022, by Lionsgate.",https://www.rottentomatoes.com/m/lamborghini_the_man_behind_the_legend,"Released Nov 18, 2022",6.0,55.0,3,Small
thepeoplewehateatthewedding,2022,"Allison Janney, Kristen Bell, Ben Platt",['Comedy'],"The People We Hate at the Wedding is a 2022 American comedy film directed by Claire Scanlon from a screenplay by the Molyneux sisters, based on the 2016 novel of the same name by Grant Ginder. It stars Allison Janney, Ben Platt, Cynthia Addai-Robinson, and Kristen Bell.",https://www.rottentomatoes.com/m/the_people_we_hate_at_the_wedding,2022,31.0,39.0,3,Small
strangeworld,2022,"Jake Gyllenhaal, Dennis Quaid, Jaboukie Young-White, Gabrielle Union, Lucy Liu","['Adventure', 'Animated', 'Science Fiction']","Strange World is a 2022 American computer-animated science-fiction adventure film produced by Walt Disney Animation Studios and distributed by Walt Disney Studios Motion Pictures. The 61st film produced by the studio, it was directed by Don Hall, co-directed by Qui Nguyen, and produced by Roy Conli, from a screenplay written by Nguyen, who also conceived the story with Hall. The film stars the voices of Jake Gyllenhaal, Dennis Quaid, Jaboukie Young-White, Gabrielle Union, and Lucy Liu. It is Disney's seventh animated film to tackle the sci-fi genre, after Big Hero 6 (2014). The film follows a legendary family of explorers, the Clades, who must set aside their differences as they embark on a journey to a mysterious subterranean land inhabited by surreal lifeforms, in order to save a miracle plant Pando that is their society's source of energy.",https://www.rottentomatoes.com/m/strange_world,"Released Nov 23, 2022",72.0,66.0,5,Medium
glassonionaknivesoutmystery,2022,"Daniel Craig, Edward Norton, Janelle Monáe, Kathryn Hahn, Leslie Odom Jr., Jessica Henwick, Madelyn Cline, Kate Hudson, Dave Bautista",['Mystery'],"Glass Onion: A Knives Out Mystery is a 2022 American mystery film written and directed by Rian Johnson and produced by Johnson and Ram Bergman. It is a standalone sequel to the 2019 film Knives Out, with Daniel Craig reprising his role as master detective Benoit Blanc as he takes on a new case revolving around tech billionaire Miles Bron and his closest friends. The ensemble cast also includes Janelle Monáe, Kathryn Hahn, Leslie Odom Jr., Jessica Henwick, Madelyn Cline, Kate Hudson, and Dave Bautista.",https://www.rottentomatoes.com/m/glass_onion_a_knives_out_mystery,"Released Nov 23, 2022",91.0,92.0,9,Medium
devotion,2022,"Jonathan Majors, Glen Powell, Christina Jackson, Joe Jonas, Thomas Sadoski","['War', 'Biography']","Devotion is a 2022 American biographical war film based on the 2015 book Devotion: An Epic Story of Heroism, Friendship, and Sacrifice by Adam Makos, which retells the comradeship between naval officers Jesse Brown and Tom Hudner during the Korean War. It is directed by J. D. Dillard and written by Jake Crane and Jonathan Stewart. The film stars Jonathan Majors as Brown and Glen Powell as Hudner, along with Christina Jackson, Daren Kagasoff, Joe Jonas, Nick Hargrove, Spencer Neville, and Thomas Sadoski in supporting roles.",https://www.rottentomatoes.com/m/devotion,1931,,,5,Medium
nanny,2022,"Anna Diop, Michelle Monaghan, Sinqua Walls, Morgan Spector, Rose Spector, Leslie Uggams",['Horror'],"Nanny is a 2022 American psychological horror film written and directed by Nikyatu Jusu, in her feature directorial debut. The film stars Anna Diop, Michelle Monaghan, Sinqua Walls, Morgan Spector, Rose Decker, and Leslie Uggams. Jason Blum serves as an executive producer through his Blumhouse Television banner.",https://www.rottentomatoes.com/m/nanny,"Released Nov 23, 2022",90.0,68.0,6,Medium
thenoeldiary,2022,"Justin Hartley, Barrett Doss","['Comedy', 'Drama', 'Romance']","The Noel Diary is a 2022 American Christmas romantic comedy-drama film directed by Charles Shyer and written by Rebecca Connor, David Golden, Charles Shyer, and Richard Paul Evans. The film stars Justin Hartley, Barrett Doss, Bonnie Bedelia, Essence Atkins, and James Remar.",https://www.rottentomatoes.com/m/the_noel_diary,"Released Nov 18, 2022",69.0,63.0,2,Small
whitenoise,2022,"Adam Driver, Greta Gerwig, Don Cheadle, Raffey Cassidy, Sam Nivola, May Nivola, Jodie Turner-Smith, André Benjamin, Bill Camp","['Comedy', 'Drama']","White Noise is a 2022 absurdist comedy-drama film, written and directed by Noah Baumbach, adapted from the 1985 novel with the same title by Don DeLillo. It is Baumbach's first directed feature not to be based on an original story of his own. The film stars Adam Driver, Greta Gerwig, Don Cheadle, Raffey Cassidy, Sam Nivola, and May Nivola. Set in the 1980s, the story follows the life of an academic and his family whose lives change after an air contamination accident near their home.",https://www.rottentomatoes.com/m/white_noise,"Released Jan 7, 2005",7.0,31.0,9,Medium
whitenoise,2022,"Adam Driver, Greta Gerwig, Don Cheadle, Raffey Cassidy, Sam Nivola, May Nivola, Jodie Turner-Smith, André Benjamin, Bill Camp","['Comedy', 'Drama']","White Noise is a 2022 absurdist comedy-drama film, written and directed by Noah Baumbach, adapted from the 1985 novel with the same title by Don DeLillo. It is Baumbach's first directed feature not to be based on an original story of his own. The film stars Adam Driver, Greta Gerwig, Don Cheadle, Raffey Cassidy, Sam Nivola, and May Nivola. Set in the 1980s, the story follows the life of an academic and his family whose lives change after an air contamination accident near their home.",https://www.rottentomatoes.com/m/white_noise,"Released Jan 7, 2005",7.0,31.0,9,Medium
violentnight,2022,"David Harbour, John Leguizamo, Alex Hassell, Alexis Louder, Edi Patterson, Cam Gigandet, Leah Brady, Beverly D'Angelo","['Action', 'Comedy']","Violent Night is a 2022 American Christmas action comedy film directed by Tommy Wirkola and written by Pat Casey and Josh Miller. It follows Santa Claus as he fights mercenaries who have taken a wealthy family hostage in their home. The film also stars John Leguizamo, Alex Hassell, Alexis Louder, Edi Patterson, Cam Gigandet, Leah Brady, and Beverly D'Angelo.",https://www.rottentomatoes.com/m/violent_night,"Released Dec 2, 2022",73.0,88.0,8,Medium
spoileralert,2022,"Jim Parsons, Ben Aldridge, Sally Field","['Drama', 'Biography', 'Romance']","Spoiler Alert is a 2022 American biographical romantic drama film starring Jim Parsons and Ben Aldridge as two lovers, one who watches the other's final months before his death from terminal cancer. The film, based on the 2017 memoir Spoiler Alert: The Hero Dies by Michael Ausiello, is directed by Michael Showalter and written by David Marshall Grant and Dan Savage. Parsons plays Ausiello, and Aldridge plays his lover Kit Cowan who dies of cancer.",https://www.rottentomatoes.com/m/spoiler_alert,2009,,,3,Small
diaryofawimpykidrodrickrules,2022,"Brady Noon, Ethan William Childress, Hunter Dillon, Chris Diamantopoulos, Erica Cerra, Ed Asner","['Animated', 'Comedy']","Diary of a Wimpy Kid: Rodrick Rules is a 2022 computer-animated comedy film directed by Luke Cormican from a screenplay by Jeff Kinney, based on his 2008 book of the same name. It is a sequel to Diary of a Wimpy Kid (2021) and is the second adaptation of Rodrick Rules following the 2011 live-action film, while also being the second fully-animated film in the Diary of a Wimpy Kid film series and the sixth installment overall. Brady Noon, Ethan William Childress, Chris Diamantopoulos, Erica Cerra, and Hunter Dillon reprise their roles as characters from the first film, while Ed Asner posthumously portrays Grandpa Heffley. The film is one of Asner's final voice roles recorded before his death on August 29, 2021 and is dedicated to his memory.",https://www.rottentomatoes.com/m/diary_of_a_wimpy_kid_rodrick_rules,2022,50.0,47.0,6,Medium
diaryofawimpykidrodrickrules,2022,"Brady Noon, Ethan William Childress, Hunter Dillon, Chris Diamantopoulos, Erica Cerra, Ed Asner","['Animated', 'Comedy']","Diary of a Wimpy Kid: Rodrick Rules is a 2022 computer-animated comedy film directed by Luke Cormican from a screenplay by Jeff Kinney, based on his 2008 book of the same name. It is a sequel to Diary of a Wimpy Kid (2021) and is the second adaptation of Rodrick Rules following the 2011 live-action film, while also being the second fully-animated film in the Diary of a Wimpy Kid film series and the sixth installment overall. Brady Noon, Ethan William Childress, Chris Diamantopoulos, Erica Cerra, and Hunter Dillon reprise their roles as characters from the first film, while Ed Asner posthumously portrays Grandpa Heffley. The film is one of Asner's final voice roles recorded before his death on August 29, 2021 and is dedicated to his memory.",https://www.rottentomatoes.com/m/diary_of_a_wimpy_kid_rodrick_rules,2022,50.0,47.0,6,Medium
darbyandthedead,2022,"Riele Downs, Auliʻi Cravalho, Chosen Jacobs, Asher Angel, Wayne Knight, Derek Luke, Tony Danza","['Comedy', 'Supernatural', 'Teen', 'War']","Darby and the Dead is a 2022 American supernatural teen comedy film directed by Silas Howard, written by Wenonah Wilms and Becca Greene, and starring Riele Downs as Darby Harper, along with Auliʻi Cravalho, Chosen Jacobs, Asher Angel, Wayne Knight, Derek Luke, and Tony Danza.",https://www.rottentomatoes.com/m/darby_and_the_dead,2022,54.0,74.0,7,Medium
ladychatterleyslover,2022,"Emma Corrin, Jack O'Connell, Joely Richardson","['Drama', 'Romance']",Lady Chatterley's Lover is a 2022 romantic drama film directed by Laure de Clermont-Tonnerre from a screenplay by David Magee based on the novel of the same name by D. H. Lawrence. The film stars Emma Corrin and Jack O'Connell.,https://www.rottentomatoes.com/m/lady_chatterleys_lover,1956,,,3,Small
ladychatterleyslover,2022,"Emma Corrin, Jack O'Connell, Joely Richardson","['Drama', 'Romance']",Lady Chatterley's Lover is a 2022 romantic drama film directed by Laure de Clermont-Tonnerre from a screenplay by David Magee based on the novel of the same name by D. H. Lawrence. The film stars Emma Corrin and Jack O'Connell.,https://www.rottentomatoes.com/m/lady_chatterleys_lover,1956,,,3,Small
theeternaldaughter,2022,"Tilda Swinton, Joseph Mydell, Carly-Sophia Davies","['Drama', 'Mystery']","The Eternal Daughter is a 2022 Gothic mystery drama film produced, written and directed by Joanna Hogg. It stars Tilda Swinton in a double role, playing both a middle-aged filmmaker and her elderly mother who are guests at a mysterious hotel. Joseph Mydell and Carly-Sophia Davies feature in supporting roles.",https://www.rottentomatoes.com/m/the_eternal_daughter,"Released Dec 2, 2022",95.0,44.0,3,Small
empireoflight,2022,"Olivia Colman, Micheal Ward, Tom Brooke, Tanya Moodie, Hannah Onslow, Crystal Clarke, Toby Jones, Colin Firth","['Drama', 'Romance']","Empire of Light is a 2022 British romantic drama film directed, written, and co-produced by Sam Mendes. Set in an English coastal town in the early 1980s, the film is about the power of human connection during turbulent times. It stars Olivia Colman, Micheal Ward, Monica Dolan, Tom Brooke, Tanya Moodie, Hannah Onslow, Crystal Clarke, Toby Jones, and Colin Firth.",https://www.rottentomatoes.com/m/empire_of_light,"Released Dec 9, 2022",45.0,74.0,8,Medium
nightatthemuseumkahmunrahrisesagain,2022,"Joshua Bassett, Jamie Demetriou, Alice Isaaz, Gillian Jacobs, Joseph Kamal, Thomas Lennon, Zachary Levi, Jack Whitehall, Bowen Yang, Steve Zahn",['Animated'],"Night at the Museum: Kahmunrah Rises Again is a 2022 animated film directed by Matt Danner and written by Ray DeLaurentis and William Schifrin. The sequel to Secret of the Tomb (2014), it is the first animated film in the Night at the Museum film series and the fourth installment overall, as well as the first animated feature film produced by Atomic Cartoons. The film follows Nick Daley, the son of Larry Daley, as he becomes night guard at the Museum of Natural History. In addition to Nick Daley, it also features Kahmunrah, the antagonist of the second film (2009).",https://www.rottentomatoes.com/m/night_at_the_museum_kahmunrah_rises_again,2022,71.0,36.0,10,Medium
thewhale,2022,"Brendan Fraser, Sadie Sink, Hong Chau, Ty Simpkins, Samantha Morton",['Drama'],"The Whale is a 2022 American psychological drama film directed by Darren Aronofsky and written by Samuel D. Hunter, based on his 2012 play of the same name. The film stars Brendan Fraser, Sadie Sink, Hong Chau, Ty Simpkins, and Samantha Morton. The plot follows a reclusive, morbidly obese English teacher who tries to restore his relationship with his teenage daughter.",https://www.rottentomatoes.com/m/the_whale,"Released Sep 9, 2011",86.0,84.0,5,Medium
somethingfromtiffanys,2022,"Zoey Deutch, Kendrick Sampson, Ray Nicholson, Shay Mitchell","['Comedy', 'Romance']","Something from Tiffany's is a 2022 American Christmas romantic comedy film directed by Daryl Wein, from a screenplay by Tamara Chestna. It is based on the novel of the same name by Melissa Hill. The film stars Zoey Deutch, Kendrick Sampson, Ray Nicholson, and Shay Mitchell.",https://www.rottentomatoes.com/m/something_from_tiffanys,2022,70.0,60.0,4,Medium
detectiveknightredemption,2022,"Paul Johansson, Bruce Willis","['Action', 'War']","Detective Knight: Redemption is a 2022 American Christmas action film directed by Edward John Drake, from a screenplay by Drake and Corey Large, and produced by Large, Randall Emmett, and George Furla. Serving as the second installment of the Detective Knight trilogy, and as a sequel to Detective Knight: Rogue (2022), it stars Paul Johansson and Bruce Willis.",https://www.rottentomatoes.com/m/detective_knight_redemption,"Released Dec 9, 2022",67.0,88.0,2,Small
themeanone,2022,"David Howard Thornton, Krystle Martin, Chase Mullins, John Bigham, Erik Baker, Flip Kobler, Amy Schumacher","['Comedy', 'Slasher']","The Mean One is a 2022 American Christmas black comedy slasher film directed by Steven LaMorte and written by Flip and Finn Kobler. The film serves as an unauthorized horror retelling of Dr. Seuss' 1957 children's book How the Grinch Stole Christmas! and stars David Howard Thornton as the eponymous character, with Krystle Martin, Chase Mullins, John Bigham, Erik Baker, Flip Kobler, and Amy Schumacher in supporting roles. It follows a young woman as she attempts to defend her childhood town from a green-skinned creature who goes on a murderous rampage during the holiday season.",https://www.rottentomatoes.com/m/the_mean_one,"Released Dec 8, 2022",21.0,49.0,7,Medium
avatarthewayofwater,2022,"Sam Worthington, Zoe Saldaña, Sigourney Weaver, Stephen Lang, Kate Winslet",['Science Fiction'],"Avatar: The Way of Water is a 2022 American epic science fiction film directed and produced by James Cameron. He co-wrote the screenplay with Rick Jaffa and Amanda Silver from a story the trio wrote with Josh Friedman and Shane Salerno. Distributed by 20th Century Studios, it is the sequel to Avatar (2009) and the second installment in the Avatar film series. Cast members Sam Worthington, Zoe Saldaña, Stephen Lang, Joel David Moore, CCH Pounder, Giovanni Ribisi, Dileep Rao, and Matt Gerald reprise their roles from the original film, with Sigourney Weaver returning in an additional role while Kate Winslet joined the cast. It follows a blue-skinned humanoid Na'vi named Jake Sully (Worthington) as he and his family, under renewed human threat, seek refuge with the aquatic Metkayina clan of Pandora, a habitable exomoon on which they live.",https://www.rottentomatoes.com/m/avatar_the_way_of_water,"Released Dec 16, 2022",76.0,92.0,5,Medium
avatarthewayofwater,2022,"Sam Worthington, Zoe Saldaña, Sigourney Weaver, Stephen Lang, Kate Winslet",['Science Fiction'],"Avatar: The Way of Water is a 2022 American epic science fiction film directed and produced by James Cameron. He co-wrote the screenplay with Rick Jaffa and Amanda Silver from a story the trio wrote with Josh Friedman and Shane Salerno. Distributed by 20th Century Studios, it is the sequel to Avatar (2009) and the second installment in the Avatar film series. Cast members Sam Worthington, Zoe Saldaña, Stephen Lang, Joel David Moore, CCH Pounder, Giovanni Ribisi, Dileep Rao, and Matt Gerald reprise their roles from the original film, with Sigourney Weaver returning in an additional role while Kate Winslet joined the cast. It follows a blue-skinned humanoid Na'vi named Jake Sully (Worthington) as he and his family, under renewed human threat, seek refuge with the aquatic Metkayina clan of Pandora, a habitable exomoon on which they live.",https://www.rottentomatoes.com/m/avatar_the_way_of_water,"Released Dec 16, 2022",76.0,92.0,5,Medium
pussinbootsthelastwish,2022,"Antonio Banderas, Salma Hayek, Harvey Guillén, Florence Pugh, Olivia Colman, Ray Winstone, Samson Kayo, John Mulaney, Wagner Moura, Da'Vine Joy Randolph","['Adventure', 'Animated']","Puss in Boots: The Last Wish is a 2022 American computer-animated adventure film produced by DreamWorks Animation and distributed by Universal Pictures. The sequel to the spin-off film Puss in Boots (2011) and the sixth installment in the Shrek franchise, the film was directed by Joel Crawford and co-directed by Januel Mercado. Based on the character from Shrek 2 (2004) and inspired by the eponymous fairy tale, the film's screenplay was written by Paul Fisher and Tommy Swerdlow, with a story by Swerdlow and Tom Wheeler. The voice cast of Puss in Boots: The Last Wish includes Antonio Banderas and Salma Hayek Pinault reprising their respective roles as the titular character and Kitty Softpaws, and are joined by Harvey Guillén, Florence Pugh, Olivia Colman, Ray Winstone, Samson Kayo, John Mulaney, Wagner Moura, Da'Vine Joy Randolph, and Anthony Mendez, who voice new characters introduced in the film. Set after Shrek Forever After (2010), the film follows Puss in Boots as he journeys to find the mystical Last Wish for the Wishing Star by teaming up with Kitty and Perrito (Guillén) to restore the first eight of his nine lives, by wishing on the mystical Last Wishing Star. They must race against Goldilocks and her Three Bears Crime Family, and ""Big"" Jack Horner (Mulaney), who all desire the star; Puss must also avoid a mysterious hooded wolf (Moura), who plots to kill him.",https://www.rottentomatoes.com/m/puss_in_boots_the_last_wish,"Released Dec 21, 2022",95.0,94.0,10,Medium
pussinbootsthelastwish,2022,"Antonio Banderas, Salma Hayek, Harvey Guillén, Florence Pugh, Olivia Colman, Ray Winstone, Samson Kayo, John Mulaney, Wagner Moura, Da'Vine Joy Randolph","['Adventure', 'Animated']","Puss in Boots: The Last Wish is a 2022 American computer-animated adventure film produced by DreamWorks Animation and distributed by Universal Pictures. The sequel to the spin-off film Puss in Boots (2011) and the sixth installment in the Shrek franchise, the film was directed by Joel Crawford and co-directed by Januel Mercado. Based on the character from Shrek 2 (2004) and inspired by the eponymous fairy tale, the film's screenplay was written by Paul Fisher and Tommy Swerdlow, with a story by Swerdlow and Tom Wheeler. The voice cast of Puss in Boots: The Last Wish includes Antonio Banderas and Salma Hayek Pinault reprising their respective roles as the titular character and Kitty Softpaws, and are joined by Harvey Guillén, Florence Pugh, Olivia Colman, Ray Winstone, Samson Kayo, John Mulaney, Wagner Moura, Da'Vine Joy Randolph, and Anthony Mendez, who voice new characters introduced in the film. Set after Shrek Forever After (2010), the film follows Puss in Boots as he journeys to find the mystical Last Wish for the Wishing Star by teaming up with Kitty and Perrito (Guillén) to restore the first eight of his nine lives, by wishing on the mystical Last Wishing Star. They must race against Goldilocks and her Three Bears Crime Family, and ""Big"" Jack Horner (Mulaney), who all desire the star; Puss must also avoid a mysterious hooded wolf (Moura), who plots to kill him.",https://www.rottentomatoes.com/m/puss_in_boots_the_last_wish,"Released Dec 21, 2022",95.0,94.0,10,Medium
babylon,2022,"Brad Pitt, Margot Robbie, Diego Calva, Jean Smart, Jovan Adepo, Li Jun Li","['Comedy', 'Drama', 'Historical']","Babylon is a 2022 American epic period black comedy-drama film written and directed by Damien Chazelle. It features an ensemble cast including Brad Pitt, Margot Robbie, Diego Calva, Jean Smart, Jovan Adepo, and Li Jun Li. It chronicles the rise and fall of multiple characters during Hollywood's transition from silent to sound films in the late 1920s.",https://www.rottentomatoes.com/m/babylon,"Released Mar 8, 2019",100.0,46.0,6,Medium
babylon,2022,"Brad Pitt, Margot Robbie, Diego Calva, Jean Smart, Jovan Adepo, Li Jun Li","['Comedy', 'Drama', 'Historical']","Babylon is a 2022 American epic period black comedy-drama film written and directed by Damien Chazelle. It features an ensemble cast including Brad Pitt, Margot Robbie, Diego Calva, Jean Smart, Jovan Adepo, and Li Jun Li. It chronicles the rise and fall of multiple characters during Hollywood's transition from silent to sound films in the late 1920s.",https://www.rottentomatoes.com/m/babylon,"Released Mar 8, 2019",100.0,46.0,6,Medium
whitneyhoustoniwannadancewithsomebody,2022,"Naomi Ackie, Stanley Tucci, Ashton Sanders, Tamara Tunie, Nafessa Williams, Clarke Peters","['Drama', 'Musical', 'Biography']","Whitney Houston: I Wanna Dance with Somebody is a 2022 American biographical musical drama film directed by Kasi Lemmons, from a screenplay by Anthony McCarten, based on the life and career of American singer and actress Whitney Houston. The film stars Naomi Ackie as Houston with Stanley Tucci, Ashton Sanders, Tamara Tunie, Nafessa Williams, and Clarke Peters in supporting roles.",https://www.rottentomatoes.com/m/whitney_houston_i_wanna_dance_with_somebody,"Released Dec 23, 2022",43.0,92.0,6,Medium
thepaleblueeye,2022,"Christian Bale, Harry Melling, Gillian Anderson, Lucy Boynton, Charlotte Gainsbourg, Toby Jones, Harry Lawtey, Simon McBurney, Timothy Spall, Robert Duvall","['Mystery', 'Thriller']","The Pale Blue Eye is a 2022 American mystery thriller film written and directed by Scott Cooper, adapted from the 2003 novel of the same name by Louis Bayard. The film features an ensemble cast that includes Christian Bale, Harry Melling, Gillian Anderson, Lucy Boynton, Charlotte Gainsbourg, Toby Jones, Harry Lawtey, Simon McBurney, Timothy Spall, and Robert Duvall. Its plot follows veteran detective Augustus Landor in 1830 West Point, New York, as he investigates a series of murders at the United States Military Academy with the aid of Edgar Allan Poe, a young military cadet.",https://www.rottentomatoes.com/m/the_pale_blue_eye,"Released Dec 23, 2022",63.0,69.0,10,Medium
womentalking,2022,"Rooney Mara, Claire Foy, Jessie Buckley, Judith Ivey, Ben Whishaw, Frances McDormand",['Drama'],"Women Talking is a 2022 drama film written and directed by Sarah Polley. It is based on the Canadian 2018 novel of the same name by Miriam Toews, and inspired by the gas-facilitated rapes that occurred at the Manitoba Colony, a remote and isolated Mennonite community in Bolivia. It features an ensemble cast that includes Rooney Mara, Claire Foy, Jessie Buckley, Judith Ivey, Ben Whishaw, and Frances McDormand, who also served as a producer on the film.",https://www.rottentomatoes.com/m/women_talking,"Released Jan 20, 2023",90.0,81.0,6,Medium
amancalledotto,2022,"Tom Hanks, Mariana Treviño, Rachel Keller, Manuel Garcia-Rulfo","['Comedy', 'Drama']","A Man Called Otto is a 2022 American comedy-drama film directed by Marc Forster from a screenplay by David Magee. It is the second film adaptation of the 2012 novel A Man Called Ove by Fredrik Backman after the 2015 Swedish film of the same name. The film stars Tom Hanks in the title role, with Mariana Treviño, Rachel Keller, and Manuel Garcia-Rulfo.",https://www.rottentomatoes.com/m/a_man_called_otto,"Released Jan 13, 2023",70.0,97.0,4,Medium
alicedarling,2022,"Anna Kendrick, Kaniehtiio Horn, Charlie Carrick, Wunmi Mosaku",['Thriller'],"Alice, Darling is a 2022 psychological thriller film directed by Mary Nighy, in her directorial debut, from a screenplay by Alanna Francis. The film stars Anna Kendrick, Kaniehtiio Horn, Charlie Carrick, and Wunmi Mosaku.",https://www.rottentomatoes.com/m/alice_darling,"Released Dec 30, 2022",84.0,44.0,4,Medium
m3gan,2023,"Allison Williams, Violet McGraw, Amie Donald, Jenna Davis, Ronny Chieng, Brian Jordan Alvarez","['Horror', 'Science Fiction']","M3GAN is a 2022 American science fiction horror film directed by Gerard Johnstone, written by Akela Cooper from a story by Cooper and James Wan, and starring Allison Williams and Violet McGraw, with Amie Donald physically portraying M3GAN and Jenna Davis voicing the character. Its plot follows the eponymous artificially intelligent doll who develops self-awareness and becomes hostile toward anyone who comes between her and her human companion.",https://www.rottentomatoes.com/m/m3gan,"Released Jan 6, 2023",93.0,78.0,6,Medium
theoldway,2023,"Nicolas Cage, Ryan Kiera Armstrong",['Western'],"The Old Way is a 2023 American Western film directed by Brett Donowho, from a screenplay by Carl W. Lucas, and starring Nicolas Cage as a retired gunman on a mission to find the outlaws who killed his wife.",https://www.rottentomatoes.com/m/the_old_way,"Released Jan 6, 2023",32.0,70.0,2,Small
thedevilconspiracy,2023,"Alice Orr-Ewing, Joe Doyle, Eveline Hall, Peter Mensah, Joe Anderson, Spencer Wilding, Brian Caspe, James Faulkner","['Horror', 'Science Fiction']","The Devil Conspiracy is a 2022 science fiction horror film written and produced by Ed Alan and directed by Nathan Frankowski. It stars Alice Orr-Ewing, Joe Doyle, Eveline Hall, Peter Mensah, Joe Anderson, Spencer Wilding, Brian Caspe and James Faulkner.",https://www.rottentomatoes.com/m/the_devil_conspiracy,"Released Jan 13, 2023",26.0,51.0,8,Medium
plane,2023,"Gerard Butler, Mike Colter, Yoson An, Tony Goldwyn","['Action', 'Thriller']","Plane is a 2023 American action thriller film directed by Jean-François Richet from a screenplay by Charles Cumming and J. P. Davis. The film stars Gerard Butler, Mike Colter, Yoson An, and Tony Goldwyn. The plot centers on a pilot (Butler) allying with a prisoner (Colter) to save his passengers from a hostile territory they landed in for an emergency landing.",https://www.rottentomatoes.com/m/plane,"Released Jan 13, 2023",78.0,94.0,4,Medium
houseparty,2023,"Tosin Cole, Jacob Latimore, Karen Obilom, D.C. Young Fly, Scott Mescudi",['Comedy'],"House Party is a 2023 American comedy film directed by Calmatic from a screenplay by Jamal Olori and Stephen Glover, serving as a reboot and remake of the 1990 film of the same name. The film stars Tosin Cole, Jacob Latimore, Karen Obilom, D.C. Young Fly, and Kid Cudi, and follows two young aspiring club promoters working as house cleaners who throw a party at their latest job site: LeBron James' mansion. It is produced by New Line Cinema and James and Maverick Carter's SpringHill Company.",https://www.rottentomatoes.com/m/house_party,"Released Mar 9, 1990",94.0,81.0,5,Medium
houseparty,2023,"Tosin Cole, Jacob Latimore, Karen Obilom, D.C. Young Fly, Scott Mescudi",['Comedy'],"House Party is a 2023 American comedy film directed by Calmatic from a screenplay by Jamal Olori and Stephen Glover, serving as a reboot and remake of the 1990 film of the same name. The film stars Tosin Cole, Jacob Latimore, Karen Obilom, D.C. Young Fly, and Kid Cudi, and follows two young aspiring club promoters working as house cleaners who throw a party at their latest job site: LeBron James' mansion. It is produced by New Line Cinema and James and Maverick Carter's SpringHill Company.",https://www.rottentomatoes.com/m/house_party,"Released Mar 9, 1990",94.0,81.0,5,Medium
sick,2023,"Gideon Adlon, Bethlehem Million, Marc Menchaca, Jane Adams",['Slasher'],"Sick is a 2022 American slasher film directed by John Hyams and written by Kevin Williamson and Katelyn Crabb. The film stars Gideon Adlon, Beth Million, and Dylan Sprayberry.",https://www.rottentomatoes.com/m/sick,2003,,18.0,4,Medium
thedrop,2023,"Anna Konkle, Jermaine Fowler, Jillian Bell, Utkarsh Ambudkar",['Comedy'],"The Drop is a 2022 American black comedy film directed by Sarah Adina Smith, written by Smith and Joshua Leonard, and starring Anna Konkle and Jermaine Fowler. It premiered at the 2022 Tribeca Film Festival and was released on Hulu on January 13, 2023.",https://www.rottentomatoes.com/m/the_drop,"Released Sep 12, 2014",89.0,76.0,4,Medium
doggone,2023,"Rob Lowe, Johnny Berchtold, Kimberly Williams-Paisley","['Drama', 'Biography']","Dog Gone is a 2023 American biographical drama film directed by Stephen Herek. It was released by Netflix on January 13, 2023.",https://www.rottentomatoes.com/m/dog_gone,2023,41.0,67.0,3,Small
theressomethingwrongwiththechildren,2023,"Alisha Wainwright, Zach Gilford, Amanda Crew, Carlos Santos",['Horror'],"There's Something Wrong with the Children is a 2023 American horror film directed by Roxanne Benjamin and written by T. J. Cimfel and David White. The film stars Alisha Wainwright, Zach Gilford, Amanda Crew, and Carlos Santos. Jason Blum serves as an executive producer through his Blumhouse Television banner.",https://www.rottentomatoes.com/m/theres_something_wrong_with_the_children,2023,62.0,26.0,4,Medium
missing,2023,"Storm Reid, Joaquim de Almeida, Ken Leung, Amy Landecker, Daniel Henney, Nia Long",['Thriller'],"Missing is a 2023 American screenlife thriller film written and directed by Will Merrick and Nick Johnson from a story by Sev Ohanian and Aneesh Chaganty, who also produced the film with Natalie Qasabian. The film is a standalone sequel to Searching (2018). It stars Storm Reid, Joaquim de Almeida, Ken Leung, Amy Landecker, Daniel Henney, and Nia Long. Its plot follows June Allen, a teenager who tries to find her missing mother after she disappears on vacation in Colombia with her new boyfriend.",https://www.rottentomatoes.com/m/missing,2006,,56.0,6,Medium
missing,2023,"Storm Reid, Joaquim de Almeida, Ken Leung, Amy Landecker, Daniel Henney, Nia Long",['Thriller'],"Missing is a 2023 American screenlife thriller film written and directed by Will Merrick and Nick Johnson from a story by Sev Ohanian and Aneesh Chaganty, who also produced the film with Natalie Qasabian. The film is a standalone sequel to Searching (2018). It stars Storm Reid, Joaquim de Almeida, Ken Leung, Amy Landecker, Daniel Henney, and Nia Long. Its plot follows June Allen, a teenager who tries to find her missing mother after she disappears on vacation in Colombia with her new boyfriend.",https://www.rottentomatoes.com/m/missing,2006,,56.0,6,Medium
missing,2023,"Storm Reid, Joaquim de Almeida, Ken Leung, Amy Landecker, Daniel Henney, Nia Long",['Thriller'],"Missing is a 2023 American screenlife thriller film written and directed by Will Merrick and Nick Johnson from a story by Sev Ohanian and Aneesh Chaganty, who also produced the film with Natalie Qasabian. The film is a standalone sequel to Searching (2018). It stars Storm Reid, Joaquim de Almeida, Ken Leung, Amy Landecker, Daniel Henney, and Nia Long. Its plot follows June Allen, a teenager who tries to find her missing mother after she disappears on vacation in Colombia with her new boyfriend.",https://www.rottentomatoes.com/m/missing,2006,,56.0,6,Medium
theson,2023,"Hugh Jackman, Laura Dern, Vanessa Kirby, Zen McGrath, Hugh Quarshie, Anthony Hopkins",['Drama'],"The Son is a 2022 drama film directed by Florian Zeller from a screenplay written by himself and Christopher Hampton. It is based on Zeller's 2018 stage play of the same name. Anthony Hopkins has a minor appearance in this film playing the main character's father. The film stars Hugh Jackman, Laura Dern, Vanessa Kirby, Zen McGrath, Hugh Quarshie, and Anthony Hopkins.",https://www.rottentomatoes.com/m/the_son,"Released Nov 25, 2022",29.0,59.0,6,Medium
theson,2023,"Hugh Jackman, Laura Dern, Vanessa Kirby, Zen McGrath, Hugh Quarshie, Anthony Hopkins",['Drama'],"The Son is a 2022 drama film directed by Florian Zeller from a screenplay written by himself and Christopher Hampton. It is based on Zeller's 2018 stage play of the same name. Anthony Hopkins has a minor appearance in this film playing the main character's father. The film stars Hugh Jackman, Laura Dern, Vanessa Kirby, Zen McGrath, Hugh Quarshie, and Anthony Hopkins.",https://www.rottentomatoes.com/m/son,"Released Jan 10, 2003",88.0,86.0,6,Medium
whenyoufinishsavingtheworld,2023,"Julianne Moore, Finn Wolfhard, Alisha Boe, Jay O. Sanders, Billy Bryk, Eleonore Hendricks","['Comedy', 'Drama']",When You Finish Saving the World is a 2022 American coming-of-age comedy-drama film written and directed by Jesse Eisenberg in his feature directorial debut. The film is based on Eisenberg's 2020 audio drama of the same name. Julianne Moore and Finn Wolfhard star as a mother and son who navigate their contentious relationship.,https://www.rottentomatoes.com/m/when_you_finish_saving_the_world,"Released Jan 20, 2023",62.0,73.0,6,Medium
detectiveknightindependence,2023,Bruce Willis,['Action'],"Detective Knight: Independence is a 2023 American action film directed by Edward Drake, who wrote the screenplay and co-wrote the story with Corey Large. Serving as the third and final installment of the Detective Knight trilogy, and as a sequel to Detective Knight: Redemption (2022), it stars Bruce Willis, Jack Kilmer, Lochlyn Munro, Jimmy Jean-Louis, Willow Shields, Dina Meyer, and Timothy V. Murphy.",https://www.rottentomatoes.com/m/detective_knight_independence,"Released Jan 20, 2023",67.0,83.0,1,Small
kidsvsaliens,2023,"Dominic Mariche, Phoebe Rex, Calem MacDonald, Asher Grayson","['Horror', 'Science Fiction']","Kids vs. Aliens is a 2022 American science fiction horror film directed by Jason Eisener and written by John Davies and Eisener. It is the second spin-off film in the V/H/S franchise and a feature-length adaptation of ""Slumber Party Alien Abduction"", Eisener's segment from the 2013 anthology horror film V/H/S/2. It stars Dominic Mariche, Phoebe Rex, Calem MacDonald and Asher Grayson.",https://www.rottentomatoes.com/m/kids_vs_aliens,"Released Jan 20, 2023",58.0,43.0,4,Medium
teenwolfthemovie,2023,"Tyler Posey, Crystal Reed, Tyler Hoechlin, Holland Roden, Colton Haynes, Shelley Hennig, Dylan Sprayberry, Linden Ashby, Melissa Ponzio, JR Bourne","['Drama', 'Supernatural', 'Teen', 'Thriller']","Teen Wolf: The Movie is a 2023 American supernatural thriller teen drama film directed by Russell Mulcahy and written by Jeff Davis. The film is a continuation of the MTV series Teen Wolf and features most of the cast reprising their roles, including Tyler Posey, Crystal Reed, Tyler Hoechlin, Holland Roden, Colton Haynes, Shelley Hennig, Dylan Sprayberry, Linden Ashby, Melissa Ponzio, and JR Bourne. It follows werewolf Scott McCall (Posey) as he protects his California town from a new threat.",https://www.rottentomatoes.com/m/teen_wolf_the_movie,2023,32.0,65.0,10,Medium
youpeople,2023,"Jonah Hill, Lauren London, David Duchovny, Nia Long, Julia Louis-Dreyfus, Eddie Murphy","['Comedy', 'Romance']","You People is a 2023 American romantic comedy film directed by Kenya Barris, which he co-wrote with Jonah Hill. The film features an ensemble cast that includes Hill, Lauren London, David Duchovny, Nia Long, Julia Louis-Dreyfus, and Eddie Murphy. Its plot focuses on an interracial and interreligious couple, namely a white Jewish man and a Black NOI woman, and how their families reckon with modern love amid culture clashes, societal expectations and generational differences. Set in the Los Angeles area, two Millennials meet by chance and go into uncharted waters in their dating lives.",https://www.rottentomatoes.com/m/you_people,2018,,,6,Medium
shotgunwedding,2023,"Jennifer Lopez, Josh Duhamel, Sônia Braga, Jennifer Coolidge, Lenny Kravitz, Cheech Marin","['Action', 'Comedy', 'Romance']","Shotgun Wedding is a 2022 American romantic action comedy film directed by Jason Moore and written by Mark Hammer. It stars Jennifer Lopez, Josh Duhamel, Sônia Braga, Jennifer Coolidge, Lenny Kravitz, and Cheech Marin. After being filmed from February to April of 2021 in Boston and the Dominican Republic, Shotgun Wedding was released in Singapore on December 28, 2022, and was released on January 27, 2023, by Amazon Studios via Prime Video.",https://www.rottentomatoes.com/m/shotgun_wedding,1963,,,6,Medium
maybeido,2023,"Diane Keaton, Richard Gere, Susan Sarandon, Emma Roberts, Luke Bracey, William H. Macy","['Comedy', 'Romance']","Maybe I Do is a 2023 American romantic comedy film written and directed by Michael Jacobs, based on his own play Cheaters, and starring Diane Keaton, Richard Gere, Susan Sarandon, Emma Roberts, Luke Bracey, and William H. Macy. It is Jacobs' feature directorial debut.",https://www.rottentomatoes.com/m/maybe_i_do,"Released Jan 27, 2023",32.0,61.0,6,Medium
lifeupsidedown,2023,"Danny Huston, Radha Mitchell, Bob Odenkirk","['Comedy', 'Romance']","Life Upside Down is a 2022 American romantic comedy film directed and written by Cecilia Miniucchi. It stars Bob Odenkirk, Danny Huston, Radha Mitchell and Rosie Fellner.",https://www.rottentomatoes.com/m/life_upside_down,"Released Aug 17, 1965",,,3,Small
fear,2023,"Joseph Sikora, King Bach, Annie Ilonzeh, Iddo Goldberg, Ruby Modine",['Horror'],"Fear is a 2023 American horror film directed by Deon Taylor and starring Joseph Sikora, Andrew Bachelor, Annie Ilonzeh, Ruby Modine, Iddo Goldberg, Terrence Jenkins, Jessica Allain, and Tip ""T.I."" Harris.",https://www.rottentomatoes.com/m/fear,1954,,40.0,5,Medium
fear,2023,"Joseph Sikora, King Bach, Annie Ilonzeh, Iddo Goldberg, Ruby Modine",['Horror'],"Fear is a 2023 American horror film directed by Deon Taylor and starring Joseph Sikora, Andrew Bachelor, Annie Ilonzeh, Ruby Modine, Iddo Goldberg, Terrence Jenkins, Jessica Allain, and Tip ""T.I."" Harris.",https://www.rottentomatoes.com/m/fear,1954,,40.0,5,Medium
knockatthecabin,2023,"Dave Bautista, Jonathan Groff, Ben Aldridge, Nikki Amuka-Bird, Kristen Cui, Abby Quinn, Rupert Grint",['Horror'],"Knock at the Cabin is a 2023 American apocalyptic psychological horror film written and directed by M. Night Shyamalan, who wrote the screenplay from an initial draft by Steve Desmond and Michael Sherman. It is based on the 2018 novel The Cabin at the End of the World by Paul G. Tremblay, the first adaptation of one of his works. The film stars Dave Bautista, Jonathan Groff, Ben Aldridge, Nikki Amuka-Bird, Kristen Cui, Abby Quinn, and Rupert Grint. In the film, a family vacationing at a remote cabin are suddenly held hostage by four strangers, who ask something unimaginable.",https://www.rottentomatoes.com/m/knock_at_the_cabin,"Released Feb 3, 2023",67.0,63.0,7,Medium
80forbrady,2023,"Lily Tomlin, Jane Fonda, Rita Moreno, Sally Field, Tom Brady","['Comedy', 'Sports']","80 for Brady is a 2023 American sports comedy film directed by Kyle Marvin, written by Sarah Haskins and Emily Halpern, and produced by former NFL quarterback Tom Brady. The film follows four lifelong friends who travel to watch Brady and his New England Patriots play in Super Bowl LI in 2017. Billy Porter, Rob Corddry, Alex Moffat, and Guy Fieri also star.",https://www.rottentomatoes.com/m/80_for_brady,"Released Feb 3, 2023",58.0,89.0,5,Medium
thelocksmith,2023,"Ryan Phillippe, Kate Bosworth, Ving Rhames",['Thriller'],"The Locksmith is a 2023 American thriller film directed by Nicolas Harvard in his feature directorial debut. John Glosser, Joe Russo, Chris LaMont, and Ben Kabialis wrote the screenplay based on an original story by Blair Kroeber.",https://www.rottentomatoes.com/m/the_locksmith,2010,,,3,Small
babyruby,2023,"Noémie Merlant, Kit Harington, Meredith Hagner","['Horror', 'Thriller']","Baby Ruby is a 2022 American psychological horror-thriller film written and directed by Bess Wohl, in her directorial debut. It stars Noémie Merlant, Kit Harington, and Meredith Hagner.",https://www.rottentomatoes.com/m/baby_ruby,"Released Feb 3, 2023",67.0,31.0,3,Small
freedomspath,2023,"Gerran Howell, RJ Cyler, Ewen Bremner, Harrison Gilbertson","['Drama', 'Historical', 'War']","Freedom's Path is a 2022 historical war drama film written, directed and produced by Brett Smith in his feature length debut. It stars Gerran Howell, RJ Cyler, and Ewen Bremner. Based on the American Civil War, it won multiple film festival awards in 2022 and had a limited theatrical run from February 3, 2023.",https://www.rottentomatoes.com/m/freedoms_path,"Released Sep 8, 2023",91.0,99.0,4,Medium
magicmikeslastdance,2023,"Channing Tatum, Salma Hayek Pinault","['Comedy', 'Drama']","Magic Mike's Last Dance is a 2023 American comedy-drama film directed by Steven Soderbergh, written by Reid Carolin, and produced by Channing Tatum. It is the third installment in the Magic Mike trilogy, following Magic Mike (2012) and Magic Mike XXL (2015). The film stars Channing Tatum as the titular retired male stripper, who leaves Florida for London to help a socialite produce a stage play.",https://www.rottentomatoes.com/m/magic_mikes_last_dance,"Released Feb 10, 2023",48.0,73.0,2,Small
sharper,2023,"Julianne Moore, Sebastian Stan, Justice Smith, Briana Middleton, John Lithgow","['Crime', 'Thriller']","Sharper is a 2023 American crime thriller film directed by Benjamin Caron and written by Brian Gatewood and Alessandro Tanaka. The film stars Julianne Moore, Sebastian Stan, Justice Smith, Briana Middleton, and John Lithgow.",https://www.rottentomatoes.com/m/sharper,"Released Feb 10, 2023",69.0,72.0,5,Medium
yourplaceormine,2023,"Reese Witherspoon, Ashton Kutcher, Jesse Williams, Tig Notaro, Zoë Chao, Steve Zahn","['Comedy', 'Romance']","Your Place or Mine is a 2023 American romantic comedy film written and directed by Aline Brosh McKenna in her directorial debut. The film stars Reese Witherspoon and Ashton Kutcher as best friends who decide to swap houses for a week. Jesse Williams, Zoë Chao, Wesley Kimmel, Tig Notaro, and Steve Zahn also star. The film was released on Netflix on February 10, 2023. It received mixed to negative reviews from critics, who criticised the lack of chemistry between Witherspoon and Kutcher.",https://www.rottentomatoes.com/m/your_place_or_mine,1998,,46.0,6,Medium
somebodyiusedtoknow,2023,"Alison Brie, Jay Ellis, Kiersey Clemons, Julie Hagerty, Haley Joel Osment, Amy Sedaris","['Comedy', 'Romance']","Somebody I Used to Know is a 2023 American romantic comedy film directed by Dave Franco and co-written with his wife Alison Brie. The film stars Brie, Jay Ellis and Kiersey Clemons. It was released on Amazon Prime Video on February 10, 2023.",https://www.rottentomatoes.com/m/somebody_i_used_to_know,2023,69.0,60.0,6,Medium
consecration,2023,"Jena Malone, Danny Huston, Janet Suzman","['Horror', 'Supernatural', 'Thriller']","Consecration is a 2023 supernatural horror-thriller film directed by Cristopher Smith from a script he co-wrote with Laurie Cook, and starring Jena Malone, Danny Huston and Janet Suzman. Shot in Scotland on the Isle of Skye, the film was released in the United Kingdom and United States on February 10, 2023.",https://www.rottentomatoes.com/m/consecration,"Released Feb 10, 2023",41.0,32.0,3,Small
theoutwaters,2023,"Robbie Banfitch, Angela Basolis, Scott Schamell, Michelle May",['Horror'],"The Outwaters is a 2022 American horror film written, directed by, and starring Robbie Banfitch. It is presented as found footage from memory cards belonging to a group of friends who venture into the Mojave Desert to shoot a music video, where they encounter mysterious and threatening phenomena.",https://www.rottentomatoes.com/m/the_outwaters,"Released Feb 9, 2023",75.0,40.0,4,Medium
cocainebear,2023,"Keri Russell, O'Shea Jackson Jr., Christian Convery, Alden Ehrenreich, Brooklynn Prince, Isiah Whitlock Jr., Margo Martindale, Ray Liotta","['Comedy', 'Horror', 'Thriller']","Cocaine Bear is a 2023 American comedy horror thriller film directed by Elizabeth Banks and written by Jimmy Warden. It is loosely inspired by the true story of the ""Cocaine Bear"", an American black bear that ingested nearly 75 lb (34 kg) of lost cocaine. It stars Keri Russell, O'Shea Jackson Jr., Christian Convery, Alden Ehrenreich, Brooklynn Prince, Isiah Whitlock Jr., Margo Martindale, and Ray Liotta. The film is dedicated to Liotta, who died in May 2022.",https://www.rottentomatoes.com/m/cocaine_bear,"Released Feb 24, 2023",66.0,71.0,8,Medium
wehaveaghost,2023,"David Harbour, Anthony Mackie, Jahi Di'Allo Winston, Tig Notaro, Erica Ash, Jennifer Coolidge","['Comedy', 'Horror', 'Supernatural']","We Have a Ghost is 2023 American supernatural horror comedy film written and directed by Christopher Landon, based on the 2017 short story ""Ernest"" by Geoff Manaugh. It stars David Harbour, Jahi Winston, Tig Notaro, Jennifer Coolidge, and Anthony Mackie. It was released on February 24, 2023, by Netflix and received mixed reviews from film critics.",https://www.rottentomatoes.com/m/we_have_a_ghost,"Released Feb 17, 2023",43.0,61.0,6,Medium
lutherthefallensun,2023,"Idris Elba, Cynthia Erivo, Andy Serkis, Dermot Crowley","['Crime', 'Thriller']","Luther: The Fallen Sun is a 2023 crime thriller film directed by Jamie Payne and written by Neil Cross. It serves as a film continuation of Luther. The film stars Idris Elba, reprising his role as John Luther, with Cynthia Erivo and Andy Serkis.",https://www.rottentomatoes.com/m/luther_the_fallen_sun,"Released Feb 24, 2023",67.0,85.0,4,Medium
jesusrevolution,2023,"Joel Courtney, Anna Grace Barlow, Jonathan Roumie, Kimberly Williams-Paisley, Kelsey Grammer",['Drama'],"Jesus Revolution is a 2023 American Christian drama film directed by Jon Erwin and Brent McCorkle. Based on the book of the same name, the film follows youth minister Greg Laurie, Christian hippie Lonnie Frisbee, and pastor Chuck Smith as they take part in the Jesus movement in California during the late 1960s. Anna Grace Barlow and Kimberly Williams-Paisley also star. The film was theatrically released in the United States on February 24, 2023, by Lionsgate. The film received mixed reviews from critics but was well-received by audiences, and has grossed $51.7 million.",https://www.rottentomatoes.com/m/jesus_revolution,"Released Feb 24, 2023",54.0,99.0,5,Medium
bruiser,2023,"Trevante Rhodes, Jalyn Hall, Shinelle Azoroh, Shamier Anderson","['Drama', 'War']","Bruiser is a 2022 American drama film written by Ben Medina and Miles Warren, directed by Warren and starring Trevante Rhodes, Shamier Anderson, Jalyn Hall and Shinelle Azoroh.",https://www.rottentomatoes.com/m/bruiser,2000,67.0,35.0,4,Medium
creediii,2023,"Michael B. Jordan, Tessa Thompson, Jonathan Majors, Wood Harris, Mila Davis-Kent, Florian Munteanu, Phylicia Rashad","['Drama', 'Sports']","Creed III is a 2023 American sports drama film directed, produced by and starring Michael B. Jordan from a screenplay by Keenan Coogler and Zach Baylin. It is the sequel to Creed II (2018), the third in the Creed film series, and the ninth overall in the Rocky film series. It also stars Tessa Thompson, Jonathan Majors, Wood Harris, Mila Davis-Kent, Florian Munteanu and Phylicia Rashad. In the film, the accomplished and recently retired boxer Adonis Creed (Jordan) comes face-to-face with his childhood friend and former boxing prodigy Damian Anderson (Majors).",https://www.rottentomatoes.com/m/creed_iii,"Released Mar 3, 2023",88.0,95.0,7,Medium
operationfortunerusedeguerre,2023,"Jason Statham, Aubrey Plaza, Josh Hartnett, Cary Elwes, Bugzy Malone, Hugh Grant","['Action', 'Comedy', 'Spy']","Operation Fortune: Ruse de Guerre is a 2023 spy action comedy film directed by Guy Ritchie, and written by Ritchie, Ivan Atkinson, and Marn Davies. The film stars Jason Statham, Aubrey Plaza, Josh Hartnett, Cary Elwes, Bugzy Malone and Hugh Grant. The film is about a spy, Orson Fortune (Statham), who must retrieve a stolen high-tech device before an arms dealer (Grant) can sell it to the highest bidder.",https://www.rottentomatoes.com/m/operation_fortune_ruse_de_guerre,"Released Mar 3, 2023",51.0,82.0,6,Medium
alittlewhitelie,2023,"Michael Shannon, Kate Hudson, Don Johnson, Zach Braff","['Comedy', 'Independent']","A Little White Lie is a 2022 American independent comedy film written and directed by Michael Maren and based on the 2013 novel Shriver by Chris Belden. It stars Michael Shannon, Kate Hudson, Don Johnson, and Zach Braff. The film is about a handyman with the same name as a famous writer who is mistakenly invited to a literary festival and is welcomed by fans and writers, but is exposed as an imposter when the real Shriver arrives.",https://www.rottentomatoes.com/m/a_little_white_lie,2016,,,4,Medium
childrenofthecorn,2023,"Elena Kampouris, Kate Moyer, Callan Mulvey, Bruce Spence","['Slasher', 'Supernatural']","Children of the Corn is a 2020 American supernatural slasher film written and directed by Kurt Wimmer. It stars Elena Kampouris, Kate Moyer, Callan Mulvey and Bruce Spence. The film is the third adaptation of Stephen King's short story ""Children of the Corn"" (1977).",https://www.rottentomatoes.com/m/children_of_the_corn,"Released Mar 3, 2023",12.0,38.0,4,Medium
childrenofthecorn,2023,"Elena Kampouris, Kate Moyer, Callan Mulvey, Bruce Spence","['Slasher', 'Supernatural']","Children of the Corn is a 2020 American supernatural slasher film written and directed by Kurt Wimmer. It stars Elena Kampouris, Kate Moyer, Callan Mulvey and Bruce Spence. The film is the third adaptation of Stephen King's short story ""Children of the Corn"" (1977).",https://www.rottentomatoes.com/m/children_of_the_corn,"Released Mar 3, 2023",12.0,38.0,4,Medium
palmtreesandpowerlines,2023,"Lily McInerny, Jonathan Tucker, Gretchen Mol","['Drama', 'Short']","Palm Trees and Power Lines is a 2022 American coming-of-age drama film directed by Jamie Dack in her feature directorial debut, based on her 2018 short film of the same name. The screenplay by Dack and Audrey Findlay is from a story by Dack. The film stars Lily McInerny as a disconnected teenage girl falling into a relationship with a man twice her age. It also stars Jonathan Tucker and Gretchen Mol.",https://www.rottentomatoes.com/m/palm_trees_and_power_lines,"Released Mar 3, 2023",90.0,77.0,3,Small
screamvi,2023,"Melissa Barrera, Jasmin Savoy Brown, Jack Champion, Henry Czerny, Mason Gooding, Dermot Mulroney, Jenna Ortega, Tony Revolori, Josh Segarra, Samara Weaving, Hayden Panettiere, Courteney Cox",['Slasher'],"Scream VI is a 2023 American slasher film directed by Matt Bettinelli-Olpin and Tyler Gillett, and written by James Vanderbilt and Guy Busick. It is the sequel to Scream (2022) and the sixth installment in the Scream film series. The film stars Melissa Barrera, Jenna Ortega, Jasmin Savoy Brown, Mason Gooding, Hayden Panettiere, and Courteney Cox, all reprising their roles from previous installments, alongside Josh Segarra, Jack Champion, Devyn Nekoda, Liana Liberato, Tony Revolori, Samara Weaving, Henry Czerny, and Dermot Mulroney joining the ensemble cast. Scream VI follows a new Ghostface killer who targets the survivors of the ""Woodsboro legacy attacks"" in New York City. Like its predecessors, the film combines the violence of the slasher genre with elements of black comedy and a ""whodunit"" mystery, and satirizes the trends of film franchises and subversion of audience expectations.",https://www.rottentomatoes.com/m/scream_vi,"Released Mar 10, 2023",76.0,91.0,12,Medium
65,2023,"Adam Driver, Ariana Greenblatt, Chloe Coleman, Nika King","['Action', 'Science Fiction', 'Thriller']","65 is a 2023 American science fiction action thriller film written and directed by Scott Beck and Bryan Woods and starring Adam Driver and Ariana Greenblatt. It is a co-production between Columbia Pictures, Bron Creative, Raimi Productions, TSG Entertainment, and Beck/Woods. In the film, a pilot crashes on an unknown planet, which turns out to be Earth during the Cretaceous period, and fights to survive the dangerous prehistoric environment.",https://www.rottentomatoes.com/m/65,"Released Mar 10, 2023",36.0,65.0,4,Medium
champions,2023,"Woody Harrelson, Kaitlin Olson, Ernie Hudson, Cheech Marin","['Comedy', 'Sports']","Champions is a 2023 American sports comedy film directed by Bobby Farrelly in his solo directorial debut, from a screenplay written by Mark Rizzo. It is an English-language remake of the 2018 Spanish film of the same name. The film stars Woody Harrelson as a temperamental minor-league basketball coach who after an arrest must coach a team of players with intellectual disabilities as community service; Kaitlin Olson, Ernie Hudson, and Cheech Marin also star.",https://www.rottentomatoes.com/m/champions,1984,,72.0,4,Medium
changcandunk,2023,"Bloom Li, Ben Wang, Dexter Darden","['Drama', 'Sports']","Chang Can Dunk is a 2023 American sports-drama film written and directed by Jingyi Shao in his feature length debut, starring Bloom Li, Dexter Darden, Ben Wang, Zoe Renee, Chase Liefeld and Mardy Ma. The film is an underdog coming-of-age story, involving high school basketball and the titular character's determination to overcome expectations.",https://www.rottentomatoes.com/m/chang_can_dunk,2023,96.0,72.0,3,Small
shazamfuryofthegods,2023,"Zachary Levi, Asher Angel, Jack Dylan Grazer, Rachel Zegler, Adam Brody, Ross Butler, D. J. Cotrona, Grace Caroline Currey, Meagan Good, Lucy Liu, Djimon Hounsou, Helen Mirren",['Superhero'],"Shazam! Fury of the Gods is a 2023 American superhero film based on the DC character Shazam. Produced by New Line Cinema, DC Films, and the Safran Company, and distributed by Warner Bros. Pictures, it is the sequel to Shazam! (2019) and the 12th installment in the DC Extended Universe (DCEU). Directed by David F. Sandberg, produced by Peter Safran, and written by Henry Gayden and Chris Morgan, it stars Zachary Levi, Asher Angel, Jack Dylan Grazer, Rachel Zegler, Adam Brody, Ross Butler, D. J. Cotrona, Grace Fulton, Meagan Good, Lucy Liu, Djimon Hounsou and Helen Mirren. In the film, Billy Batson / Shazam and his foster siblings fight the Daughters of Atlas.",https://www.rottentomatoes.com/m/shazam_fury_of_the_gods,"Released Mar 17, 2023",49.0,86.0,12,Medium
themagicianselephant,2023,"Noah Jupe, Benedict Wong, Sian Clifford, Pixie Davies, Natasia Demetriou, Dawn French, Brian Tyree Henry, Aasif Mandvi, Mandy Patinkin, Miranda Richardson, Cree Summer, Lorraine Toussaint","['Adventure', 'Animated', 'Fantasy']","The Magician's Elephant is a 2023 computer-animated fantasy adventure film directed by Wendy Rogers, written by Martin Hynes and produced by Julia Pistor. Based on the 2009 novel of the same name by Kate DiCamillo, the film features the voices of Noah Jupe, Mandy Patinkin, Natasia Demetriou, Benedict Wong, Miranda Richardson and Aasif Mandvi. Animated by Animal Logic, the film was distributed by Netflix and released on March 17, 2023. The film received mixed reviews from critics.",https://www.rottentomatoes.com/m/the_magicians_elephant,"Released Mar 10, 2023",65.0,82.0,12,Medium
movingon,2023,"Jane Fonda, Lily Tomlin, Malcolm McDowell, Sarah Burns, Richard Roundtree",['Comedy'],"Moving On is a 2022 American comedy film written and directed by Paul Weitz. The film stars Jane Fonda, Lily Tomlin, Malcolm McDowell, Sarah Burns, and Richard Roundtree.",https://www.rottentomatoes.com/m/moving_on,2019,100.0,,5,Medium
wildflower,2023,"Kiernan Shipka, Dash Mihok, Charlie Plummer, Alexandra Daddario, Reid Scott, Erika Alexander, Samantha Hyde, Jacki Weaver",['Teen'],"Wildflower is a 2022 American coming of age film directed by Matt Smukler and written by Jana Savage from a story from Smukler and Savage. It stars Kiernan Shipka, Dash Mihok, Charlie Plummer, Alexandra Daddario, Reid Scott, Erika Alexander, Samantha Hyde and Jacki Weaver.",https://www.rottentomatoes.com/m/wildflower,"Released Mar 17, 2023",63.0,93.0,8,Medium
supercell,2023,"Skeet Ulrich, Anne Heche, Daniel Diemer, Jordan Kristine Seamón, Alec Baldwin","['Action', 'Disaster']","Supercell is a 2023 American disaster action film directed by Herbert James Winterstern from a screenplay that he wrote with Anna Elizabeth James. It stars Skeet Ulrich, Anne Heche, Daniel Diemer, Jordan Kristine Seamón and Alec Baldwin.",https://www.rottentomatoes.com/m/supercell,"Released Mar 17, 2023",50.0,75.0,5,Medium
johnwickchapter4,2023,"Keanu Reeves, Donnie Yen, Bill Skarsgård, Laurence Fishburne, Hiroyuki Sanada, Shamier Anderson, Lance Reddick, Rina Sawayama, Scott Adkins, Clancy Brown, Natalia Tena, Marko Zaror, Ian McShane","['Action', 'Noir', 'Thriller']","John Wick: Chapter 4 is a 2023 American neo-noir action thriller film directed by Chad Stahelski and written by Shay Hatten and Michael Finch. The sequel to John Wick: Chapter 3 – Parabellum (2019) and the fourth installment in the John Wick franchise, it stars Keanu Reeves as the title character, alongside Donnie Yen, Bill Skarsgård, Laurence Fishburne, Hiroyuki Sanada, Shamier Anderson, Lance Reddick, Rina Sawayama, Scott Adkins, Clancy Brown, and Ian McShane. In the film, John Wick sets out to get revenge on the High Table and those who left him for dead.",https://www.rottentomatoes.com/m/john_wick_chapter_4,"Released Mar 24, 2023",94.0,93.0,13,Medium
johnwickchapter4,2023,"Keanu Reeves, Donnie Yen, Bill Skarsgård, Laurence Fishburne, Hiroyuki Sanada, Shamier Anderson, Lance Reddick, Rina Sawayama, Scott Adkins, Clancy Brown, Natalia Tena, Marko Zaror, Ian McShane","['Action', 'Noir', 'Thriller']","John Wick: Chapter 4 is a 2023 American neo-noir action thriller film directed by Chad Stahelski and written by Shay Hatten and Michael Finch. The sequel to John Wick: Chapter 3 – Parabellum (2019) and the fourth installment in the John Wick franchise, it stars Keanu Reeves as the title character, alongside Donnie Yen, Bill Skarsgård, Laurence Fishburne, Hiroyuki Sanada, Shamier Anderson, Lance Reddick, Rina Sawayama, Scott Adkins, Clancy Brown, and Ian McShane. In the film, John Wick sets out to get revenge on the High Table and those who left him for dead.",https://www.rottentomatoes.com/m/john_wick_chapter_4,"Released Mar 24, 2023",94.0,93.0,13,Medium
agoodperson,2023,"Florence Pugh, Molly Shannon, Chinaza Uche, Celeste O'Connor, Morgan Freeman",['Drama'],"A Good Person is a 2023 American drama film written, directed, and produced by Zach Braff. The film stars Florence Pugh, Molly Shannon, Chinaza Uche, Celeste O'Connor, and Morgan Freeman.",https://www.rottentomatoes.com/m/a_good_person,"Released Mar 24, 2023",57.0,96.0,5,Medium
dungeonsdragonshonoramongthieves,2023,"Chris Pine, Michelle Rodriguez, Regé-Jean Page, Justice Smith, Sophia Lillis, Hugh Grant","['Fantasy', 'Action']","Dungeons & Dragons: Honor Among Thieves is a 2023 American fantasy heist film directed by Jonathan Goldstein and John Francis Daley, who co-wrote the screenplay with Michael Gilio from a story by Chris McKay and Gilio. Based on the tabletop role-playing game Dungeons & Dragons, it is set in the Forgotten Realms campaign setting and has no connections to the film trilogy released between 2000 and 2012. The film stars Chris Pine, Michelle Rodriguez, Regé-Jean Page, Justice Smith, Sophia Lillis, and Hugh Grant.",https://www.rottentomatoes.com/m/dungeons_and_dragons_honor_among_thieves,"Released Mar 31, 2023",91.0,93.0,6,Medium
murdermystery2,2023,"Adam Sandler, Jennifer Aniston, Mélanie Laurent, Jodie Turner-Smith, Annie Mumolo, Tony Goldwyn, Mark Strong","['Action', 'Comedy', 'Mystery']","Murder Mystery 2 is a 2023 American action comedy mystery film directed by Jeremy Garelick and written by James Vanderbilt. It is a sequel to the 2019 film Murder Mystery, and stars Adam Sandler and Jennifer Aniston.",https://www.rottentomatoes.com/m/murder_mystery_2,"Released Mar 24, 2023",45.0,46.0,7,Medium
tetris,2023,"Taron Egerton, Nikita Yefremov, Roger Allam, Anthony Boyle, Togo Igawa, Ken Yamamura, Ben Miles, Matthew Marsh, Rick Yune, Toby Jones","['Thriller', 'Biography']","Tetris is a 2023 biographical thriller film directed by Jon S. Baird, written by Noah Pink, and starring Taron Egerton, Nikita Efremov, Sofia Lebedeva, Anthony Boyle, Toby Jones and Roger Allam. It is based on true events around the race to license and patent the video game Tetris in the late 1980s during the Cold War.",https://www.rottentomatoes.com/m/tetris,Now Playing,82.0,87.0,10,Medium
spinninggold,2023,"Jeremy Jordan, Wiz Khalifa, Jason Isaacs, Jason Derulo, Jay Pharoah, Michelle Monaghan, Dan Fogler, Sebastian Maniscalco","['Drama', 'Biography']","Spinning Gold is a 2023 American biographical drama film written and directed by Timothy Scott Bogart. It is based on the life of his father, Casablanca Records founder Neil Bogart.",https://www.rottentomatoes.com/m/spinning_gold,"Released Mar 31, 2023",30.0,82.0,8,Medium
athousandandone,2023,"Teyana Taylor, Will Catlett, Josiah Cross, Aven Courtney, Aaron Kingsley Adetola",['Drama'],"A Thousand and One is a 2023 American drama film, written and directed by A.V. Rockwell. It stars Teyana Taylor, Will Catlett, Josiah Cross, Aven Courtney and Aaron Kingsley Adetola. It had its world premiere at the 2023 Sundance Film Festival on January 22, 2023 and won the Grand Jury Prize. It was released on March 31, 2023, by Focus Features.",https://www.rottentomatoes.com/m/a_thousand_and_one,"Released Mar 31, 2023",97.0,85.0,5,Medium
assassin,2023,"Nomzamo Mbatha, Dominic Purcell, Bruce Willis","['Action', 'Science Fiction']","Assassin is a 2023 American science fiction action film starring Nomzamo Mbatha, Dominic Purcell and Bruce Willis. It was directed by Jesse Atlas, in his feature film directorial debut, written by Aaron Wolfe, and is based on Atlas and Wolfe's short film Let Them Die Like Lovers.",https://www.rottentomatoes.com/m/assassin,2019,,,3,Small
acidman,2023,"Thomas Haden Church, Dianna Agron","['Drama', 'Science Fiction']",Acidman is a 2022 American science fiction drama film directed by Alex Lehmann and written by Lehmann and Chris Dowling. It stars Thomas Haden Church and Dianna Agron.,https://www.rottentomatoes.com/m/acidman,"Released Mar 31, 2023",76.0,71.0,2,Small
malum,2023,"Jessica Sula, Candice Coke, Chaney Morrow, Clarke Wolfe, Morgan Lennon",['Horror'],"Malum is a 2023 American horror film directed by Anthony DiBlasi, who co-wrote the film with Scott Poiley. It is a reboot/reimagining of the 2014 film Last Shift, also directed by DiBlasi. Malum stars Jessica Sula, Eric Olson, Chaney Morrow and Candice Coke.",https://www.rottentomatoes.com/m/malum,"Released Mar 31, 2023",81.0,49.0,5,Medium
thesupermariobrosmovie,2023,"Chris Pratt, Anya Taylor-Joy, Charlie Day, Jack Black, Keegan-Michael Key, Seth Rogen, Fred Armisen, Sebastian Maniscalco, Charles Martinet, Kevin Michael Richardson","['Adventure', 'Animated']","The Super Mario Bros. Movie is a 2023 American computer-animated adventure film based on Nintendo's Mario video game franchise. Produced by Illumination, Universal Pictures, and Nintendo, and distributed by Universal, it was directed by Aaron Horvath and Michael Jelenic from a screenplay by Matthew Fogel. The ensemble voice cast includes Chris Pratt, Anya Taylor-Joy, Charlie Day, Jack Black, Keegan-Michael Key, Seth Rogen, and Fred Armisen. The film features an origin story for the brothers Mario and Luigi, Italian-American plumbers who are transported to an alternate world and become entangled in a battle between the Mushroom Kingdom, led by Princess Peach, and the Koopas, led by Bowser.",https://www.rottentomatoes.com/m/the_super_mario_bros_movie,"Released Apr 5, 2023",59.0,95.0,10,Medium
thesupermariobrosmovie,2023,"Chris Pratt, Anya Taylor-Joy, Charlie Day, Jack Black, Keegan-Michael Key, Seth Rogen, Fred Armisen, Sebastian Maniscalco, Charles Martinet, Kevin Michael Richardson","['Adventure', 'Animated']","The Super Mario Bros. Movie is a 2023 American computer-animated adventure film based on Nintendo's Mario video game franchise. Produced by Illumination, Universal Pictures, and Nintendo, and distributed by Universal, it was directed by Aaron Horvath and Michael Jelenic from a screenplay by Matthew Fogel. The ensemble voice cast includes Chris Pratt, Anya Taylor-Joy, Charlie Day, Jack Black, Keegan-Michael Key, Seth Rogen, and Fred Armisen. The film features an origin story for the brothers Mario and Luigi, Italian-American plumbers who are transported to an alternate world and become entangled in a battle between the Mushroom Kingdom, led by Princess Peach, and the Koopas, led by Bowser.",https://www.rottentomatoes.com/m/the_super_mario_bros_movie,"Released Apr 5, 2023",59.0,95.0,10,Medium
air,2023,"Matt Damon, Ben Affleck, Jason Bateman, Marlon Wayans, Chris Messina, Chris Tucker, Viola Davis","['Drama', 'Sports', 'Biography']","Air is a 2023 American biographical sports drama film directed by Ben Affleck from a screenplay written by Alex Convery. It is based on true events about the origin of Air Jordan, a basketball shoeline, of which a Nike employee seeks to strike a business deal with rookie player Michael Jordan. The film stars Matt Damon, Affleck, Jason Bateman, Marlon Wayans, Chris Messina, Chris Tucker, and Viola Davis.",https://www.rottentomatoes.com/m/air,2005,,87.0,7,Medium
showingup,2023,"Michelle Williams, Hong Chau, Maryann Plunkett, John Magaro, André Benjamin, James LeGros, Judd Hirsch","['Comedy', 'Drama']","Showing Up is a 2022 American comedy-drama film co-written and directed by Kelly Reichardt, in her fourth collaboration with actress Michelle Williams.",https://www.rottentomatoes.com/m/showing_up,"Released Feb 25, 2014",,80.0,7,Medium
paint,2023,"Owen Wilson, Michaela Watkins, Wendi McLendon-Covey, Ciara Renée, Lucy Freyer, Lusia Strus, Stephen Root",['Comedy'],"Paint is a 2023 American comedy film written and directed by Brit McAdams. The film stars Owen Wilson, Michaela Watkins, Ciara Renée, Stephen Root, Wendi McLendon-Covey, Lucy Freyer, Lusia Strus, and Michael Pemberton.",https://www.rottentomatoes.com/m/paint,2020,83.0,87.0,7,Medium
chupa,2023,"Demián Bichir, Christian Slater, Evan Whitten","['Adventure', 'Fantasy']","Chupa is a 2023 American fantasy adventure film directed by Jonás Cuarón, and starring Demián Bichir and Christian Slater. Produced by 26th Street Pictures, it was released on April 7, 2023, on Netflix.",https://www.rottentomatoes.com/m/chupa,2000,,,3,Small
howtoblowupapipeline,2023,"Ariela Barer, Kristine Froseth, Lukas Gage, Forrest Goodluck, Sasha Lane, Jayme Lawson, Marcus Scribner, Jake Weary, Irene Bedard",['Action'],"How to Blow Up a Pipeline is a 2022 environmentalist action film directed by Daniel Goldhaber, who co-wrote the screenplay with Ariela Barer and Jordan Sjol. It relies on ideas advanced in Andreas Malm's 2021 book of the same name, published by Verso Books. It stars Barer, Kristine Froseth, Lukas Gage, Forrest Goodluck, Sasha Lane, Jayme Lawson, Marcus Scribner, Jake Weary and Irene Bedard.",https://www.rottentomatoes.com/m/how_to_blow_up_a_pipeline,"Released Apr 7, 2023",95.0,65.0,9,Medium
onetrueloves,2023,"Phillipa Soo, Simu Liu, Luke Bracey",['Romance'],"One True Loves is a 2023 American romance film directed and produced by Andy Fickman as an adaptation of the 2016 novel of the same name by Taylor Jenkins Reid. It stars Phillipa Soo, Simu Liu and Luke Bracey.",https://www.rottentomatoes.com/m/one_true_loves,"Released Apr 7, 2023",29.0,36.0,3,Small
renfield,2023,"Nicholas Hoult, Nicolas Cage, Awkwafina, Ben Schwartz, Adrian Martinez, Shohreh Aghdashloo","['Comedy', 'Horror', 'Supernatural']","Renfield is a 2023 American supernatural comedy horror film directed and co-produced by Chris McKay and written by Ryan Ridley from an original idea by Robert Kirkman. Featuring characters from Bram Stoker's 1897 novel Dracula, the film stars Nicholas Hoult as the title character and Nicolas Cage as Dracula, with Awkwafina, Ben Schwartz, Adrian Martinez, and Shohreh Aghdashloo in supporting roles.",https://www.rottentomatoes.com/m/renfield,"Released Apr 14, 2023",58.0,79.0,6,Medium
thepopesexorcist,2023,"Russell Crowe, Alex Essoe, Daniel Zovatto, Franco Nero, Ralph Ineson","['Horror', 'Supernatural']","The Pope's Exorcist is a 2023 American supernatural horror film directed by Julius Avery, and starring Russell Crowe as Father Gabriele Amorth. The film also stars Daniel Zovatto, Alex Essoe and Franco Nero. It is based on Amorth's memoirs An Exorcist Tells His Story and An Exorcist: More Stories.",https://www.rottentomatoes.com/m/the_popes_exorcist,"Released Apr 14, 2023",50.0,81.0,5,Medium
mafiamamma,2023,"Toni Collette, Monica Bellucci, Sophia Nomvete, Rob Huebel","['Action', 'Comedy']","Mafia Mamma is an upcoming American action comedy film directed by Catherine Hardwicke, from a screenplay by Michael J. Feldman and Debbie Jhoon, and based on an original story by Amanda Sthers. It stars Toni Collette as an American woman who travels to Italy following the death of her grandfather, who she finds out was a mafia Don. Monica Bellucci and Sophia Nomvete also star.",https://www.rottentomatoes.com/m/mafia_mamma,"Released Apr 14, 2023",21.0,67.0,4,Medium
sweetwater,2023,"Everett Osborne, Cary Elwes, Jeremy Piven, Richard Dreyfuss, Kevin Pollak","['Independent', 'Sports', 'Biography']","Sweetwater is an upcoming American sports biographical independent film directed and written by Martin Guigui. It stars Everett Osborne, Cary Elwes, Jeremy Piven, Richard Dreyfuss and Kevin Pollak. Osborne portrays Nat Clifton as the film depicts the true story of his career in the 1950s, starting with the Harlem Globetrotters before becoming the second African-American to sign a contract with the National Basketball Association (NBA).",https://www.rottentomatoes.com/m/sweetwater,"Released Apr 14, 2023",25.0,95.0,5,Medium
evildeadrise,2023,"Lily Sullivan, Alyssa Sutherland, Morgan Davies, Gabrielle Echols, Nell Fisher","['Horror', 'Supernatural']","Evil Dead Rise is a 2023 American supernatural horror film written and directed by Lee Cronin. It is the fifth installment of the Evil Dead film series. The film stars Lily Sullivan and Alyssa Sutherland as two estranged sisters trying to survive and save their family from demonic creatures. Morgan Davies, Gabrielle Echols, and Nell Fisher appear in supporting roles.",https://www.rottentomatoes.com/m/evil_dead_rise,"Released Apr 21, 2023",84.0,76.0,5,Medium
thecovenant,2023,"Jake Gyllenhaal, Dar Salim, Antony Starr, Alexander Ludwig, Bobby Schofield, Emily Beecham, Jonny Lee Miller","['Action', 'Thriller']","Guy Ritchie's The Covenant is an upcoming action thriller film co-written, co-produced and directed by Guy Ritchie. The film stars Jake Gyllenhaal and Dar Salim, and is scheduled to be released theatrically in the United States on April 21, 2023, by Metro-Goldwyn-Mayer.",https://www.rottentomatoes.com/m/the_covenant,1985,,,7,Medium
thecovenant,2023,"Jake Gyllenhaal, Dar Salim, Antony Starr, Alexander Ludwig, Bobby Schofield, Emily Beecham, Jonny Lee Miller","['Action', 'Thriller']","Guy Ritchie's The Covenant is an upcoming action thriller film co-written, co-produced and directed by Guy Ritchie. The film stars Jake Gyllenhaal and Dar Salim, and is scheduled to be released theatrically in the United States on April 21, 2023, by Metro-Goldwyn-Mayer.",https://www.rottentomatoes.com/m/covenant,"Released Sep 8, 2006",4.0,62.0,7,Medium
ghosted,2023,"Chris Evans, Ana de Armas, Adrien Brody, Mike Moh, Amy Sedaris, Tim Blake Nelson, Tate Donovan","['Action', 'Adventure', 'Comedy', 'Romance']","Ghosted is an upcoming American romantic comedy action-adventure film directed by Dexter Fletcher and written by Rhett Reese, Paul Wernick, Chris McKenna, and Erik Sommers, from a story by Reese and Wernick. The film stars Chris Evans and Ana de Armas. Produced by Apple Studios and Skydance Media, it is set to be released by Apple TV+ on April 21, 2023.",https://www.rottentomatoes.com/m/ghosted,2011,36.0,50.0,7,Medium
beauisafraid,2023,"Joaquin Phoenix, Nathan Lane, Amy Ryan, Stephen McKinley Henderson, Zoe Lister-Jones, Armen Nahapetian, Parker Posey, Patti LuPone","['Comedy', 'Horror']","Beau Is Afraid is a 2023 American surrealist black comedy horror film written, directed, and co-produced by Ari Aster. The film stars Joaquin Phoenix as the titular Beau Wassermann, a mild-mannered but paranoia-ridden man who embarks on a surreal odyssey to his hometown for his mother's funeral, confronting his greatest fears along the way. The film also includes a supporting ensemble cast that includes Patti LuPone, Nathan Lane, Amy Ryan, Kylie Rogers, Parker Posey, Stephen McKinley Henderson, Hayley Squires, Michael Gandolfini, Zoe Lister-Jones, and Richard Kind.",https://www.rottentomatoes.com/m/beau_is_afraid,"Released Apr 21, 2023",68.0,71.0,8,Medium
chevalier,2023,"Kelvin Harrison Jr., Samara Weaving, Lucy Boynton, Marton Csokas, Alex Fitzalan, Minnie Driver","['Drama', 'Biography']","Chevalier is a 2022 American biographical drama film directed by Stephen Williams and written by Stefani Robinson. It is based on the life of the titular French-Caribbean musician Joseph Bologne, Chevalier de Saint-Georges, played by Kelvin Harrison Jr. The film also stars Samara Weaving, Lucy Boynton, Marton Csokas, Alex Fitzalan, and Minnie Driver.",https://www.rottentomatoes.com/m/chevalier,"Released May 27, 2016",83.0,52.0,6,Medium
somewhereinqueens,2023,"Ray Romano, Laurie Metcalf, Jacob Ward, Sadie Stanley, Jennifer Esposito, Dierdre Friel, Jon Manfrellotti, Sebastian Maniscalco, Tony Lo Bianco",['Comedy'],"Somewhere in Queens is a 2022 American comedy film directed by Ray Romano from a screenplay by Romano and Mark Stegemann. The film stars Romano and Laurie Metcalf. It premiered at the Tribeca Film Festival on June 10, 2022. It is scheduled to be released in the United States on April 21, 2023, by Roadside Attractions and Lionsgate.",https://www.rottentomatoes.com/m/somewhere_in_queens,"Released Apr 21, 2023",90.0,92.0,9,Medium
atouristsguidetolove,2023,"Rachael Leigh Cook, Scott Ly, Missi Pyle, Ben Feldman, Nondumiso Tembe, Andrew Barth Feldman","['Comedy', 'Romance']","A Tourist's Guide to Love is an upcoming romantic comedy film directed by Steven K. Tsuchida and written by Eirene Donohue. It stars Rachael Leigh Cook, Scott Ly, Missi Pyle, Ben Feldman, Nondumiso Tembe and Andrew Barth Feldman.",https://www.rottentomatoes.com/m/a_tourists_guide_to_love,2023,68.0,66.0,6,Medium
peterpanwendy,2023,"Jude Law, Alexander Molony, Ever Anderson, Yara Shahidi, Alyssa Wapanatâhk, Joshua Pickering, Jacobi Jupe, Molly Parker, Alan Tudyk, Jim Gaffigan","['Adventure', 'Fantasy']","Peter Pan & Wendy is an upcoming American fantasy adventure film directed by David Lowery from a screenplay he co-wrote with Toby Halbrooks. Jim Whitaker served as producer on the Walt Disney Pictures production, which is a live-action adaptation of Walt Disney's 1953 animated film Peter Pan, in turn based on the 1904 play Peter Pan; or, the Boy Who Wouldn't Grow Up by J. M. Barrie. The film stars Alexander Molony and Ever Anderson in the title roles. Jude Law, Yara Shahidi, Alyssa Wapanatâhk, Joshua Pickering, Jacobi Jupe, Molly Parker, Alan Tudyk, and Jim Gaffigan also appear in supporting roles.",https://www.rottentomatoes.com/m/peter_pan_and_wendy,2023,65.0,11.0,10,Medium
areyoutheregoditsmemargaret,2023,"Rachel McAdams, Abby Ryder Fortson, Elle Graham, Benny Safdie, Kathy Bates","['Comedy', 'Drama']","Are You There God? It's Me, Margaret. is an upcoming American coming-of-age comedy drama film written for the screen and directed by Kelly Fremon Craig, based on the 1970 novel of the same name by Judy Blume. It stars Abby Ryder Fortson as the title character of Margaret Simon, Rachel McAdams as her mother Barbara, and Kathy Bates as her grandmother Sylvia.",https://www.rottentomatoes.com/m/are_you_there_god_its_me_margaret,"Released Apr 28, 2023",99.0,95.0,5,Medium
sisu,2023,"Jorma Tommila, Aksel Hennie, Jack Doolan, Mimosa Willamo","['Action', 'Historical']","Sisu is a 2022 historical action film written and directed by Jalmari Helander. Set in Finnish Lapland during World War II, the film follows a gold prospector who attempts to secure his gold from a Nazi death squad led by a brutal Schutzstaffel officer. Shot in 2021 in Lapland with a budget of about six million euros, the film stars Jorma Tommila, Aksel Hennie, Jack Doolan and Mimosa Willamo.",https://www.rottentomatoes.com/m/sisu,"Released Apr 28, 2023",94.0,88.0,4,Medium
guardiansofthegalaxyvol3,2023,"Chris Pratt, Zoe Saldaña, Dave Bautista, Karen Gillan, Pom Klementieff, Vin Diesel, Bradley Cooper, Sean Gunn, Chukwudi Iwuji, Will Poulter, Elizabeth Debicki, Maria Bakalova, Sylvester Stallone",['Superhero'],"Guardians of the Galaxy Vol. 3 is an upcoming American superhero film based on the Marvel Comics superhero team Guardians of the Galaxy, produced by Marvel Studios, and distributed by Walt Disney Studios Motion Pictures. It is intended to be the sequel to Guardians of the Galaxy (2014) and Guardians of the Galaxy Vol. 2 (2017), and the 32nd film in the Marvel Cinematic Universe (MCU). The film is written and directed by James Gunn and stars an ensemble cast featuring Chris Pratt, Zoe Saldaña, Dave Bautista, Karen Gillan, Pom Klementieff, Vin Diesel, Bradley Cooper, Sean Gunn, Chukwudi Iwuji, Will Poulter, Elizabeth Debicki, Maria Bakalova, and Sylvester Stallone. In the film, the Guardians embark on a mission to protect Rocket (Cooper).",https://www.rottentomatoes.com/m/guardians_of_the_galaxy_vol_3,"Released May 5, 2023",82.0,94.0,13,Medium
guardiansofthegalaxyvol3,2023,"Chris Pratt, Zoe Saldaña, Dave Bautista, Karen Gillan, Pom Klementieff, Vin Diesel, Bradley Cooper, Sean Gunn, Chukwudi Iwuji, Will Poulter, Elizabeth Debicki, Maria Bakalova, Sylvester Stallone",['Superhero'],"Guardians of the Galaxy Vol. 3 is an upcoming American superhero film based on the Marvel Comics superhero team Guardians of the Galaxy, produced by Marvel Studios, and distributed by Walt Disney Studios Motion Pictures. It is intended to be the sequel to Guardians of the Galaxy (2014) and Guardians of the Galaxy Vol. 2 (2017), and the 32nd film in the Marvel Cinematic Universe (MCU). The film is written and directed by James Gunn and stars an ensemble cast featuring Chris Pratt, Zoe Saldaña, Dave Bautista, Karen Gillan, Pom Klementieff, Vin Diesel, Bradley Cooper, Sean Gunn, Chukwudi Iwuji, Will Poulter, Elizabeth Debicki, Maria Bakalova, and Sylvester Stallone. In the film, the Guardians embark on a mission to protect Rocket (Cooper).",https://www.rottentomatoes.com/m/guardians_of_the_galaxy_vol_3,"Released May 5, 2023",82.0,94.0,13,Medium
bookclubthenextchapter,2023,"Diane Keaton, Jane Fonda, Candice Bergen, Mary Steenburgen, Craig T. Nelson, Giancarlo Giannini, Andy García, Don Johnson","['Comedy', 'Romance']","Book Club: The Next Chapter is an upcoming American romantic comedy film, written and directed by Bill Holderman, and starring Diane Keaton, Jane Fonda, Candice Bergen and Mary Steenburgen. The film is a sequel to 2018 film Book Club.",https://www.rottentomatoes.com/m/book_club_the_next_chapter,"Released May 12, 2023",46.0,84.0,8,Medium
loveagain,2023,"Priyanka Chopra, Sam Heughan, Russell Tovey, Omid Djalili, Celia Imrie, Celine Dion","['Comedy', 'Drama', 'Romance']","Love Again is an upcoming American romantic comedy-drama film written and directed by James C. Strouse. It is an English-language remake of the 2016 German film SMS für Dich, itself based on a novel by Sofie Cramer. The film stars Priyanka Chopra Jonas, Sam Heughan, and Celine Dion portraying a fictionalized version of herself in her first film role.",https://www.rottentomatoes.com/m/love_again,2015,,12.0,6,Medium
knightsofthezodiac,2023,"Mackenyu, Famke Janssen, Madison Iseman, Diego Tinoco, Mark Dacascos, Nick Stahl, Sean Bean","['Action', 'Fantasy']","Knights of the Zodiac  is a 2023 action fantasy film directed by Tomasz Bagiński from a screenplay by Josh Campbell, Matt Stuecken, and Kiel Murray, based on the manga Saint Seiya by Masami Kurumada. The film stars Mackenyu, Famke Janssen, Madison Iseman, Diego Tinoco, Mark Dacascos, Nick Stahl, and Sean Bean.",https://www.rottentomatoes.com/m/knights_of_the_zodiac,"Released May 12, 2023",21.0,60.0,7,Medium
monica,2023,"Trace Lysette, Patricia Clarkson, Emily Browning, Joshua Close, Adriana Barraza",['Drama'],"Monica is a 2022 drama film directed by Andrea Pallaoro, from a screenplay by Pallaoro and Orlando Tirado. It stars Trace Lysette, Patricia Clarkson, Emily Browning, and Adriana Barraza.",https://www.rottentomatoes.com/m/monica,2011,,,5,Medium
fastx,2023,"Vin Diesel, Michelle Rodriguez, Tyrese Gibson, Chris ""Ludacris"" Bridges, Jason Momoa, Nathalie Emmanuel, Jordana Brewster, John Cena, Jason Statham, Sung Kang, Alan Ritchson, Daniela Melchior, Scott Eastwood, Helen Mirren, Charlize Theron, Brie Larson, Rita Moreno",['Action'],"Fast X is an upcoming American action film directed by Louis Leterrier from a screenplay by Justin Lin, Zach Dean, and Dan Mazeau. It is the sequel to F9 (2021), serving as the tenth and penultimate main installment, and the eleventh full-length film in the Fast & Furious franchise. The film stars an ensemble cast including Vin Diesel, Michelle Rodriguez, Tyrese Gibson, Chris ""Ludacris"" Bridges, Jason Momoa, Nathalie Emmanuel, Jordana Brewster, John Cena, Jason Statham, Sung Kang, Alan Ritchson, Daniela Melchior, Scott Eastwood, Helen Mirren, Charlize Theron, Brie Larson, and Rita Moreno.",https://www.rottentomatoes.com/m/fast_x,"Released May 19, 2023",56.0,84.0,17,Medium
whitemencantjump,2023,"Sinqua Walls, Jack Harlow, Teyana Taylor, Laura Harrier, Vince Staples, Andrew Schulz, Lance Reddick","['Comedy', 'Sports']","White Men Can't Jump is an upcoming American sports comedy film directed by Charles ""Calmatic"" Kidd II and written by Kenya Barris and Doug Hall. It is a remake of the 1992 film of the same name. It stars Sinqua Walls and Jack Harlow in the lead roles, while Lance Reddick, Teyana Taylor, and Laura Harrier also in the supporting roles.",https://www.rottentomatoes.com/m/white_men_cant_jump,"Released Mar 27, 1992",75.0,69.0,7,Medium
whitemencantjump,2023,"Sinqua Walls, Jack Harlow, Teyana Taylor, Laura Harrier, Vince Staples, Andrew Schulz, Lance Reddick","['Comedy', 'Sports']","White Men Can't Jump is an upcoming American sports comedy film directed by Charles ""Calmatic"" Kidd II and written by Kenya Barris and Doug Hall. It is a remake of the 1992 film of the same name. It stars Sinqua Walls and Jack Harlow in the lead roles, while Lance Reddick, Teyana Taylor, and Laura Harrier also in the supporting roles.",https://www.rottentomatoes.com/m/white_men_cant_jump,"Released Mar 27, 1992",75.0,69.0,7,Medium
mastergardener,2023,"Joel Edgerton, Sigourney Weaver, Quintessa Swindell, Esai Morales","['Crime', 'Independent', 'Thriller']","Master Gardener is a 2022 American independent crime thriller film written and directed by Paul Schrader and starring Joel Edgerton, Sigourney Weaver, and Quintessa Swindell. The film had its world premiere at the 79th Venice International Film Festival on September 3, 2022.",https://www.rottentomatoes.com/m/master_gardener,"Released May 19, 2023",71.0,55.0,4,Medium
thelittlemermaid,2023,"Halle Bailey, Jonah Hauer-King, Daveed Diggs, Awkwafina, Jacob Tremblay, Noma Dumezweni, Javier Bardem, Melissa McCarthy","['Fantasy', 'Musical']","The Little Mermaid is an upcoming American musical fantasy film directed by Rob Marshall from a screenplay written by David Magee. It is a live-action adaptation of Disney's 1989 animated film of the same name, which itself is loosely based on the 1837 fairy tale of the same title by Hans Christian Andersen. The film stars Halle Bailey in the titular role, Jonah Hauer-King, Daveed Diggs, Awkwafina, Jacob Tremblay, Noma Dumezweni, Javier Bardem, and Melissa McCarthy.",https://www.rottentomatoes.com/m/the_little_mermaid,1992,,54.0,8,Medium
thelittlemermaid,2023,"Halle Bailey, Jonah Hauer-King, Daveed Diggs, Awkwafina, Jacob Tremblay, Noma Dumezweni, Javier Bardem, Melissa McCarthy","['Fantasy', 'Musical']","The Little Mermaid is an upcoming American musical fantasy film directed by Rob Marshall from a screenplay written by David Magee. It is a live-action adaptation of Disney's 1989 animated film of the same name, which itself is loosely based on the 1837 fairy tale of the same title by Hans Christian Andersen. The film stars Halle Bailey in the titular role, Jonah Hauer-King, Daveed Diggs, Awkwafina, Jacob Tremblay, Noma Dumezweni, Javier Bardem, and Melissa McCarthy.",https://www.rottentomatoes.com/m/the_little_mermaid,1992,,54.0,8,Medium
thelittlemermaid,2023,"Halle Bailey, Jonah Hauer-King, Daveed Diggs, Awkwafina, Jacob Tremblay, Noma Dumezweni, Javier Bardem, Melissa McCarthy","['Fantasy', 'Musical']","The Little Mermaid is an upcoming American musical fantasy film directed by Rob Marshall from a screenplay written by David Magee. It is a live-action adaptation of Disney's 1989 animated film of the same name, which itself is loosely based on the 1837 fairy tale of the same title by Hans Christian Andersen. The film stars Halle Bailey in the titular role, Jonah Hauer-King, Daveed Diggs, Awkwafina, Jacob Tremblay, Noma Dumezweni, Javier Bardem, and Melissa McCarthy.",https://www.rottentomatoes.com/m/the_little_mermaid,1992,,54.0,8,Medium
thelittlemermaid,2023,"Halle Bailey, Jonah Hauer-King, Daveed Diggs, Awkwafina, Jacob Tremblay, Noma Dumezweni, Javier Bardem, Melissa McCarthy","['Fantasy', 'Musical']","The Little Mermaid is an upcoming American musical fantasy film directed by Rob Marshall from a screenplay written by David Magee. It is a live-action adaptation of Disney's 1989 animated film of the same name, which itself is loosely based on the 1837 fairy tale of the same title by Hans Christian Andersen. The film stars Halle Bailey in the titular role, Jonah Hauer-King, Daveed Diggs, Awkwafina, Jacob Tremblay, Noma Dumezweni, Javier Bardem, and Melissa McCarthy.",https://www.rottentomatoes.com/m/the_little_mermaid,1992,,54.0,8,Medium
aboutmyfather,2023,"Sebastian Maniscalco, Robert De Niro, Leslie Bibb, Anders Holm, David Rasche, Kim Cattrall",['Comedy'],"About My Father is an upcoming American comedy film directed by Laura Terruso from a screenplay by Sebastian Maniscalco and Austen Earl. The film stars Maniscalco and is loosely based on his life and his relationship with his father, played by Robert De Niro. Leslie Bibb, Anders Holm, David Rasche, and Kim Cattrall co-star in supporting roles.",https://www.rottentomatoes.com/m/about_my_father,2010,,,6,Medium
themachine,2023,"Bert Kreischer, Mark Hamill, Jimmy Tatro, Iva Babić, Stephanie Kurtzuba","['Action', 'Comedy']","The Machine is an upcoming American action comedy film directed by Peter Atencio inspired by the 2016 stand-up routine of the same name created by Bert Kreischer, who also stars as a fictionalized version of himself. The film also stars Mark Hamill, Jess Gabor, Jimmy Tatro, Stephanie Kurtzuba and Mercedes De La Cruz.",https://www.rottentomatoes.com/m/the_machine,1994,,,5,Medium
youhurtmyfeelings,2023,"Julia Louis-Dreyfus, Tobias Menzies, Michaela Watkins, Arian Moayed, Owen Teague, Amber Tamblyn, David Cross, Jeannie Berlin","['Comedy', 'Drama']","You Hurt My Feelings is a 2023 American comedy-drama film written, directed and produced by Nicole Holofcener. It stars Julia Louis-Dreyfus, Tobias Menzies, Michaela Watkins, Arian Moayed and Jeannie Berlin.",https://www.rottentomatoes.com/m/you_hurt_my_feelings,2011,,100.0,8,Medium
theboogeyman,2023,"Sophie Thatcher, Chris Messina, Vivien Lyra Blair, Marin Ireland, Madison Hu, LisaGay Hamilton, David Dastmalchian","['Horror', 'Supernatural']","The Boogeyman is an upcoming American supernatural horror film directed by Rob Savage from a screenplay by Scott Beck, Bryan Woods and Mark Heyman, based on the 1973 short story of the same name by Stephen King. The film stars Madison Hu, Vivien Lyra Blair, Sophie Thatcher, David Dastmalchian, Chris Messina, and Jaynie Verdin.",https://www.rottentomatoes.com/m/the_boogeyman,"Released Jun 2, 2023",61.0,66.0,7,Medium
theboogeyman,2023,"Sophie Thatcher, Chris Messina, Vivien Lyra Blair, Marin Ireland, Madison Hu, LisaGay Hamilton, David Dastmalchian","['Horror', 'Supernatural']","The Boogeyman is an upcoming American supernatural horror film directed by Rob Savage from a screenplay by Scott Beck, Bryan Woods and Mark Heyman, based on the 1973 short story of the same name by Stephen King. The film stars Madison Hu, Vivien Lyra Blair, Sophie Thatcher, David Dastmalchian, Chris Messina, and Jaynie Verdin.",https://www.rottentomatoes.com/m/the_boogeyman,"Released Jun 2, 2023",61.0,66.0,7,Medium
pastlives,2023,"Greta Lee, Teo Yoo, John Magaro","['Drama', 'Romance']","Past Lives is a 2023 American romantic drama film written and directed by Celine Song in her feature directorial debut. The film stars Greta Lee, Teo Yoo and John Magaro, and follows a reunion between two childhood friends as they contemplate their relationship and their own lives.",https://www.rottentomatoes.com/m/past_lives,"Released Jun 30, 2023",95.0,84.0,3,Small
transformersriseofthebeasts,2023,"Anthony Ramos, Dominique Fishback, Peter Cullen, Ron Perlman, Pete Davidson, Liza Koshy, Peter Dinklage, Michelle Yeoh","['Action', 'Science Fiction']","Transformers: Rise of the Beasts is an upcoming American science fiction action film based on Hasbro's Transformers toy line and primarily influenced by the Beast Wars storyline. The film is the seventh installment in the Transformers film series and a standalone sequel to Bumblebee (2018). The film is directed by Steven Caple Jr. from a screenplay by Joby Harold, Darnell Metayer, Josh Peters, Erich Hoeber, and Jon Hoeber. It will star Anthony Ramos, Dominique Fishback, Luna Lauren Vélez and Tobe Nwigwe in his film debut, as well the voice talents of Ron Perlman, Peter Dinklage, Michelle Yeoh, Pete Davidson, Liza Koshy, Cristo Fernández, Michaela Jaé Rodriguez, Tongayi Chirisa, and previous voice actors, Peter Cullen, John DiMaggio and David Sobolov.",https://www.rottentomatoes.com/m/transformers_rise_of_the_beasts,"Released Jun 9, 2023",52.0,91.0,8,Medium
strays,2023,"Will Ferrell, Jamie Foxx, Will Forte, Isla Fisher, Randall Park, Josh Gad, Harvey Guillén, Rob Riggle, Brett Gelman, Jamie Demetriou, Sofia Vergara",['Comedy'],"Strays is an upcoming American comedy film directed and produced by Josh Greenbaum. The film stars Will Ferrell, Jamie Foxx, Will Forte, Isla Fisher, Randall Park, Josh Gad, Harvey Guillén, Rob Riggle, Brett Gelman, Jamie Demetriou, and Sofia Vergara.",https://www.rottentomatoes.com/m/strays,1997,40.0,44.0,11,Medium
theflash,2023,"Ezra Miller, Sasha Calle, Michael Shannon, Ron Livingston, Maribel Verdú, Kiersey Clemons, Antje Traue, Michael Keaton, Ben Affleck",['Superhero'],"The Flash is an upcoming American superhero film based on the DC Comics character of the same name. Produced by DC Studios, Double Dream, and the Disco Factory, and set for distribution by Warner Bros. Pictures, it is intended to be the 13th installment in the DC Extended Universe (DCEU). The film is directed by Andy Muschietti from a screenplay by Christina Hodson and stars Ezra Miller as Barry Allen / The Flash alongside Sasha Calle, Michael Shannon, Ron Livingston, Maribel Verdú, Kiersey Clemons, Antje Traue, and Michael Keaton. In the film, Barry travels back in time to prevent his mother's murder, which brings unintended consequences.",https://www.rottentomatoes.com/m/the_flash,1923,,,9,Medium
elemental,2023,"Leah Lewis, Mamoudou Athie, Ronnie del Carmen, Shila Omni, Wendi McLendon-Covey, Mason Wertheimer, Catherine O'Hara, Joe Pera, Matt Yang King","['Animated', 'Comedy', 'Drama', 'Romance']","Elemental is an upcoming American computer-animated romantic comedy-drama film produced by Walt Disney Pictures and Pixar Animation Studios and distributed by Walt Disney Studios Motion Pictures. Directed by Peter Sohn and produced by Denise Ream, it is written by John Hoberg, Kat Likkel, Brenda Hsueh, and Sohn. The overall twenty-seventh feature film produced by the studio, the film stars the voices of Leah Lewis, Mamoudou Athie, Ronnie del Carmen, Shila Ommi, Wendi McLendon-Covey, Catherine O'Hara, Mason Wertheimer, Joe Pera, and Matt Yang King. Set in a world inhabited by anthropomorphic elements of nature, the story depicts the bond between a fire element Ember Lumen (Lewis) and a water element Wade Ripple (Athie), who cannot touch each other but discover how much they have in common.",https://www.rottentomatoes.com/m/elemental,2012,100.0,60.0,9,Medium
asteroidcity,2023,"Jason Schwartzman, Scarlett Johansson, Tom Hanks, Jeffrey Wright, Tilda Swinton, Bryan Cranston, Edward Norton, Adrien Brody, Liev Schreiber, Hope Davis, Stephen Park, Rupert Friend, Maya Hawke, Steve Carell, Matt Dillon, Hong Chau, Willem Dafoe, Margot Robbie, Tony Revolori, Jake Ryan, Jeff Goldblum","['Comedy', 'Drama', 'Science Fiction', 'Romance']","Asteroid City is an upcoming American science fiction romantic comedy drama film written, directed and co-produced by Wes Anderson, based on a story by Anderson and Roman Coppola. The film follows the transformative events that occur at an annual Junior Stargazer convention in 1955. It features a large ensemble cast that includes Jason Schwartzman, Scarlett Johansson, Tom Hanks, Jeffrey Wright, Tilda Swinton, Bryan Cranston, Edward Norton, Adrien Brody, Liev Schreiber, Hope Davis, Steve Park, Rupert Friend, Maya Hawke, Steve Carell, Matt Dillon, Hong Chau, Willem Dafoe, Margot Robbie, Tony Revolori, Jake Ryan, and Jeff Goldblum.",https://www.rottentomatoes.com/m/asteroid_city,"Released Jun 23, 2023",76.0,62.0,21,Medium
theblackening,2023,"Grace Byers, Jermaine Fowler, Melvin Gregg, X Mayo, Dewayne Perkins, Antoinette Robertson, Sinqua Walls, Jay Pharoah, Yvonne Orji","['Comedy', 'Horror']","The Blackening is a 2022 American comedy horror film directed by Tim Story and co-written by Tracy Oliver and Dewayne Perkins, who also stars. Expanded from a 2018 short film by the improv comedy troupe 3Peat, the film follows an all-Black group of friends who encounter a killer while staying at a cabin in the woods.",https://www.rottentomatoes.com/m/the_blackening,"Released Jun 16, 2023",87.0,85.0,9,Medium
indianajonesandthedialofdestiny,2023,"Harrison Ford, Phoebe Waller-Bridge, Antonio Banderas, John Rhys-Davies, Shaunette Renée Wilson, Thomas Kretschmann, Toby Jones, Boyd Holbrook, Ethann Isidore, Mads Mikkelsen","['Action', 'Adventure']","Indiana Jones and the Dial of Destiny is an upcoming American action adventure film directed by James Mangold, who co-wrote it with Jez Butterworth, John-Henry Butterworth, and David Koepp. Produced by Lucasfilm and Walt Disney Pictures, and distributed by Walt Disney Studios Motion Pictures, the film is a sequel to Indiana Jones and the Kingdom of the Crystal Skull (2008) and will serve as the fifth and final installment in the Indiana Jones film series. The film stars Harrison Ford in his final portrayal of archaeologist Indiana Jones. John Rhys-Davies reprises his role as Sallah from earlier films, along with new cast members including Phoebe Waller-Bridge, Antonio Banderas, Shaunette Renée Wilson, Thomas Kretschmann, Toby Jones, Boyd Holbrook, Ethann Isidore, and Mads Mikkelsen.",https://www.rottentomatoes.com/m/indiana_jones_and_the_dial_of_destiny,"Released Jun 30, 2023",70.0,88.0,10,Medium
rubygillmanteenagekraken,2023,"Lana Condor, Toni Collette, Annie Murphy, Sam Richardson, Liza Koshy, Will Forte, Colman Domingo, Jaboukie Young-White, Nicole Byer, Jane Fonda","['Action', 'Animated', 'Comedy', 'Fantasy']","Ruby Gillman, Teenage Kraken is an upcoming American computer-animated coming-of-age fantasy action-comedy film produced by DreamWorks Animation and distributed by Universal Pictures. It is directed by Kirk DeMicco and co-directed by Faryn Pearl, from a screenplay written by DeMicco and Pam Brady, and a story by Brady, Brian C. Brown, and Elliott DiGuiseppi. The film features an ensemble voice cast including Lana Condor, Toni Collette, Annie Murphy, Sam Richardson, Liza Koshy, Will Forte, Colman Domingo, Jaboukie Young-White, Blue Chapman, Eduardo Franco, Ramona Young, Echo Kellum, Nicole Byer, and Jane Fonda. In the film, sixteen-year-old Ruby Gillman (Condor) is desperate to fit in at Oceanside High, but when she breaks her mother's (Collette) rule about going on the beach with any would-be friends, Ruby discovers that she is a direct descendant of the warrior Kraken queens and is destined to inherit the throne from her commanding grandmother, the Warrior Queen of the Seven Seas (Fonda).",https://www.rottentomatoes.com/m/ruby_gillman_teenage_kraken,"Released Jun 30, 2023",65.0,81.0,10,Medium
joyride,2023,"Ashley Park, Sherry Cola, Stephanie Hsu, Sabrina Wu",['Comedy'],"Joy Ride is a 2023 American comedy film directed by Adele Lim, in her feature directorial debut, and written by Cherry Chevapravatdumrong and Teresa Hsiao, from a story by Lim, Chevapravatdumrong and Hsiao. The film stars Ashley Park, Sherry Cola, Stephanie Hsu, and Sabrina Wu.",https://www.rottentomatoes.com/m/joyride,1995,,,4,Medium
joyride,2023,"Ashley Park, Sherry Cola, Stephanie Hsu, Sabrina Wu",['Comedy'],"Joy Ride is a 2023 American comedy film directed by Adele Lim, in her feature directorial debut, and written by Cherry Chevapravatdumrong and Teresa Hsiao, from a story by Lim, Chevapravatdumrong and Hsiao. The film stars Ashley Park, Sherry Cola, Stephanie Hsu, and Sabrina Wu.",https://www.rottentomatoes.com/m/joy_ride,"Released Oct 5, 2001",74.0,66.0,4,Medium
joyride,2023,"Ashley Park, Sherry Cola, Stephanie Hsu, Sabrina Wu",['Comedy'],"Joy Ride is a 2023 American comedy film directed by Adele Lim, in her feature directorial debut, and written by Cherry Chevapravatdumrong and Teresa Hsiao, from a story by Lim, Chevapravatdumrong and Hsiao. The film stars Ashley Park, Sherry Cola, Stephanie Hsu, and Sabrina Wu.",https://www.rottentomatoes.com/m/joy_ride,"Released Oct 5, 2001",74.0,66.0,4,Medium
missionimpossibledeadreckoningpartone,2023,"Tom Cruise, Simon Pegg, Ving Rhames, Rebecca Ferguson, Vanessa Kirby, Esai Morales, Hayley Atwell, Pom Klementieff, Shea Whigham, Henry Czerny, Cary Elwes","['Action', 'Spy']","Mission: Impossible – Dead Reckoning Part One is an upcoming American action spy film written, produced, and directed by Christopher McQuarrie. It is the sequel to Mission: Impossible – Fallout (2018) and is the seventh installment in the Mission: Impossible film series. The film stars Tom Cruise, Ving Rhames, Simon Pegg, Rebecca Ferguson, Vanessa Kirby, Hayley Atwell, Shea Whigham, Pom Klementieff, Esai Morales, Rob Delaney, Henry Czerny, and Cary Elwes.",https://www.rottentomatoes.com/m/mission_impossible_dead_reckoning_part_one,"Released Jul 12, 2023",96.0,94.0,11,Medium
barbie,2023,"Margot Robbie, Ryan Gosling, America Ferrera, Kate McKinnon, Issa Rae, Rhea Perlman, Hari Nef, Alexandra Shipp, Emma Mackey, Connor Swindells, Michael Cera, Sharon Rooney, John Cena, Kingsley Ben-Adir, Simu Liu, Ariana Greenblatt, Scott Evans, Jamie Demetriou, Dua Lipa, Ncuti Gatwa, Nicola Coughlan, Emerald Fennell, Ana Cruz Kayne, Will Ferrell, Helen Mirren",['Comedy'],"Barbie is an upcoming comedy film directed by Greta Gerwig, who co-wrote it with Noah Baumbach. Based on the Barbie fashion dolls by Mattel, the film is the first live-action Barbie film after several computer-animated direct-to-video and streaming television films. The film stars Margot Robbie and Ryan Gosling as Barbie and Ken, respectively, alongside a large ensemble supporting cast.",https://www.rottentomatoes.com/m/barbie,"Released Jul 21, 2023",88.0,83.0,25,Medium
barbie,2023,"Margot Robbie, Ryan Gosling, America Ferrera, Kate McKinnon, Issa Rae, Rhea Perlman, Hari Nef, Alexandra Shipp, Emma Mackey, Connor Swindells, Michael Cera, Sharon Rooney, John Cena, Kingsley Ben-Adir, Simu Liu, Ariana Greenblatt, Scott Evans, Jamie Demetriou, Dua Lipa, Ncuti Gatwa, Nicola Coughlan, Emerald Fennell, Ana Cruz Kayne, Will Ferrell, Helen Mirren",['Comedy'],"Barbie is an upcoming comedy film directed by Greta Gerwig, who co-wrote it with Noah Baumbach. Based on the Barbie fashion dolls by Mattel, the film is the first live-action Barbie film after several computer-animated direct-to-video and streaming television films. The film stars Margot Robbie and Ryan Gosling as Barbie and Ken, respectively, alongside a large ensemble supporting cast.",https://www.rottentomatoes.com/m/barbie,"Released Jul 21, 2023",88.0,83.0,25,Medium
teenagemutantninjaturtlesmutantmayhem,2023,"Nicolas Cantu, Micah Abbey, Shamon Brown Jr., Brady Noon, Jackie Chan, Ayo Edebiri, Ice Cube, Seth Rogen, John Cena, Hannibal Buress, Rose Byrne, Post Malone, Paul Rudd, Maya Rudolph, Natasia Demetriou, Giancarlo Esposito","['Animated', 'Superhero']","Teenage Mutant Ninja Turtles: Mutant Mayhem is an upcoming American computer-animated superhero film directed by Jeff Rowe and co-directed by Kyler Spears, from a screenplay written by Brendan O'Brien. Based on the characters created by Kevin Eastman and Peter Laird, it serves as a reboot of the Teenage Mutant Ninja Turtles film series. It is also the first theatrical animated feature based on the property since TMNT (2007). In the film, after years of being sheltered from the human world, four mutated turtle brothers—Leonardo, Michelangelo, Donatello, and Raphael —set out to be accepted as normal teenagers while taking on a mysterious crime syndicate and an army of mutants. The ensemble voice cast includes Jackie Chan, Ayo Edebiri, Ice Cube, Seth Rogen, John Cena, Paul Rudd, Natasia Demetriou, Rose Byrne, Post Malone, Hannibal Buress, Maya Rudolph, and Giancarlo Esposito.",https://www.rottentomatoes.com/m/teenage_mutant_ninja_turtles_mutant_mayhem,"Released Aug 2, 2023",95.0,90.0,16,Medium
bluebeetle,2023,"Xolo Maridueña, Adriana Barraza, Damián Alcázar, Elpidia Carrillo, Bruna Marquezine, Raoul Max Trujillo, Susan Sarandon, George Lopez",['Superhero'],"Blue Beetle is an upcoming American superhero film based on the DC Comics character Jaime Reyes / Blue Beetle, produced by DC Studios and the Safran Company, and directed by Angel Manuel Soto from a screenplay by Gareth Dunnet-Alcocer. It is intended to be the 14th film in the DC Extended Universe (DCEU). The film stars Xolo Maridueña as Jaime Reyes / Blue Beetle alongside Adriana Barraza, Damián Alcázar, Elpidia Carrillo, Bruna Marquezine, Raoul Max Trujillo, Susan Sarandon, and George Lopez.",https://www.rottentomatoes.com/m/blue_beetle,"Released Aug 18, 2023",77.0,91.0,8,Medium
thehill,2023,"Colin Ford, Dennis Quaid, Joelle Carter, Scott Glenn","['Drama', 'Sports', 'Biography']","The Hill is an upcoming American biographical sports drama film directed by Jeff Celentano and written by Angelo Pizzo and Scott Marshall Smith. It stars Dennis Quaid, Colin Ford, Joelle Carter, Randy Houser, Bonnie Bedelia and Scott Glenn.",https://www.rottentomatoes.com/m/the_hill,"Released Aug 25, 2023",44.0,97.0,4,Medium
ahauntinginvenice,2023,"Kyle Allen, Kenneth Branagh, Camille Cottin, Jamie Dornan, Tina Fey, Jude Hill, Kelly Reilly, Michelle Yeoh",['Mystery'],"A Haunting in Venice is an upcoming American mystery film directed by Kenneth Branagh, based on Hallowe'en Party by Agatha Christie. The film is a sequel to Murder on the Orient Express (2017) and Death on the Nile (2022). Branagh reprises his role as Hercule Poirot, alongside Kyle Allen, Camille Cottin, Jamie Dornan, Tina Fey, Jude Hill, Kelly Reilly, and Michelle Yeoh.",https://www.rottentomatoes.com/m/a_haunting_in_venice,"Released Sep 15, 2023",75.0,77.0,8,Medium
themarvels,2023,"Brie Larson, Teyonah Parris, Iman Vellani, Zawe Ashton, Samuel L. Jackson",['Superhero'],"The Marvels is an upcoming American superhero film based on Marvel Comics featuring the characters Carol Danvers / Captain Marvel, Kamala Khan / Ms. Marvel, and Monica Rambeau. Produced by Marvel Studios and distributed by Walt Disney Studios Motion Pictures, it is intended to be the sequel to the film Captain Marvel (2019), a continuation of the television series Ms. Marvel (2022), and the 33rd film in the Marvel Cinematic Universe (MCU). The film is directed by Nia DaCosta from a screenplay she co-wrote with Megan McDonnell, Elissa Karasik, and Zeb Wells. It stars Brie Larson as Carol Danvers, Iman Vellani as Kamala Khan, and Teyonah Parris as Monica Rambeau, alongside Samuel L. Jackson. In the film, Danvers, Khan, and Rambeau begin swapping places with each other every time they use their powers and must team-up.",https://www.rottentomatoes.com/m/the_marvels,"Released Nov 10, 2023",62.0,82.0,5,Medium
chickenrundawnofthenugget,2023,"Zachary Levi, Thandiwe Newton, Bella Ramsey, Romesh Ranganathan, David Bradley, Daniel Mays, Jane Horrocks, Imelda Staunton, Lynn Ferguson, Nick Mohammed","['Adventure', 'Animated', 'Comedy']","Chicken Run is a 2000 stop-motion animated adventure comedy film produced by Pathé and Aardman Animations in partnership with DreamWorks Animation. Aardman's first feature-length film, it was directed by Peter Lord and Nick Park from a screenplay by Karey Kirkpatrick and based on an original story by Lord and Park. The film stars the voices of Julia Sawalha, Mel Gibson, Tony Haygarth, Miranda Richardson, Phil Daniels, Lynn Ferguson, Timothy Spall, Imelda Staunton, and Benjamin Whitrow. The plot centres on a group of British anthropomorphic chickens who see an American rooster named Rocky Rhodes as their only hope to escape the farm when their owners want to turn them into meat pies.",https://www.rottentomatoes.com/m/chicken_run_dawn_of_the_nugget,"Released Dec 8, 2023",81.0,71.0,10,Medium
trollsbandtogether,2023,"Anna Kendrick, Justin Timberlake, Kenan Thompson, Kunal Nayyar, Camila Cabello, Troye Sivan, Kid Cudi, Andrew Rannells, Amy Schumer, Daveed Diggs, RuPaul, Zosia Mamet","['Animated', 'Comedy', 'Musical']","Trolls Band Together is an upcoming American computer-animated musical comedy film produced by DreamWorks Animation and distributed by Universal Pictures, based on the Good Luck Trolls dolls from Thomas Dam. It is directed by Walt Dohrn and co-directed by Tim Heitz, from a screenplay by Elizabeth Tippet and the writing team of Jonathan Aibel and Glenn Berger. The film serves as the sequel to Trolls World Tour (2020) and the third installment in the Trolls franchise. Anna Kendrick, Justin Timberlake, Zooey Deschanel, Christopher Mintz-Plasse, Icona Pop, Anderson .Paak, Ron Funches, Kenan Thompson, Kunal Nayyar, and Dohrn reprise their voice roles from its predecessors, with newcomers Eric André, Kid Cudi, Daveed Diggs, Troye Sivan, Camila Cabello, Amy Schumer, Andrew Rannells, RuPaul, and Zosia Mamet joining the ensemble voice cast. In the film, Poppy (Kendrick) and Branch (Timberlake), who are officially a couple, attempt to rescue Floyd (Sivan) while reuniting Branch's brothers after the boyband phenomenon, BroZone, was disbanded.",https://www.rottentomatoes.com/m/trolls_band_together,"Released Nov 17, 2023",63.0,92.0,12,Medium
aquamanandthelostkingdom,2023,"Jason Momoa, Amber Heard, Willem Dafoe, Patrick Wilson, Dolph Lundgren, Yahya Abdul-Mateen II, Temuera Morrison, Nicole Kidman",['Superhero'],"Aquaman and the Lost Kingdom is an upcoming American superhero film based on the DC Comics character Aquaman. Produced by DC Studios, the Safran Company, and Atomic Monster Productions, and set for distribution by Warner Bros. Pictures, it is intended to be the sequel to Aquaman (2018), and the 15th and final installment in the DC Extended Universe (DCEU). The film is directed by James Wan from a screenplay written by David Leslie Johnson-McGoldrick, and stars Jason Momoa as Arthur Curry / Aquaman alongside Amber Heard, Willem Dafoe, Patrick Wilson, Dolph Lundgren, Yahya Abdul-Mateen II, Temuera Morrison, and Nicole Kidman.",https://www.rottentomatoes.com/m/aquaman_and_the_lost_kingdom,"Released Dec 22, 2023",33.0,81.0,8,Medium
